,a,b,turns
0,4.893449783325195,4.893449783325195,20
1,4.269886016845703,4.269886016845703,3
2,4.5972394943237305,4.5972394943237305,13
3,4.657670021057129,4.657670021057129,20
4,4.509581089019775,4.509581089019775,3
5,4.5950236320495605,4.5950236320495605,6
6,4.8351287841796875,4.8351287841796875,19
7,4.6575703620910645,4.6575703620910645,13
8,4.2307610511779785,4.2307610511779785,3
9,4.8545451164245605,4.8545451164245605,20
10,4.826150417327881,4.826150417327881,20
11,4.425181865692139,4.425181865692139,5
12,4.858978748321533,4.858978748321533,12
13,4.326897621154785,4.326897621154785,7
14,4.364577770233154,4.364577770233154,3
15,4.595032215118408,4.595032215118408,5
16,4.646336555480957,4.646336555480957,16
17,4.658985614776611,4.658985614776611,20
18,4.77694034576416,4.77694034576416,14
19,4.300022602081299,4.300022602081299,4
20,4.567295074462891,4.567295074462891,20
21,4.5914716720581055,4.5914716720581055,20
22,4.729733467102051,4.729733467102051,16
23,4.328194618225098,4.328194618225098,3
24,4.804929256439209,4.804929256439209,20
25,4.453576564788818,4.453576564788818,4
26,4.694518566131592,4.694518566131592,17
27,4.5261735916137695,4.5261735916137695,10
28,4.333546161651611,4.333546161651611,3
29,4.6749677658081055,4.6749677658081055,20
30,4.8830366134643555,4.8830366134643555,20
31,4.739787578582764,4.739787578582764,20
32,4.825202941894531,4.825202941894531,20
33,4.30058479309082,4.30058479309082,10
34,4.565483093261719,4.565483093261719,20
35,4.7061448097229,4.7061448097229,15
36,4.51177978515625,4.51177978515625,3
37,4.6116862297058105,4.6116862297058105,13
38,4.703249454498291,4.703249454498291,20
39,4.181600093841553,4.181600093841553,20
40,4.75064754486084,4.75064754486084,18
41,4.372382640838623,4.372382640838623,6
42,4.552444934844971,4.552444934844971,14
43,4.370437145233154,4.370437145233154,4
44,4.369423866271973,4.369423866271973,18
45,4.398229122161865,4.398229122161865,3
46,4.261740207672119,4.261740207672119,20
47,4.6179656982421875,4.6179656982421875,19
48,4.9061126708984375,4.9061126708984375,20
49,4.862043857574463,4.862043857574463,20
50,4.723629474639893,4.723629474639893,19
51,4.565087795257568,4.565087795257568,9
52,4.512003421783447,4.512003421783447,8
53,4.602382183074951,4.602382183074951,20
54,4.356384754180908,4.356384754180908,4
55,4.3305792808532715,4.3305792808532715,16
56,4.821717739105225,4.821717739105225,20
57,4.309059143066406,4.309059143066406,8
58,4.903095245361328,4.903095245361328,19
59,4.595425605773926,4.595425605773926,18
60,4.320082187652588,4.320082187652588,4
61,4.1261305809021,4.1261305809021,3
62,4.57418966293335,4.57418966293335,20
63,4.844817161560059,4.844817161560059,16
64,4.701070308685303,4.701070308685303,13
65,4.472072601318359,4.472072601318359,4
66,4.726521968841553,4.726521968841553,20
67,4.2239670753479,4.2239670753479,10
68,4.617748737335205,4.617748737335205,20
69,4.368244171142578,4.368244171142578,3
70,4.564515590667725,4.564515590667725,15
71,4.451838970184326,4.451838970184326,7
72,4.47684907913208,4.47684907913208,20
73,4.615909099578857,4.615909099578857,18
74,4.7410149574279785,4.7410149574279785,18
75,4.829902648925781,4.829902648925781,20
76,4.56213903427124,4.56213903427124,10
77,4.647421360015869,4.647421360015869,5
78,4.754786014556885,4.754786014556885,13
79,4.69413948059082,4.69413948059082,15
80,4.4681077003479,4.4681077003479,17
81,4.60867166519165,4.60867166519165,20
82,4.291914463043213,4.291914463043213,3
83,4.696201801300049,4.696201801300049,15
84,4.750278472900391,4.750278472900391,20
85,4.546021938323975,4.546021938323975,4
86,4.546724319458008,4.546724319458008,8
87,4.437691688537598,4.437691688537598,5
88,4.634744644165039,4.634744644165039,16
89,4.683229923248291,4.683229923248291,4
90,4.651943683624268,4.651943683624268,8
91,4.758017063140869,4.758017063140869,19
92,4.690893173217773,4.690893173217773,20
93,4.668677806854248,4.668677806854248,16
94,4.469998836517334,4.469998836517334,17
95,4.8508076667785645,4.8508076667785645,20
96,4.6163554191589355,4.6163554191589355,9
97,4.700173377990723,4.700173377990723,20
98,4.823261737823486,4.823261737823486,20
99,4.488467693328857,4.488467693328857,6
100,4.252288818359375,4.252288818359375,3
101,4.469699859619141,4.469699859619141,19
102,4.8190813064575195,4.8190813064575195,12
103,4.631878852844238,4.631878852844238,6
104,4.611544609069824,4.611544609069824,20
105,4.6784987449646,4.6784987449646,18
106,4.6820573806762695,4.6820573806762695,20
107,4.6998772621154785,4.6998772621154785,10
108,4.613032341003418,4.613032341003418,20
109,4.101846694946289,4.101846694946289,7
110,4.413938045501709,4.413938045501709,20
111,4.7108869552612305,4.7108869552612305,15
112,4.672897815704346,4.672897815704346,14
113,4.599971771240234,4.599971771240234,20
114,4.854959011077881,4.854959011077881,20
115,4.802409648895264,4.802409648895264,20
116,4.754861354827881,4.754861354827881,20
117,4.548130035400391,4.548130035400391,13
118,4.672111988067627,4.672111988067627,16
119,4.607776641845703,4.607776641845703,19
120,4.723915100097656,4.723915100097656,20
121,4.724815845489502,4.724815845489502,11
122,4.605576038360596,4.605576038360596,10
123,4.366702556610107,4.366702556610107,6
124,4.757471561431885,4.757471561431885,20
125,4.492450714111328,4.492450714111328,10
126,4.8167572021484375,4.8167572021484375,7
127,4.175708770751953,4.175708770751953,3
128,4.862126350402832,4.862126350402832,16
129,4.599958896636963,4.599958896636963,6
130,4.53803825378418,4.53803825378418,9
131,4.698215484619141,4.698215484619141,10
132,4.402927398681641,4.402927398681641,10
133,4.534570217132568,4.534570217132568,8
134,4.296772480010986,4.296772480010986,11
135,4.857903480529785,4.857903480529785,18
136,4.517082691192627,4.517082691192627,14
137,4.8052144050598145,4.8052144050598145,11
138,4.506083965301514,4.506083965301514,12
139,4.549963474273682,4.549963474273682,7
140,4.605590343475342,4.605590343475342,20
141,4.358504295349121,4.358504295349121,4
142,4.359245300292969,4.359245300292969,4
143,4.610032081604004,4.610032081604004,5
144,4.6797356605529785,4.6797356605529785,20
145,4.665788650512695,4.665788650512695,17
146,4.430959224700928,4.430959224700928,6
147,4.523236274719238,4.523236274719238,20
148,4.44897985458374,4.44897985458374,9
149,4.569410800933838,4.569410800933838,3
150,4.660826206207275,4.660826206207275,10
151,4.626469135284424,4.626469135284424,8
152,4.627490043640137,4.627490043640137,7
153,4.484392166137695,4.484392166137695,17
154,4.258428573608398,4.258428573608398,5
155,4.7347187995910645,4.7347187995910645,6
156,4.884722709655762,4.884722709655762,20
157,4.651862621307373,4.651862621307373,6
158,4.384153366088867,4.384153366088867,5
159,4.2775492668151855,4.2775492668151855,4
160,4.8001322746276855,4.8001322746276855,20
161,4.475383758544922,4.475383758544922,5
162,4.367042064666748,4.367042064666748,13
163,4.641880512237549,4.641880512237549,11
164,4.488936424255371,4.488936424255371,4
165,4.453590393066406,4.453590393066406,7
166,4.335041522979736,4.335041522979736,19
167,4.4129462242126465,4.4129462242126465,7
168,4.713673114776611,4.713673114776611,12
169,4.48123025894165,4.48123025894165,10
170,4.314581394195557,4.314581394195557,8
171,4.446597576141357,4.446597576141357,20
172,4.429111957550049,4.429111957550049,5
173,4.373085021972656,4.373085021972656,20
174,4.667561054229736,4.667561054229736,15
175,4.877692699432373,4.877692699432373,19
176,4.7899580001831055,4.7899580001831055,20
177,4.659877777099609,4.659877777099609,15
178,4.532601356506348,4.532601356506348,20
179,4.8305888175964355,4.8305888175964355,16
180,4.61558723449707,4.61558723449707,16
181,4.815217018127441,4.815217018127441,14
182,4.703433990478516,4.703433990478516,20
183,4.541099548339844,4.541099548339844,7
184,4.775453090667725,4.775453090667725,18
185,4.632393836975098,4.632393836975098,9
186,4.821169853210449,4.821169853210449,20
187,4.410679340362549,4.410679340362549,15
188,4.739043235778809,4.739043235778809,20
189,4.499313831329346,4.499313831329346,7
190,4.489167213439941,4.489167213439941,18
191,3.9901163578033447,3.9901163578033447,4
192,4.575052738189697,4.575052738189697,19
193,4.635685920715332,4.635685920715332,20
194,4.5420355796813965,4.5420355796813965,10
195,4.748805522918701,4.748805522918701,14
196,4.166274547576904,4.166274547576904,3
197,4.743671894073486,4.743671894073486,14
198,4.828463554382324,4.828463554382324,20
199,4.792733669281006,4.792733669281006,20
200,4.831287384033203,4.831287384033203,17
201,4.357549667358398,4.357549667358398,5
202,4.2670512199401855,4.2670512199401855,9
203,4.162948131561279,4.162948131561279,3
204,4.7427802085876465,4.7427802085876465,20
205,4.751905918121338,4.751905918121338,19
206,4.382869243621826,4.382869243621826,15
207,4.55771541595459,4.55771541595459,20
208,4.726057529449463,4.726057529449463,17
209,4.79213285446167,4.79213285446167,18
210,4.431215763092041,4.431215763092041,3
211,4.872371196746826,4.872371196746826,16
212,4.676401615142822,4.676401615142822,20
213,4.699841022491455,4.699841022491455,20
214,4.818831920623779,4.818831920623779,20
215,4.534939289093018,4.534939289093018,7
216,4.688070297241211,4.688070297241211,18
217,4.34341287612915,4.34341287612915,6
218,4.865888595581055,4.865888595581055,19
219,4.8476433753967285,4.8476433753967285,19
220,4.629868984222412,4.629868984222412,20
221,4.452835559844971,4.452835559844971,17
222,4.867780685424805,4.867780685424805,18
223,4.6106343269348145,4.6106343269348145,10
224,4.684539318084717,4.684539318084717,17
225,4.537717819213867,4.537717819213867,5
226,4.68993616104126,4.68993616104126,9
227,4.7626190185546875,4.7626190185546875,13
228,4.550022602081299,4.550022602081299,8
229,4.454613208770752,4.454613208770752,6
230,4.69070291519165,4.69070291519165,15
231,4.886329174041748,4.886329174041748,20
232,4.7107744216918945,4.7107744216918945,18
233,4.808610439300537,4.808610439300537,20
234,4.589804172515869,4.589804172515869,17
235,4.8293538093566895,4.8293538093566895,20
236,4.558790683746338,4.558790683746338,20
237,4.833972930908203,4.833972930908203,16
238,4.3855462074279785,4.3855462074279785,6
239,4.656171798706055,4.656171798706055,9
240,4.525684833526611,4.525684833526611,16
241,4.625802040100098,4.625802040100098,19
242,4.736966133117676,4.736966133117676,11
243,4.530860900878906,4.530860900878906,13
244,4.624152183532715,4.624152183532715,16
245,4.632354736328125,4.632354736328125,20
246,4.4652886390686035,4.4652886390686035,7
247,4.185115337371826,4.185115337371826,6
248,4.7564496994018555,4.7564496994018555,12
249,4.309798717498779,4.309798717498779,5
250,4.81581974029541,4.81581974029541,11
251,4.020666122436523,4.020666122436523,9
252,4.250293731689453,4.250293731689453,8
253,4.605149745941162,4.605149745941162,20
254,4.766687393188477,4.766687393188477,11
255,4.808735370635986,4.808735370635986,17
256,4.806028366088867,4.806028366088867,16
257,4.910556793212891,4.910556793212891,20
258,4.633274555206299,4.633274555206299,13
259,4.497424125671387,4.497424125671387,16
260,4.35432767868042,4.35432767868042,8
261,4.445196628570557,4.445196628570557,10
262,4.362816333770752,4.362816333770752,15
263,4.80978536605835,4.80978536605835,18
264,4.173315048217773,4.173315048217773,3
265,4.4489850997924805,4.4489850997924805,6
266,4.388894557952881,4.388894557952881,14
267,4.743992805480957,4.743992805480957,10
268,4.663043975830078,4.663043975830078,17
269,4.655060291290283,4.655060291290283,11
270,4.555257320404053,4.555257320404053,14
271,4.911502838134766,4.911502838134766,20
272,4.732778549194336,4.732778549194336,10
273,4.752180576324463,4.752180576324463,20
274,4.360047817230225,4.360047817230225,5
275,4.548443794250488,4.548443794250488,17
276,4.818330764770508,4.818330764770508,16
277,4.694805145263672,4.694805145263672,17
278,4.841690540313721,4.841690540313721,12
279,4.5761399269104,4.5761399269104,20
280,4.73838996887207,4.73838996887207,13
281,4.6240925788879395,4.6240925788879395,20
282,4.365078926086426,4.365078926086426,3
283,4.768040657043457,4.768040657043457,10
284,4.878512859344482,4.878512859344482,18
285,4.650489807128906,4.650489807128906,15
286,4.524698734283447,4.524698734283447,8
287,4.561633586883545,4.561633586883545,14
288,4.332215785980225,4.332215785980225,18
289,4.605483055114746,4.605483055114746,15
290,4.448847770690918,4.448847770690918,13
291,4.251016139984131,4.251016139984131,5
292,4.671404838562012,4.671404838562012,9
293,4.382592678070068,4.382592678070068,19
294,4.7500901222229,4.7500901222229,20
295,4.687711238861084,4.687711238861084,10
296,4.534704208374023,4.534704208374023,6
297,4.392062664031982,4.392062664031982,12
298,4.840961456298828,4.840961456298828,11
299,4.755185127258301,4.755185127258301,18
300,4.287173748016357,4.287173748016357,11
301,4.080233573913574,4.080233573913574,20
302,4.5854105949401855,4.5854105949401855,16
303,4.726419448852539,4.726419448852539,11
304,4.337608337402344,4.337608337402344,9
305,4.554222583770752,4.554222583770752,20
306,4.6105170249938965,4.6105170249938965,15
307,4.856677055358887,4.856677055358887,20
308,4.6423420906066895,4.6423420906066895,8
309,4.6183648109436035,4.6183648109436035,10
310,4.684847354888916,4.684847354888916,20
311,4.5972580909729,4.5972580909729,14
312,4.593461990356445,4.593461990356445,14
313,4.3590779304504395,4.3590779304504395,14
314,4.609151363372803,4.609151363372803,20
315,4.806850433349609,4.806850433349609,20
316,4.345366954803467,4.345366954803467,4
317,4.747514724731445,4.747514724731445,20
318,4.735114574432373,4.735114574432373,13
319,4.647866249084473,4.647866249084473,20
320,4.602318286895752,4.602318286895752,7
321,4.746001243591309,4.746001243591309,17
322,4.733609199523926,4.733609199523926,16
323,4.6437859535217285,4.6437859535217285,10
324,4.664884567260742,4.664884567260742,9
325,4.5882744789123535,4.5882744789123535,5
326,4.537021160125732,4.537021160125732,10
327,4.736893653869629,4.736893653869629,15
328,4.722292423248291,4.722292423248291,20
329,4.576513767242432,4.576513767242432,16
330,4.704729080200195,4.704729080200195,8
331,4.5270819664001465,4.5270819664001465,17
332,4.695086479187012,4.695086479187012,9
333,4.6988677978515625,4.6988677978515625,6
334,4.794459819793701,4.794459819793701,20
335,4.3492279052734375,4.3492279052734375,20
336,4.317968845367432,4.317968845367432,6
337,4.241290092468262,4.241290092468262,5
338,4.880074501037598,4.880074501037598,18
339,4.763890743255615,4.763890743255615,13
340,4.541849613189697,4.541849613189697,4
341,4.667855739593506,4.667855739593506,20
342,4.698338985443115,4.698338985443115,20
343,4.526054859161377,4.526054859161377,20
344,4.682814598083496,4.682814598083496,20
345,4.172962188720703,4.172962188720703,5
346,4.651554584503174,4.651554584503174,8
347,4.842568874359131,4.842568874359131,17
348,4.723847389221191,4.723847389221191,11
349,4.7283148765563965,4.7283148765563965,14
350,4.7784295082092285,4.7784295082092285,20
351,4.290163040161133,4.290163040161133,6
352,4.496459484100342,4.496459484100342,13
353,4.534478187561035,4.534478187561035,20
354,4.441450119018555,4.441450119018555,3
355,4.882663249969482,4.882663249969482,15
356,4.4659647941589355,4.4659647941589355,10
357,4.586453437805176,4.586453437805176,12
358,4.621157169342041,4.621157169342041,19
359,4.680581569671631,4.680581569671631,20
360,4.56622838973999,4.56622838973999,13
361,4.845520973205566,4.845520973205566,14
362,4.772879600524902,4.772879600524902,19
363,4.72774076461792,4.72774076461792,19
364,4.5885772705078125,4.5885772705078125,6
365,4.803441524505615,4.803441524505615,20
366,4.595011234283447,4.595011234283447,11
367,4.743470191955566,4.743470191955566,20
368,4.29593563079834,4.29593563079834,4
369,4.5868611335754395,4.5868611335754395,20
370,4.35736608505249,4.35736608505249,5
371,4.849297523498535,4.849297523498535,20
372,4.550828456878662,4.550828456878662,7
373,4.380805015563965,4.380805015563965,20
374,4.102528095245361,4.102528095245361,7
375,4.543100833892822,4.543100833892822,20
376,4.86406135559082,4.86406135559082,16
377,4.662999153137207,4.662999153137207,20
378,4.6189866065979,4.6189866065979,14
379,4.56084680557251,4.56084680557251,13
380,4.364248275756836,4.364248275756836,5
381,4.723763465881348,4.723763465881348,20
382,4.432760238647461,4.432760238647461,18
383,4.466272354125977,4.466272354125977,5
384,4.750679016113281,4.750679016113281,13
385,4.6267008781433105,4.6267008781433105,12
386,4.56065559387207,4.56065559387207,20
387,4.696376800537109,4.696376800537109,5
388,4.645479679107666,4.645479679107666,20
389,4.548862457275391,4.548862457275391,4
390,4.76174783706665,4.76174783706665,13
391,4.710258960723877,4.710258960723877,9
392,4.626739025115967,4.626739025115967,11
393,4.463779926300049,4.463779926300049,4
394,4.687821865081787,4.687821865081787,20
395,4.711977958679199,4.711977958679199,17
396,4.534660816192627,4.534660816192627,11
397,4.775515079498291,4.775515079498291,16
398,4.651219844818115,4.651219844818115,14
399,4.725241661071777,4.725241661071777,18
400,4.655694961547852,4.655694961547852,10
401,4.719362735748291,4.719362735748291,18
402,4.622704029083252,4.622704029083252,16
403,4.7786455154418945,4.7786455154418945,20
404,4.3872809410095215,4.3872809410095215,11
405,4.463785171508789,4.463785171508789,20
406,4.47248649597168,4.47248649597168,20
407,4.7787346839904785,4.7787346839904785,20
408,4.763972282409668,4.763972282409668,20
409,4.534282684326172,4.534282684326172,20
410,4.646395206451416,4.646395206451416,8
411,4.422573566436768,4.422573566436768,7
412,4.8269734382629395,4.8269734382629395,20
413,4.466190338134766,4.466190338134766,13
414,4.373445510864258,4.373445510864258,6
415,4.899181365966797,4.899181365966797,20
416,4.5605268478393555,4.5605268478393555,15
417,4.691766262054443,4.691766262054443,15
418,4.189680099487305,4.189680099487305,3
419,4.817760944366455,4.817760944366455,20
420,4.4868669509887695,4.4868669509887695,12
421,4.503087520599365,4.503087520599365,9
422,4.28419828414917,4.28419828414917,6
423,4.6824750900268555,4.6824750900268555,9
424,4.503305912017822,4.503305912017822,6
425,4.246445178985596,4.246445178985596,4
426,4.921344757080078,4.921344757080078,20
427,4.3505167961120605,4.3505167961120605,3
428,4.770819664001465,4.770819664001465,12
429,4.608922958374023,4.608922958374023,11
430,4.689254283905029,4.689254283905029,17
431,4.8736677169799805,4.8736677169799805,20
432,4.333808898925781,4.333808898925781,3
433,4.618590831756592,4.618590831756592,20
434,4.604291915893555,4.604291915893555,20
435,4.569679260253906,4.569679260253906,20
436,4.517573356628418,4.517573356628418,8
437,4.669125080108643,4.669125080108643,20
438,4.678411483764648,4.678411483764648,12
439,4.560708999633789,4.560708999633789,13
440,4.648109436035156,4.648109436035156,20
441,4.614908218383789,4.614908218383789,20
442,4.401722431182861,4.401722431182861,10
443,4.6840410232543945,4.6840410232543945,14
444,4.261019229888916,4.261019229888916,5
445,4.67238187789917,4.67238187789917,15
446,4.73170280456543,4.73170280456543,7
447,4.575032711029053,4.575032711029053,9
448,4.196142673492432,4.196142673492432,20
449,4.896091938018799,4.896091938018799,20
450,4.468704700469971,4.468704700469971,7
451,4.706943035125732,4.706943035125732,20
452,4.391727924346924,4.391727924346924,7
453,4.618032932281494,4.618032932281494,6
454,4.528728008270264,4.528728008270264,13
455,4.316855430603027,4.316855430603027,8
456,4.721611499786377,4.721611499786377,20
457,4.4777350425720215,4.4777350425720215,5
458,4.680250644683838,4.680250644683838,8
459,4.364969730377197,4.364969730377197,4
460,4.460879802703857,4.460879802703857,6
461,4.818404197692871,4.818404197692871,20
462,4.45424222946167,4.45424222946167,20
463,4.678527355194092,4.678527355194092,20
464,4.812372207641602,4.812372207641602,8
465,4.729461193084717,4.729461193084717,20
466,4.62705659866333,4.62705659866333,18
467,4.645407676696777,4.645407676696777,9
468,4.618678092956543,4.618678092956543,19
469,4.404736042022705,4.404736042022705,5
470,4.737374782562256,4.737374782562256,14
471,4.756911754608154,4.756911754608154,18
472,4.623483180999756,4.623483180999756,7
473,4.289585590362549,4.289585590362549,20
474,4.697271347045898,4.697271347045898,20
475,4.401979923248291,4.401979923248291,6
476,4.2234787940979,4.2234787940979,3
477,4.502861976623535,4.502861976623535,15
478,4.469503879547119,4.469503879547119,4
479,4.582969665527344,4.582969665527344,14
480,4.622893810272217,4.622893810272217,11
481,4.600211143493652,4.600211143493652,10
482,4.114246368408203,4.114246368408203,20
483,4.635348320007324,4.635348320007324,11
484,4.754793643951416,4.754793643951416,16
485,4.658695697784424,4.658695697784424,20
486,4.656735420227051,4.656735420227051,10
487,4.632763385772705,4.632763385772705,18
488,4.418546199798584,4.418546199798584,4
489,4.577917098999023,4.577917098999023,5
490,4.581142425537109,4.581142425537109,8
491,4.7563629150390625,4.7563629150390625,19
492,4.631330490112305,4.631330490112305,20
493,4.684321403503418,4.684321403503418,15
494,4.163597106933594,4.163597106933594,3
495,4.143914222717285,4.143914222717285,14
496,4.538346767425537,4.538346767425537,13
497,4.623226642608643,4.623226642608643,11
498,4.824087142944336,4.824087142944336,15
499,4.889266490936279,4.889266490936279,20
500,4.673435688018799,4.673435688018799,13
501,4.476781368255615,4.476781368255615,12
502,4.538012504577637,4.538012504577637,20
503,4.511637210845947,4.511637210845947,13
504,4.566769599914551,4.566769599914551,4
505,4.567102909088135,4.567102909088135,17
506,4.473312854766846,4.473312854766846,11
507,4.271461486816406,4.271461486816406,17
508,4.576108455657959,4.576108455657959,20
509,4.506446361541748,4.506446361541748,20
510,4.448119640350342,4.448119640350342,4
511,4.7199811935424805,4.7199811935424805,17
512,4.455294609069824,4.455294609069824,5
513,4.575932025909424,4.585141658782959,20
514,4.63818883895874,4.604054927825928,7
515,4.648502826690674,4.648154258728027,11
516,4.602150917053223,4.602150917053223,8
517,4.827324390411377,4.827324390411377,20
518,4.649928569793701,4.682498931884766,12
519,4.596364974975586,4.596364974975586,8
520,4.612283706665039,4.612283706665039,19
521,4.679661273956299,4.682841777801514,8
522,4.696148872375488,4.600531578063965,9
523,4.697268962860107,4.713512897491455,15
524,4.392995834350586,4.392995834350586,3
525,4.7857136726379395,4.831019401550293,20
526,4.792094707489014,4.792094707489014,20
527,4.486123561859131,4.481278896331787,4
528,4.63864278793335,4.63864278793335,20
529,4.320671081542969,4.320671081542969,3
530,4.904374122619629,4.904374122619629,20
531,4.292871952056885,4.258021354675293,20
532,4.7463059425354,4.7712721824646,11
533,4.553223133087158,4.593932151794434,19
534,4.650382041931152,4.504406452178955,7
535,4.558619976043701,4.58742094039917,17
536,4.532073020935059,4.6751837730407715,20
537,4.45316743850708,4.3565239906311035,20
538,4.655431270599365,4.652038097381592,20
539,4.673537731170654,4.670906066894531,8
540,4.477707862854004,4.493211269378662,12
541,4.534111499786377,4.55009126663208,9
542,4.050657272338867,4.107756614685059,6
543,4.692123889923096,4.692123889923096,9
544,4.25841760635376,4.163642883300781,5
545,4.307868957519531,4.29443359375,11
546,4.613919258117676,4.597474098205566,12
547,4.826675891876221,4.823619365692139,17
548,4.235898971557617,4.235898971557617,3
549,4.560983180999756,4.545036792755127,10
550,4.726951599121094,4.72953462600708,15
551,4.751739978790283,4.731627464294434,18
552,4.836961269378662,4.8394246101379395,20
553,4.380970478057861,4.380970478057861,9
554,4.595905303955078,4.595905303955078,20
555,4.612746715545654,4.634646415710449,12
556,4.7097296714782715,4.631190776824951,20
557,4.784670829772949,4.763002872467041,17
558,4.451392650604248,4.451392650604248,7
559,4.745319366455078,4.745319366455078,19
560,4.8269805908203125,4.83040189743042,11
561,4.6353840827941895,4.584748268127441,12
562,4.832564830780029,4.832564830780029,18
563,4.285065650939941,4.35557222366333,6
564,4.847367763519287,4.847367763519287,10
565,4.516169548034668,4.521308898925781,19
566,4.267920017242432,4.267920017242432,3
567,4.7154130935668945,4.722038745880127,20
568,4.7390217781066895,4.733985424041748,18
569,4.660703182220459,4.683009147644043,16
570,4.604726314544678,4.575810432434082,18
571,4.8327789306640625,4.8327789306640625,20
572,4.484828948974609,4.484828948974609,14
573,4.646949768066406,4.646949768066406,20
574,4.814439296722412,4.819855690002441,20
575,4.721069812774658,4.721069812774658,19
576,4.367546081542969,4.306323051452637,4
577,4.467980861663818,4.640700817108154,5
578,4.743926525115967,4.688655853271484,16
579,4.908710479736328,4.908710479736328,20
580,4.65896463394165,4.65896463394165,20
581,4.547175884246826,4.547175884246826,4
582,4.7292914390563965,4.7292914390563965,13
583,4.205005645751953,4.205005645751953,3
584,4.3642802238464355,4.3642802238464355,20
585,4.6770148277282715,4.686984539031982,19
586,4.660295009613037,4.660295009613037,20
587,4.47629976272583,4.47629976272583,6
588,4.8147196769714355,4.8147196769714355,20
589,4.381800651550293,4.4317097663879395,5
590,4.24911642074585,4.33774995803833,8
591,4.369662284851074,4.369662284851074,5
592,4.819676399230957,4.838374614715576,20
593,4.566938877105713,4.547179222106934,11
594,4.517406463623047,4.5740742683410645,4
595,4.520852088928223,4.522128582000732,12
596,4.688591003417969,4.74696683883667,20
597,4.573760509490967,4.466797351837158,8
598,4.453948497772217,4.408552169799805,6
599,4.780996799468994,4.7858195304870605,7
600,4.703136920928955,4.703136920928955,20
601,4.338988780975342,4.348491191864014,5
602,4.5855255126953125,4.497011661529541,7
603,4.6229448318481445,4.62327766418457,14
604,4.720032691955566,4.735939979553223,20
605,4.177090167999268,4.149115562438965,5
606,4.684564113616943,4.686808109283447,20
607,4.86989688873291,4.86989688873291,18
608,4.748904705047607,4.749879837036133,20
609,4.644728660583496,4.699595928192139,16
610,4.586862087249756,4.515821933746338,9
611,4.5023674964904785,4.5268778800964355,3
612,4.663093090057373,4.650903224945068,8
613,4.643580913543701,4.643580913543701,15
614,4.751463413238525,4.711658000946045,20
615,4.367852210998535,4.355412006378174,20
616,4.256471633911133,4.256471633911133,5
617,4.490571975708008,4.558528900146484,20
618,4.50832462310791,4.50832462310791,16
619,4.757046222686768,4.757046222686768,20
620,4.365760326385498,4.365760326385498,7
621,4.515017986297607,4.523319721221924,4
622,4.8411102294921875,4.8411102294921875,20
623,4.793845176696777,4.7679033279418945,8
624,4.562342643737793,4.6417036056518555,13
625,4.567417621612549,4.553683280944824,19
626,4.79117488861084,4.786800384521484,20
627,4.541196346282959,4.559939861297607,20
628,4.6708269119262695,4.6708269119262695,18
629,4.791985511779785,4.783109188079834,11
630,4.329955101013184,4.255393981933594,6
631,4.775971412658691,4.775971412658691,11
632,4.4900994300842285,4.62086296081543,20
633,4.7525105476379395,4.767095565795898,20
634,4.5506672859191895,4.5506672859191895,15
635,4.851504802703857,4.851504802703857,18
636,4.67101526260376,4.67101526260376,15
637,4.8565521240234375,4.8565521240234375,20
638,4.447826385498047,4.369158744812012,20
639,4.742979526519775,4.764425277709961,10
640,4.785782814025879,4.796903610229492,18
641,4.603416919708252,4.642579555511475,12
642,4.8789191246032715,4.8789191246032715,20
643,4.850942611694336,4.850942611694336,20
644,4.4483232498168945,4.463558673858643,12
645,4.46800422668457,4.355944633483887,5
646,4.58590841293335,4.4430251121521,14
647,4.309986114501953,4.309986114501953,5
648,4.755051136016846,4.755051136016846,20
649,4.426738262176514,4.440295696258545,7
650,4.663232803344727,4.663232803344727,17
651,4.376908779144287,4.406991004943848,7
652,4.323708534240723,4.323708534240723,3
653,4.334509372711182,4.334509372711182,4
654,4.420976161956787,4.440768718719482,4
655,4.694244861602783,4.69991397857666,15
656,4.616280555725098,4.608755111694336,20
657,4.555302619934082,4.555302619934082,9
658,4.938901424407959,4.938901424407959,20
659,4.653733730316162,4.646468162536621,10
660,4.696243762969971,4.710326671600342,12
661,4.366092681884766,4.366092681884766,11
662,4.2044172286987305,4.2044172286987305,4
663,4.808895587921143,4.808895587921143,20
664,4.836021900177002,4.836021900177002,19
665,4.659233570098877,4.659233570098877,20
666,4.697133541107178,4.697607040405273,17
667,4.429319858551025,4.489720821380615,8
668,4.596444606781006,4.599593162536621,9
669,4.332294940948486,4.332294940948486,4
670,4.593386173248291,4.5188751220703125,17
671,4.556619167327881,4.583086013793945,12
672,4.840320110321045,4.840320110321045,20
673,4.642205715179443,4.638128757476807,20
674,4.922730922698975,4.922730922698975,20
675,4.703525066375732,4.729734420776367,11
676,4.822929382324219,4.829151630401611,20
677,4.70518684387207,4.775082111358643,16
678,4.5345048904418945,4.58188009262085,20
679,4.819222450256348,4.819222450256348,18
680,4.508268356323242,4.485974311828613,9
681,4.804836750030518,4.804836750030518,15
682,4.580045223236084,4.56415319442749,11
683,4.41114616394043,4.41114616394043,10
684,4.760092258453369,4.766585826873779,20
685,4.259073734283447,4.259073734283447,3
686,4.564390659332275,4.561304092407227,9
687,4.757829666137695,4.757829666137695,12
688,4.6846771240234375,4.768523693084717,11
689,4.269670486450195,4.3596577644348145,7
690,4.676365375518799,4.669520854949951,8
691,4.533931732177734,4.533931732177734,3
692,4.858826160430908,4.858826160430908,20
693,4.555588245391846,4.609407424926758,9
694,4.353784084320068,4.343952178955078,7
695,4.334586143493652,4.334586143493652,10
696,4.621449947357178,4.630694389343262,13
697,4.4657158851623535,4.4788818359375,20
698,4.705804347991943,4.6579976081848145,15
699,4.813704013824463,4.805962085723877,20
700,4.742335796356201,4.7703166007995605,20
701,4.669674873352051,4.682864665985107,20
702,4.648900985717773,4.650057315826416,15
703,4.631295680999756,4.632510662078857,5
704,4.533474922180176,4.413636207580566,11
705,4.640476703643799,4.670527458190918,7
706,4.669037342071533,4.652828216552734,7
707,4.48250150680542,4.48250150680542,5
708,4.784736633300781,4.74637508392334,12
709,4.549722194671631,4.571223735809326,12
710,4.790746212005615,4.821892261505127,12
711,4.4510908126831055,4.4156718254089355,17
712,4.751577854156494,4.7486772537231445,7
713,4.775277137756348,4.775277137756348,20
714,4.474114418029785,4.4808220863342285,5
715,4.789186000823975,4.795072078704834,20
716,4.617516040802002,4.4955735206604,17
717,4.425422191619873,4.322533130645752,12
718,4.547219753265381,4.523585796356201,10
719,4.9061737060546875,4.9061737060546875,20
720,4.456689834594727,4.508592128753662,18
721,4.917713642120361,4.917713642120361,20
722,4.528783321380615,4.528783321380615,11
723,4.408257961273193,4.438221454620361,6
724,4.223801136016846,4.223870754241943,20
725,4.712352752685547,4.720266819000244,11
726,4.5461506843566895,4.551469326019287,9
727,4.781184196472168,4.791318416595459,15
728,4.867953300476074,4.867953300476074,20
729,4.627278804779053,4.627278804779053,15
730,4.508852481842041,4.535843849182129,10
731,4.262203216552734,4.262203216552734,4
732,4.90537691116333,4.90537691116333,20
733,4.696579933166504,4.696579933166504,20
734,4.321991443634033,4.321991443634033,4
735,4.635623455047607,4.676238059997559,9
736,4.114072322845459,4.114072322845459,3
737,4.737957000732422,4.737957000732422,6
738,4.31383752822876,4.301212787628174,11
739,4.712000370025635,4.712000370025635,13
740,4.756057262420654,4.768169403076172,20
741,4.773164749145508,4.773164749145508,17
742,4.836617946624756,4.824425220489502,12
743,4.596420764923096,4.5849528312683105,7
744,4.684042930603027,4.7023773193359375,20
745,4.705465316772461,4.701722621917725,10
746,4.706366539001465,4.686677932739258,20
747,4.907703876495361,4.907703876495361,20
748,4.681746959686279,4.6753129959106445,12
749,4.588446617126465,4.581949234008789,6
750,4.793878078460693,4.780434608459473,16
751,4.569455623626709,4.588919639587402,14
752,4.852204322814941,4.852204322814941,20
753,4.67627477645874,4.674707889556885,10
754,4.4851579666137695,4.4851579666137695,4
755,4.610550880432129,4.610550880432129,14
756,4.291148662567139,4.291148662567139,8
757,4.411568641662598,4.411568641662598,20
758,4.765432834625244,4.853222370147705,14
759,4.811593532562256,4.811593532562256,16
760,4.614485740661621,4.614485740661621,13
761,4.748194694519043,4.748194694519043,19
762,4.759981632232666,4.759981632232666,16
763,4.261013507843018,4.261013507843018,5
764,4.767245292663574,4.767245292663574,7
765,4.441544055938721,4.441544055938721,20
766,4.5962347984313965,4.5962347984313965,11
767,4.759270191192627,4.759270191192627,17
768,4.394713878631592,4.394713878631592,15
769,4.82582950592041,4.82582950592041,20
770,4.313465595245361,4.313465595245361,3
771,4.675047397613525,4.675047397613525,9
772,4.744474411010742,4.744474411010742,13
773,4.56428861618042,4.56428861618042,6
774,4.7064690589904785,4.7064690589904785,20
775,4.805438041687012,4.805438041687012,13
776,4.80544900894165,4.80544900894165,20
777,4.596709728240967,4.596709728240967,13
778,4.299320697784424,4.299320697784424,20
779,4.284355163574219,4.284355163574219,18
780,4.621257781982422,4.621257781982422,8
781,4.776935577392578,4.776935577392578,16
782,4.54171085357666,4.54171085357666,4
783,4.5479278564453125,4.5479278564453125,20
784,4.4567389488220215,4.4567389488220215,19
785,4.582540035247803,4.582540035247803,12
786,4.5246663093566895,4.5246663093566895,10
787,4.7109761238098145,4.7109761238098145,10
788,4.522487640380859,4.522487640380859,4
789,4.402745723724365,4.402745723724365,5
790,4.810838222503662,4.810838222503662,15
791,4.473448753356934,4.473448753356934,11
792,4.522280216217041,4.522280216217041,10
793,4.623241424560547,4.623241424560547,7
794,4.921910285949707,4.921910285949707,20
795,4.618779182434082,4.618779182434082,12
796,4.54035758972168,4.54035758972168,6
797,4.823005676269531,4.823005676269531,20
798,4.753222942352295,4.753222942352295,20
799,4.771101474761963,4.771101474761963,10
800,4.717299461364746,4.717299461364746,20
801,4.532950401306152,4.532950401306152,11
802,4.813046455383301,4.813046455383301,16
803,4.562526226043701,4.562526226043701,8
804,4.905110836029053,4.905110836029053,20
805,4.826485633850098,4.826485633850098,15
806,4.684446334838867,4.684446334838867,7
807,4.776665687561035,4.776665687561035,9
808,4.6297760009765625,4.6297760009765625,20
809,4.705698013305664,4.705698013305664,13
810,4.491020679473877,4.487333297729492,20
811,4.662296772003174,4.662296772003174,11
812,4.593012809753418,4.593012809753418,18
813,4.497969150543213,4.497969150543213,5
814,4.365572452545166,4.365572452545166,16
815,4.296735763549805,4.296735763549805,20
816,4.516661167144775,4.516661167144775,6
817,4.105372428894043,4.105372428894043,14
818,4.680383682250977,4.680383682250977,20
819,4.723209857940674,4.723209857940674,18
820,4.162280082702637,4.162280082702637,20
821,4.51800012588501,4.51800012588501,16
822,4.611260890960693,4.611260890960693,15
823,4.455886363983154,4.455886363983154,5
824,4.601370334625244,4.601370334625244,15
825,4.501254558563232,4.501254558563232,11
826,4.673130989074707,4.673130989074707,19
827,4.480860233306885,4.480860233306885,13
828,4.585087299346924,4.585087299346924,16
829,4.6373419761657715,4.6373419761657715,14
830,4.529902935028076,4.529902935028076,8
831,4.273037910461426,4.273037910461426,9
832,4.905937671661377,4.905937671661377,20
833,4.731790542602539,4.731790542602539,12
834,4.475109577178955,4.475109577178955,4
835,4.600583076477051,4.600583076477051,20
836,4.743101596832275,4.743101596832275,20
837,4.936272621154785,4.936272621154785,20
838,4.755615711212158,4.755615711212158,14
839,4.740373611450195,4.740373611450195,19
840,4.67323112487793,4.67323112487793,13
841,4.644690990447998,4.644690990447998,10
842,4.589756488800049,4.589756488800049,4
843,4.59973669052124,4.59973669052124,13
844,4.501979351043701,4.501979351043701,6
845,4.733023643493652,4.733023643493652,14
846,4.614067077636719,4.614067077636719,18
847,4.567287921905518,4.567287921905518,16
848,4.808957099914551,4.808957099914551,14
849,4.763148784637451,4.763148784637451,20
850,4.771071910858154,4.771071910858154,13
851,4.748770236968994,4.748770236968994,17
852,4.8412556648254395,4.8412556648254395,17
853,4.6321635246276855,4.6321635246276855,15
854,4.838433742523193,4.838433742523193,20
855,4.364989757537842,4.364989757537842,13
856,4.86248254776001,4.86248254776001,20
857,4.626710414886475,4.626710414886475,20
858,4.544158935546875,4.544158935546875,20
859,4.497697353363037,4.497697353363037,5
860,4.85383415222168,4.85383415222168,20
861,4.5707926750183105,4.5707926750183105,13
862,4.580810070037842,4.580810070037842,7
863,4.536783695220947,4.536783695220947,10
864,4.571490287780762,4.571490287780762,15
865,4.644445896148682,4.644445896148682,12
866,4.811699390411377,4.811699390411377,20
867,4.481849193572998,4.481849193572998,15
868,4.884120941162109,4.884120941162109,19
869,4.68923282623291,4.68923282623291,20
870,4.358386516571045,4.358386516571045,19
871,4.860768795013428,4.860768795013428,18
872,4.4822163581848145,4.4822163581848145,8
873,4.379083633422852,4.379083633422852,20
874,4.445483207702637,4.445483207702637,20
875,4.717283725738525,4.717283725738525,14
876,4.376143932342529,4.376143932342529,8
877,4.802637577056885,4.802637577056885,19
878,4.807071685791016,4.807071685791016,20
879,4.758025169372559,4.758025169372559,15
880,4.7659783363342285,4.7659783363342285,20
881,4.460686206817627,4.460686206817627,13
882,4.5521440505981445,4.5521440505981445,8
883,4.403049468994141,4.403049468994141,10
884,4.806759834289551,4.806759834289551,13
885,4.676525592803955,4.676525592803955,20
886,4.700589656829834,4.700589656829834,9
887,4.875370502471924,4.875370502471924,20
888,4.9349284172058105,4.9349284172058105,17
889,4.861547470092773,4.861547470092773,15
890,4.780055046081543,4.780055046081543,20
891,4.593153476715088,4.593153476715088,14
892,4.61154317855835,4.61154317855835,20
893,4.424699306488037,4.424699306488037,14
894,4.493088245391846,4.493088245391846,7
895,4.648586750030518,4.648586750030518,15
896,4.548861980438232,4.548861980438232,9
897,4.7175374031066895,4.7175374031066895,20
898,4.526607513427734,4.526607513427734,17
899,4.377645015716553,4.377645015716553,3
900,4.66007137298584,4.66007137298584,13
901,4.824506759643555,4.824506759643555,20
902,4.635498046875,4.635498046875,20
903,4.791594505310059,4.791594505310059,20
904,4.542590618133545,4.542590618133545,13
905,4.537076473236084,4.537076473236084,7
906,4.814326286315918,4.814326286315918,20
907,4.537440299987793,4.537440299987793,20
908,4.500128746032715,4.500128746032715,17
909,4.703540325164795,4.703540325164795,20
910,4.780266284942627,4.780266284942627,20
911,4.7367987632751465,4.7367987632751465,12
912,4.494764804840088,4.494764804840088,20
913,4.7685112953186035,4.7685112953186035,12
914,4.295689105987549,4.295689105987549,19
915,4.7632269859313965,4.7632269859313965,20
916,4.807590961456299,4.807590961456299,20
917,4.4605607986450195,4.4605607986450195,18
918,4.905324935913086,4.905324935913086,20
919,4.407551288604736,4.407551288604736,9
920,4.30203104019165,4.30203104019165,5
921,4.786853790283203,4.786853790283203,20
922,4.887610912322998,4.887610912322998,18
923,4.235916614532471,4.235916614532471,13
924,4.315122604370117,4.315122604370117,7
925,4.613521575927734,4.613521575927734,8
926,4.362656116485596,4.362656116485596,15
927,4.43650484085083,4.43650484085083,7
928,4.559978485107422,4.559978485107422,8
929,4.608755588531494,4.608755588531494,11
930,4.832545757293701,4.832545757293701,17
931,4.59225606918335,4.59225606918335,20
932,4.549746036529541,4.549746036529541,4
933,4.594198226928711,4.594198226928711,20
934,4.661128997802734,4.661128997802734,20
935,4.518415451049805,4.518415451049805,7
936,4.529317378997803,4.529317378997803,20
937,4.497462749481201,4.497462749481201,9
938,4.417663097381592,4.417663097381592,16
939,4.833964824676514,4.833964824676514,20
940,4.825802803039551,4.825802803039551,15
941,4.666168689727783,4.666168689727783,14
942,4.429374694824219,4.429374694824219,11
943,4.143849849700928,4.143849849700928,9
944,4.652527332305908,4.652527332305908,15
945,4.760982990264893,4.760982990264893,15
946,4.802292346954346,4.802292346954346,17
947,4.3512492179870605,4.3512492179870605,20
948,4.431510925292969,4.431510925292969,20
949,4.710374355316162,4.710374355316162,17
950,4.774604320526123,4.774604320526123,19
951,4.780612468719482,4.780612468719482,18
952,4.568558692932129,4.568558692932129,19
953,4.652064800262451,4.652064800262451,11
954,4.580203533172607,4.580203533172607,8
955,4.317688941955566,4.317688941955566,4
956,4.433745861053467,4.433745861053467,17
957,4.696544647216797,4.696544647216797,15
958,4.653918743133545,4.653918743133545,11
959,4.570013523101807,4.570013523101807,10
960,4.536735534667969,4.536735534667969,10
961,4.744565010070801,4.744565010070801,17
962,4.426661014556885,4.426661014556885,13
963,4.580461025238037,4.580461025238037,18
964,4.5128278732299805,4.5128278732299805,11
965,4.726873397827148,4.726873397827148,20
966,4.512144088745117,4.512144088745117,17
967,4.560863494873047,4.560863494873047,11
968,4.5886125564575195,4.5886125564575195,14
969,4.792933940887451,4.792933940887451,18
970,4.622601509094238,4.622601509094238,7
971,4.821893215179443,4.821893215179443,20
972,4.622039318084717,4.622039318084717,15
973,4.759496688842773,4.759496688842773,11
974,4.259898662567139,4.259898662567139,7
975,4.679375648498535,4.679375648498535,10
976,4.66680383682251,4.66680383682251,16
977,4.409938335418701,4.409938335418701,3
978,4.569295883178711,4.569295883178711,13
979,4.779300212860107,4.779300212860107,20
980,4.567808151245117,4.567808151245117,6
981,4.7494635581970215,4.7494635581970215,15
982,4.490980625152588,4.490980625152588,12
983,4.7003655433654785,4.7003655433654785,9
984,4.420217514038086,4.420217514038086,3
985,4.790990352630615,4.790990352630615,15
986,4.415990352630615,4.415990352630615,6
987,4.630393028259277,4.630393028259277,15
988,4.758945465087891,4.758945465087891,20
989,4.6590094566345215,4.6590094566345215,20
990,4.880076885223389,4.880076885223389,20
991,4.82033109664917,4.82033109664917,18
992,4.813174247741699,4.813174247741699,14
993,4.448347568511963,4.448347568511963,14
994,4.604793548583984,4.604793548583984,8
995,4.694310665130615,4.694310665130615,16
996,4.7352399826049805,4.7352399826049805,19
997,4.858019828796387,4.858019828796387,20
998,4.707951068878174,4.707951068878174,20
999,4.513434886932373,4.513434886932373,5
1000,4.476619243621826,4.476619243621826,20
1001,4.670551776885986,4.670551776885986,12
1002,4.753703594207764,4.753703594207764,19
1003,4.3232855796813965,4.3232855796813965,6
1004,4.604009628295898,4.604009628295898,9
1005,4.020249366760254,4.020249366760254,4
1006,4.131130218505859,4.131130218505859,3
1007,4.587770462036133,4.587770462036133,11
1008,4.50894021987915,4.50894021987915,5
1009,4.695613861083984,4.695613861083984,14
1010,4.604316711425781,4.604316711425781,6
1011,4.794270038604736,4.794270038604736,20
1012,4.702306270599365,4.702306270599365,14
1013,4.52771520614624,4.52771520614624,16
1014,4.59756326675415,4.59756326675415,20
1015,4.7770586013793945,4.7770586013793945,16
1016,4.528111934661865,4.528111934661865,8
1017,4.390538215637207,4.390538215637207,5
1018,4.760077953338623,4.760077953338623,16
1019,4.685519695281982,4.685519695281982,20
1020,4.85945463180542,4.85945463180542,20
1021,4.4333014488220215,4.4333014488220215,7
1022,4.3168840408325195,4.3168840408325195,4
1023,4.842796325683594,4.842796325683594,20
1024,4.488902568817139,4.500109672546387,7
1025,4.385531902313232,4.385531902313232,3
1026,4.656150817871094,4.642861366271973,10
1027,4.825929641723633,4.850560665130615,20
1028,4.69464111328125,4.682081699371338,17
1029,4.464609622955322,4.468976020812988,19
1030,4.247258186340332,4.247258186340332,3
1031,4.8000593185424805,4.8000593185424805,20
1032,4.667365074157715,4.6779327392578125,20
1033,4.784514427185059,4.760617733001709,20
1034,4.733644008636475,4.733644008636475,12
1035,4.622974872589111,4.571321964263916,20
1036,4.590025424957275,4.590025424957275,17
1037,4.720245838165283,4.729384422302246,19
1038,4.424584865570068,4.424584865570068,9
1039,4.580602169036865,4.501092910766602,13
1040,4.6010308265686035,4.6010308265686035,15
1041,4.5110979080200195,4.498021125793457,10
1042,4.792973041534424,4.786872386932373,14
1043,4.7162957191467285,4.7162957191467285,20
1044,4.549075603485107,4.437941074371338,6
1045,4.7162628173828125,4.7162628173828125,20
1046,4.330739974975586,4.330517768859863,4
1047,4.678119659423828,4.678119659423828,20
1048,4.7413716316223145,4.742325305938721,20
1049,4.520901203155518,4.546349048614502,11
1050,4.334661960601807,4.4361186027526855,8
1051,4.862256050109863,4.857025623321533,20
1052,4.413022994995117,4.413022994995117,4
1053,4.234128475189209,4.271223068237305,5
1054,4.743169784545898,4.743169784545898,20
1055,4.627712726593018,4.627712726593018,20
1056,4.462338447570801,4.462338447570801,4
1057,4.706003665924072,4.706003665924072,20
1058,4.764951705932617,4.804001808166504,14
1059,4.709301471710205,4.70585823059082,20
1060,4.4980692863464355,4.4980692863464355,4
1061,4.006292343139648,4.006292343139648,4
1062,4.65010929107666,4.639400005340576,9
1063,4.46718692779541,4.529037952423096,7
1064,4.527578353881836,4.518756866455078,19
1065,4.730205059051514,4.620253086090088,15
1066,4.495452404022217,4.59004545211792,18
1067,4.436272144317627,4.36313009262085,5
1068,4.344144821166992,4.254037857055664,5
1069,4.5457282066345215,4.542937755584717,20
1070,4.839724540710449,4.808746814727783,14
1071,4.573081016540527,4.610813617706299,9
1072,4.897672176361084,4.897672176361084,20
1073,4.661412715911865,4.6671977043151855,11
1074,4.347647190093994,4.461874961853027,16
1075,4.481441020965576,4.481441020965576,6
1076,4.655984401702881,4.655984401702881,15
1077,4.780023097991943,4.811822414398193,19
1078,4.353823661804199,4.4723992347717285,20
1079,4.648928165435791,4.646908760070801,12
1080,4.280806541442871,4.172194957733154,20
1081,4.8286237716674805,4.830491542816162,14
1082,4.6117939949035645,4.619298458099365,14
1083,4.623646259307861,4.623646259307861,20
1084,4.687072277069092,4.72168493270874,11
1085,4.790408134460449,4.790408134460449,20
1086,4.342750549316406,4.342750549316406,20
1087,4.584169864654541,4.586846828460693,12
1088,4.690004348754883,4.690004348754883,14
1089,4.7837300300598145,4.7837300300598145,20
1090,4.829802989959717,4.829802989959717,20
1091,4.623642921447754,4.579091548919678,8
1092,4.734245777130127,4.74456787109375,16
1093,4.807248115539551,4.807248115539551,20
1094,4.547381401062012,4.661036014556885,8
1095,4.672920227050781,4.70043420791626,20
1096,4.454468727111816,4.5331902503967285,20
1097,4.336207866668701,4.336207866668701,7
1098,4.480974197387695,4.485471725463867,20
1099,4.49738073348999,4.431083679199219,11
1100,4.582159996032715,4.506671905517578,15
1101,4.913651943206787,4.913651943206787,18
1102,4.459826469421387,4.544329643249512,8
1103,4.834591865539551,4.834591865539551,18
1104,4.78549861907959,4.78549861907959,16
1105,4.5306196212768555,4.687972545623779,8
1106,4.58272647857666,4.58272647857666,7
1107,4.671108722686768,4.675299167633057,9
1108,4.408402919769287,4.481446266174316,13
1109,4.456239223480225,4.49928617477417,7
1110,4.793620586395264,4.793620586395264,20
1111,4.334521770477295,4.363011837005615,12
1112,4.661221504211426,4.646763801574707,20
1113,4.726165294647217,4.745980262756348,20
1114,4.856690883636475,4.8592610359191895,20
1115,4.590054035186768,4.689401149749756,14
1116,4.818536281585693,4.787601470947266,18
1117,4.470468044281006,4.457749366760254,20
1118,4.434837818145752,4.434837818145752,9
1119,4.749953746795654,4.775097846984863,14
1120,4.744266033172607,4.747803688049316,17
1121,4.523041248321533,4.499537467956543,6
1122,4.807197570800781,4.807197570800781,17
1123,4.810771465301514,4.810771465301514,12
1124,4.537173748016357,4.678674221038818,10
1125,4.148162841796875,4.148162841796875,3
1126,4.554502010345459,4.553884983062744,17
1127,4.601634502410889,4.607384204864502,20
1128,4.414459228515625,4.334836483001709,11
1129,4.843852519989014,4.843852519989014,20
1130,4.586099147796631,4.621494770050049,9
1131,4.6244797706604,4.605832099914551,19
1132,4.363763332366943,4.341621398925781,10
1133,4.216544151306152,4.216544151306152,7
1134,4.7593817710876465,4.7593817710876465,20
1135,4.803962230682373,4.803962230682373,20
1136,4.701455116271973,4.740876197814941,6
1137,4.744273662567139,4.744273662567139,18
1138,4.584996223449707,4.584996223449707,6
1139,4.548292636871338,4.5654616355896,12
1140,4.550999641418457,4.529045104980469,7
1141,4.501211643218994,4.525681018829346,12
1142,4.658211708068848,4.694249629974365,7
1143,4.783198833465576,4.780333995819092,20
1144,4.65980863571167,4.65980863571167,18
1145,4.636208534240723,4.636208534240723,12
1146,4.224056720733643,4.271857261657715,6
1147,4.543453216552734,4.638123035430908,20
1148,4.398653030395508,4.277953624725342,8
1149,4.805225372314453,4.792905807495117,18
1150,4.819382667541504,4.824967384338379,20
1151,4.599745750427246,4.512706279754639,5
1152,4.714888095855713,4.6829423904418945,13
1153,4.8598246574401855,4.8598246574401855,20
1154,4.59321403503418,4.599809646606445,5
1155,4.643360614776611,4.643360614776611,8
1156,4.666860580444336,4.704317092895508,11
1157,4.319689750671387,4.319689750671387,4
1158,4.48314905166626,4.479530334472656,10
1159,4.786307334899902,4.786307334899902,20
1160,4.792285442352295,4.815915107727051,16
1161,4.789912700653076,4.789912700653076,20
1162,4.457009315490723,4.410750865936279,6
1163,4.653505325317383,4.665929794311523,15
1164,4.906641960144043,4.906641960144043,16
1165,4.640044689178467,4.619912624359131,8
1166,4.7162699699401855,4.723411560058594,20
1167,4.668059349060059,4.668059349060059,20
1168,4.186683654785156,4.099709510803223,3
1169,4.661375522613525,4.661375522613525,17
1170,4.769931316375732,4.802525520324707,19
1171,4.685177326202393,4.679099082946777,10
1172,4.059365272521973,4.220458030700684,8
1173,4.883293628692627,4.883293628692627,20
1174,4.381499290466309,4.381499290466309,20
1175,4.442307472229004,4.442307472229004,8
1176,4.698667049407959,4.678121089935303,15
1177,4.587263584136963,4.545713424682617,20
1178,4.4281535148620605,4.451825141906738,20
1179,4.638808727264404,4.667823314666748,9
1180,4.216348171234131,4.216348171234131,3
1181,4.596030235290527,4.4555745124816895,20
1182,4.5929155349731445,4.617844581604004,13
1183,4.700370788574219,4.605106830596924,10
1184,4.489989757537842,4.592409133911133,7
1185,4.763244152069092,4.761569499969482,13
1186,4.733876705169678,4.733876705169678,16
1187,4.485121250152588,4.4861040115356445,6
1188,4.579700946807861,4.579700946807861,9
1189,4.734677314758301,4.734677314758301,10
1190,4.658681869506836,4.644075393676758,20
1191,4.158541202545166,4.158541202545166,3
1192,4.6847453117370605,4.673952102661133,11
1193,4.4980082511901855,4.4980082511901855,20
1194,4.388519763946533,4.396217346191406,13
1195,4.615698337554932,4.615698337554932,9
1196,4.746605396270752,4.746605396270752,20
1197,4.9373779296875,4.9373779296875,20
1198,4.176868438720703,4.176868438720703,3
1199,4.738231658935547,4.732311725616455,20
1200,4.425462245941162,4.425612449645996,13
1201,4.53329610824585,4.556499481201172,20
1202,4.676639080047607,4.676639080047607,20
1203,4.631287574768066,4.574279308319092,18
1204,4.45538854598999,4.4851202964782715,11
1205,4.7240309715271,4.732111930847168,11
1206,4.167906284332275,4.167906284332275,5
1207,4.740180969238281,4.723294734954834,20
1208,4.71273946762085,4.725199222564697,20
1209,4.415407180786133,4.431222438812256,5
1210,4.519627571105957,4.519627571105957,6
1211,4.284284591674805,4.244679927825928,11
1212,4.829463481903076,4.848598003387451,19
1213,4.345998764038086,4.345998764038086,3
1214,4.805197238922119,4.805197238922119,19
1215,4.370287895202637,4.519418239593506,3
1216,4.288708686828613,4.288708686828613,12
1217,4.754637241363525,4.758198261260986,20
1218,4.537024021148682,4.537024021148682,7
1219,4.488292694091797,4.488292694091797,15
1220,4.713676929473877,4.735610485076904,20
1221,4.40564489364624,4.350298881530762,10
1222,4.721312522888184,4.739823341369629,20
1223,4.320048809051514,4.320048809051514,4
1224,4.536275386810303,4.563521862030029,20
1225,4.22231388092041,4.22231388092041,20
1226,4.812167644500732,4.812167644500732,18
1227,4.659335613250732,4.659335613250732,15
1228,4.715524196624756,4.715524196624756,10
1229,4.502441883087158,4.518585205078125,7
1230,4.526281833648682,4.517634391784668,7
1231,4.641781330108643,4.635268211364746,13
1232,4.695076942443848,4.7008771896362305,20
1233,4.847577095031738,4.847577095031738,20
1234,4.696348190307617,4.703518390655518,20
1235,4.9333319664001465,4.9333319664001465,18
1236,4.699154376983643,4.699154376983643,9
1237,4.748514175415039,4.768787860870361,19
1238,4.166995525360107,4.132328510284424,5
1239,4.767237186431885,4.767237186431885,20
1240,4.299935817718506,4.359565734863281,7
1241,4.715933799743652,4.73317813873291,20
1242,4.5283637046813965,4.586690425872803,10
1243,4.342665195465088,4.42929220199585,7
1244,4.402831077575684,4.37788724899292,12
1245,4.7161664962768555,4.7161664962768555,12
1246,4.682976245880127,4.6934123039245605,15
1247,4.813264846801758,4.813264846801758,20
1248,4.5208001136779785,4.5208001136779785,20
1249,4.264585494995117,4.264585494995117,3
1250,4.330385684967041,4.361459732055664,20
1251,4.746088981628418,4.779319763183594,17
1252,4.2623701095581055,4.2623701095581055,20
1253,4.485666751861572,4.358508586883545,16
1254,4.5878472328186035,4.637750148773193,4
1255,4.549559593200684,4.667232513427734,12
1256,4.886436939239502,4.886436939239502,20
1257,4.837371349334717,4.837371349334717,20
1258,4.389736652374268,4.3569865226745605,10
1259,4.4836812019348145,4.474754810333252,9
1260,4.716561794281006,4.716561794281006,20
1261,4.667060852050781,4.694457530975342,11
1262,4.097709655761719,4.097709655761719,16
1263,4.529692649841309,4.568115234375,15
1264,4.324939250946045,4.3431901931762695,7
1265,4.4777350425720215,4.4777350425720215,5
1266,4.598354816436768,4.617807865142822,9
1267,4.662347793579102,4.6107964515686035,7
1268,4.567896366119385,4.51649284362793,8
1269,4.711954116821289,4.709135055541992,17
1270,4.770180702209473,4.770180702209473,16
1271,4.530399322509766,4.501239776611328,6
1272,4.560967922210693,4.560967922210693,20
1273,4.410150527954102,4.410150527954102,20
1274,4.55729341506958,4.579141139984131,11
1275,4.896800518035889,4.896800518035889,18
1276,4.574178695678711,4.67299747467041,13
1277,4.589330673217773,4.656216144561768,12
1278,4.4313063621521,4.493585109710693,12
1279,4.150057792663574,4.109749794006348,3
1280,4.6397247314453125,4.630521297454834,17
1281,4.7978081703186035,4.7978081703186035,20
1282,4.656595706939697,4.656595706939697,20
1283,4.8761491775512695,4.8761491775512695,20
1284,4.117760181427002,4.117760181427002,8
1285,4.748868465423584,4.7244181632995605,20
1286,4.696517467498779,4.690557956695557,13
1287,4.578592300415039,4.628040313720703,8
1288,4.174435138702393,4.174435138702393,3
1289,4.719844341278076,4.719844341278076,20
1290,4.469995498657227,4.490940570831299,20
1291,4.753666877746582,4.753666877746582,11
1292,4.3815016746521,4.291205406188965,10
1293,4.490881443023682,4.492512226104736,20
1294,4.630744457244873,4.6483073234558105,15
1295,4.836538791656494,4.836538791656494,18
1296,4.410333156585693,4.371217250823975,17
1297,4.434744834899902,4.398644924163818,5
1298,4.501755237579346,4.501755237579346,5
1299,4.654941558837891,4.615707874298096,13
1300,4.701809883117676,4.689169406890869,9
1301,4.642675399780273,4.642675399780273,20
1302,4.6839118003845215,4.690823554992676,20
1303,4.510188102722168,4.510188102722168,17
1304,4.469952583312988,4.537949085235596,4
1305,4.776168346405029,4.760772228240967,9
1306,4.697293758392334,4.684418678283691,16
1307,4.8162713050842285,4.8162713050842285,20
1308,4.303072452545166,4.303072452545166,3
1309,4.652520179748535,4.623278617858887,14
1310,4.765048027038574,4.722748279571533,17
1311,4.554585933685303,4.546512126922607,20
1312,4.661870002746582,4.639770984649658,20
1313,4.708896636962891,4.691730499267578,19
1314,4.602926731109619,4.587275505065918,14
1315,4.534553050994873,4.534553050994873,4
1316,4.489125728607178,4.5602898597717285,13
1317,3.920457124710083,4.08039665222168,20
1318,4.659701824188232,4.659701824188232,11
1319,4.5732035636901855,4.5732035636901855,11
1320,4.547719955444336,4.521930694580078,11
1321,4.6114020347595215,4.6114020347595215,18
1322,4.731780052185059,4.65619421005249,8
1323,4.527245998382568,4.527245998382568,9
1324,4.682089328765869,4.73661470413208,9
1325,4.759848594665527,4.765100955963135,11
1326,4.538804054260254,4.538804054260254,6
1327,4.547754764556885,4.547754764556885,10
1328,4.609517574310303,4.626802921295166,20
1329,4.4813361167907715,4.4813361167907715,12
1330,4.475338459014893,4.55750036239624,9
1331,4.661859512329102,4.7058844566345215,17
1332,4.707920551300049,4.667362213134766,10
1333,4.620957374572754,4.619751453399658,13
1334,4.516284465789795,4.534013271331787,20
1335,4.88931131362915,4.88931131362915,18
1336,4.4927449226379395,4.487072944641113,9
1337,4.270474433898926,4.270474433898926,5
1338,4.632380962371826,4.6004533767700195,5
1339,4.390995502471924,4.351818561553955,12
1340,4.768428325653076,4.752339839935303,15
1341,4.833764553070068,4.833764553070068,16
1342,4.855475425720215,4.855475425720215,20
1343,4.667318344116211,4.672191619873047,17
1344,4.6624674797058105,4.637241840362549,14
1345,4.325862884521484,4.325862884521484,8
1346,4.7305145263671875,4.7305145263671875,20
1347,4.77523136138916,4.77523136138916,20
1348,4.849771022796631,4.849771022796631,20
1349,4.52329683303833,4.568869113922119,14
1350,4.429297924041748,4.429297924041748,5
1351,4.259695053100586,4.264619827270508,3
1352,4.353856086730957,4.373633861541748,20
1353,4.503439426422119,4.5358123779296875,8
1354,4.696932315826416,4.754366874694824,17
1355,4.484943389892578,4.549131870269775,20
1356,4.608475685119629,4.608475685119629,13
1357,4.60528564453125,4.60528564453125,9
1358,4.647077560424805,4.697077751159668,10
1359,4.797120571136475,4.782528877258301,17
1360,4.185637950897217,4.185637950897217,3
1361,4.5323710441589355,4.636414051055908,20
1362,4.628847599029541,4.618139266967773,12
1363,4.452365398406982,4.452365398406982,4
1364,4.791728496551514,4.760800838470459,20
1365,4.627819538116455,4.656125545501709,9
1366,4.804949760437012,4.809240818023682,9
1367,4.703537464141846,4.703537464141846,20
1368,4.669765949249268,4.638935565948486,17
1369,4.3918070793151855,4.3918070793151855,20
1370,4.611398696899414,4.614502906799316,9
1371,4.290401935577393,4.36505651473999,20
1372,4.866425037384033,4.866425037384033,20
1373,4.516167640686035,4.50567102432251,7
1374,4.768758296966553,4.768758296966553,10
1375,4.767430782318115,4.767430782318115,17
1376,4.567262172698975,4.4921956062316895,17
1377,4.806063175201416,4.806063175201416,19
1378,4.469359874725342,4.395004749298096,8
1379,4.492031097412109,4.528262615203857,7
1380,4.752181053161621,4.752181053161621,20
1381,4.534422874450684,4.533329963684082,6
1382,4.730294704437256,4.764859199523926,13
1383,4.570269584655762,4.570269584655762,8
1384,4.80499267578125,4.786148548126221,20
1385,4.879974365234375,4.879974365234375,20
1386,4.874641418457031,4.874641418457031,20
1387,4.814517498016357,4.826125621795654,16
1388,4.3975725173950195,4.3975725173950195,6
1389,4.481177806854248,4.498593807220459,14
1390,4.3205180168151855,4.383413314819336,13
1391,4.699338436126709,4.699338436126709,20
1392,4.7017316818237305,4.700246810913086,19
1393,4.557228088378906,4.557228088378906,3
1394,4.800875663757324,4.794060707092285,13
1395,4.631062030792236,4.631062030792236,20
1396,4.54545259475708,4.56920051574707,11
1397,4.866109848022461,4.866109848022461,20
1398,4.468623161315918,4.430636882781982,19
1399,4.889386177062988,4.883848667144775,9
1400,4.733030319213867,4.733030319213867,20
1401,4.385248184204102,4.3703131675720215,19
1402,4.556304454803467,4.534266948699951,6
1403,4.70510721206665,4.687273979187012,20
1404,4.572712421417236,4.568702697753906,16
1405,4.518778324127197,4.503538608551025,8
1406,4.42231559753418,4.468863487243652,8
1407,4.484750270843506,4.351352214813232,20
1408,4.673906326293945,4.663120746612549,3
1409,4.418498516082764,4.367011070251465,20
1410,4.555352210998535,4.555352210998535,20
1411,4.811025619506836,4.811025619506836,20
1412,4.702117443084717,4.702117443084717,20
1413,4.5747971534729,4.549405097961426,4
1414,4.918819427490234,4.915839672088623,20
1415,4.410837173461914,4.410837173461914,5
1416,4.389631271362305,4.389631271362305,3
1417,4.569931507110596,4.408507823944092,8
1418,4.72136116027832,4.766286849975586,20
1419,4.847765922546387,4.847765922546387,16
1420,4.394907474517822,4.394907474517822,20
1421,4.782374858856201,4.789648056030273,15
1422,4.184057712554932,4.184057712554932,4
1423,4.683562278747559,4.697308540344238,13
1424,4.5436296463012695,4.5436296463012695,9
1425,4.611599922180176,4.591836929321289,17
1426,4.541275501251221,4.541275501251221,20
1427,4.541740417480469,4.547940254211426,11
1428,4.281045913696289,4.281045913696289,11
1429,4.432958126068115,4.452785015106201,20
1430,4.737759113311768,4.733310222625732,20
1431,4.558021545410156,4.613166332244873,18
1432,4.626075267791748,4.615241527557373,14
1433,4.505942344665527,4.505942344665527,9
1434,4.597961902618408,4.581358909606934,15
1435,4.8735575675964355,4.8735575675964355,20
1436,4.336957931518555,4.336957931518555,5
1437,4.687419414520264,4.683790683746338,12
1438,4.656169414520264,4.656169414520264,17
1439,4.835295677185059,4.835295677185059,20
1440,4.6329145431518555,4.634167194366455,11
1441,4.7801289558410645,4.778656005859375,11
1442,4.723649024963379,4.706569194793701,8
1443,4.728777885437012,4.728777885437012,20
1444,4.655660152435303,4.649455547332764,20
1445,4.764366149902344,4.769517421722412,19
1446,4.695367336273193,4.711943626403809,19
1447,4.701222896575928,4.701222896575928,17
1448,4.4621405601501465,4.423328876495361,14
1449,4.6669230461120605,4.702671527862549,20
1450,4.752243518829346,4.75213098526001,12
1451,4.639263153076172,4.640976428985596,19
1452,4.722411155700684,4.726585865020752,14
1453,4.868290901184082,4.868290901184082,20
1454,4.043598175048828,4.043598175048828,4
1455,4.552491664886475,4.5290937423706055,19
1456,4.721961975097656,4.803145885467529,12
1457,4.641140937805176,4.700854778289795,5
1458,4.4654154777526855,4.464399337768555,14
1459,4.531823635101318,4.49318790435791,8
1460,4.503324031829834,4.512084484100342,20
1461,4.430331707000732,4.422138690948486,5
1462,4.646127223968506,4.754117488861084,12
1463,4.565420150756836,4.567138195037842,11
1464,4.811055660247803,4.811055660247803,20
1465,4.131886959075928,4.131886959075928,3
1466,4.529422283172607,4.483506202697754,3
1467,4.548826217651367,4.548826217651367,3
1468,4.529857635498047,4.616127967834473,4
1469,4.566908359527588,4.657772541046143,11
1470,4.398224353790283,4.370223045349121,6
1471,4.539920330047607,4.5439772605896,6
1472,4.743810653686523,4.773047924041748,19
1473,4.544066905975342,4.544066905975342,20
1474,4.706395149230957,4.703000545501709,15
1475,4.4293742179870605,4.501997470855713,5
1476,4.386505603790283,4.282834053039551,20
1477,4.588066577911377,4.588066577911377,20
1478,4.908700942993164,4.908700942993164,20
1479,4.683484077453613,4.608891010284424,14
1480,4.754378318786621,4.7696003913879395,19
1481,4.7199482917785645,4.7199482917785645,20
1482,4.473912239074707,4.473912239074707,9
1483,4.744720458984375,4.74725341796875,10
1484,4.532775402069092,4.50427770614624,8
1485,4.8917059898376465,4.8917059898376465,20
1486,4.87915563583374,4.857606887817383,20
1487,4.377426624298096,4.377426624298096,6
1488,4.418811321258545,4.423707485198975,7
1489,4.6278276443481445,4.6278276443481445,4
1490,4.526001930236816,4.647463798522949,15
1491,4.541782855987549,4.541782855987549,16
1492,4.639185428619385,4.639185428619385,8
1493,4.87137508392334,4.87137508392334,20
1494,4.736993789672852,4.696516990661621,20
1495,4.423736095428467,4.469241619110107,15
1496,4.779258728027344,4.779258728027344,20
1497,4.814123630523682,4.795350074768066,20
1498,4.650763034820557,4.602174282073975,18
1499,4.766632556915283,4.7517876625061035,12
1500,4.364218235015869,4.364218235015869,3
1501,4.682958126068115,4.687056064605713,20
1502,4.234361171722412,4.227992534637451,20
1503,4.656919002532959,4.6495280265808105,20
1504,4.702075958251953,4.702075958251953,19
1505,4.673824310302734,4.666566371917725,13
1506,4.762606143951416,4.759835243225098,20
1507,4.571911811828613,4.326075077056885,12
1508,4.297170639038086,4.297170639038086,6
1509,4.417495250701904,4.404634952545166,11
1510,4.5663161277771,4.637375831604004,14
1511,4.845906734466553,4.845906734466553,20
1512,4.513165473937988,4.613326549530029,16
1513,4.795398712158203,4.800140857696533,20
1514,4.5146918296813965,4.496767520904541,7
1515,4.1604533195495605,4.1604533195495605,3
1516,4.171578407287598,4.171578407287598,3
1517,4.453114032745361,4.53794527053833,16
1518,4.533230304718018,4.4556169509887695,20
1519,4.609776496887207,4.5650763511657715,20
1520,4.841206073760986,4.843649864196777,20
1521,4.480283260345459,4.4849772453308105,20
1522,4.83458137512207,4.83458137512207,18
1523,4.488008975982666,4.609437942504883,20
1524,4.729727745056152,4.658682346343994,11
1525,4.484035015106201,4.484035015106201,6
1526,4.677323818206787,4.68334436416626,19
1527,4.421741485595703,4.291460037231445,19
1528,4.1334919929504395,4.1334919929504395,3
1529,4.613403797149658,4.614813327789307,11
1530,4.752685070037842,4.752685070037842,6
1531,4.685520172119141,4.593743801116943,20
1532,4.7415008544921875,4.7415008544921875,10
1533,4.49140739440918,4.49140739440918,12
1534,4.620105743408203,4.61939001083374,4
1535,4.711395263671875,4.752893924713135,20
1536,4.659051418304443,4.626546859741211,13
1537,4.586103439331055,4.595165729522705,15
1538,4.87637996673584,4.87637996673584,20
1539,4.589786529541016,4.638401985168457,9
1540,4.550584316253662,4.564624309539795,9
1541,4.618776798248291,4.606234073638916,6
1542,4.484518051147461,4.479884147644043,15
1543,4.71636962890625,4.71636962890625,20
1544,4.649255752563477,4.620127201080322,18
1545,4.484699726104736,4.556064128875732,9
1546,4.634049415588379,4.634049415588379,8
1547,4.815994739532471,4.815994739532471,20
1548,4.625764846801758,4.625764846801758,13
1549,4.495426177978516,4.501327991485596,8
1550,4.510203838348389,4.641213893890381,15
1551,4.173027038574219,4.180753231048584,20
1552,4.672271728515625,4.709353923797607,17
1553,4.519803047180176,4.448967456817627,18
1554,4.9361443519592285,4.9361443519592285,20
1555,4.722606658935547,4.727510452270508,20
1556,4.631947040557861,4.591869354248047,15
1557,4.8347673416137695,4.828457355499268,14
1558,3.9235286712646484,4.098573684692383,12
1559,4.677961826324463,4.677961826324463,9
1560,4.471626281738281,4.498421669006348,13
1561,4.5501322746276855,4.5501322746276855,12
1562,4.428310871124268,4.428310871124268,20
1563,4.70570707321167,4.627897262573242,20
1564,4.353493690490723,4.35664176940918,6
1565,4.747624397277832,4.7625956535339355,16
1566,4.6241960525512695,4.599806785583496,12
1567,4.580059051513672,4.608829498291016,20
1568,4.647819519042969,4.615416049957275,16
1569,4.404879570007324,4.519371509552002,20
1570,4.668519496917725,4.668519496917725,20
1571,4.664444446563721,4.666049480438232,13
1572,4.538166522979736,4.558382987976074,12
1573,4.736148834228516,4.783224105834961,19
1574,4.175004959106445,4.175004959106445,3
1575,4.641881942749023,4.641881942749023,4
1576,4.898742198944092,4.898742198944092,20
1577,4.444885730743408,4.444885730743408,5
1578,4.783047676086426,4.749953746795654,11
1579,4.667524814605713,4.754299640655518,12
1580,4.47743558883667,4.47743558883667,3
1581,4.552069664001465,4.539280891418457,4
1582,4.28029203414917,4.28029203414917,8
1583,4.681778430938721,4.681778430938721,10
1584,4.583976745605469,4.621609687805176,7
1585,4.523663520812988,4.523663520812988,7
1586,4.751150608062744,4.754134654998779,20
1587,4.65053653717041,4.6275954246521,7
1588,4.377525329589844,4.371710300445557,11
1589,4.831758499145508,4.7851033210754395,18
1590,4.578157424926758,4.608674049377441,13
1591,4.134443283081055,4.134443283081055,3
1592,4.597964763641357,4.62277364730835,18
1593,4.725330829620361,4.761017322540283,19
1594,4.4933180809021,4.4933180809021,7
1595,4.603356838226318,4.615954875946045,12
1596,4.445047378540039,4.312445640563965,7
1597,4.683332443237305,4.6936564445495605,20
1598,4.810593605041504,4.810593605041504,20
1599,4.384620189666748,4.384620189666748,3
1600,4.704579830169678,4.704579830169678,9
1601,4.354815483093262,4.303946018218994,4
1602,4.543996334075928,4.60137414932251,12
1603,4.584115982055664,4.711934566497803,8
1604,4.705066680908203,4.721374034881592,12
1605,4.210793972015381,4.210793972015381,3
1606,4.443848609924316,4.443848609924316,6
1607,4.582724571228027,4.582724571228027,6
1608,4.85049295425415,4.849992275238037,17
1609,4.387784004211426,4.387784004211426,14
1610,4.571397304534912,4.516655921936035,19
1611,4.500020980834961,4.500020980834961,6
1612,4.682949542999268,4.682949542999268,10
1613,4.496479511260986,4.622096061706543,20
1614,4.694861888885498,4.694861888885498,18
1615,4.664589881896973,4.651957988739014,20
1616,4.628997325897217,4.641884803771973,20
1617,4.500463962554932,4.561938285827637,19
1618,4.72957706451416,4.728799343109131,19
1619,4.139426231384277,4.139426231384277,3
1620,4.540136814117432,4.621072292327881,8
1621,4.276127815246582,4.3924078941345215,9
1622,4.6961350440979,4.7334184646606445,14
1623,4.564817905426025,4.567573070526123,20
1624,4.5780839920043945,4.5780839920043945,9
1625,4.820645809173584,4.820645809173584,20
1626,4.499291896820068,4.519618988037109,20
1627,4.71891975402832,4.71891975402832,17
1628,4.331362247467041,4.281181812286377,6
1629,4.511961460113525,4.5693464279174805,17
1630,4.772608280181885,4.7651872634887695,20
1631,4.839552879333496,4.839552879333496,15
1632,4.477898120880127,4.503773212432861,15
1633,4.4963555335998535,4.5162353515625,20
1634,4.704451084136963,4.704451084136963,9
1635,4.871735095977783,4.871735095977783,20
1636,4.86000394821167,4.86000394821167,20
1637,4.598757743835449,4.639822483062744,14
1638,4.417666912078857,4.445117950439453,8
1639,4.693958759307861,4.693958759307861,13
1640,4.719940185546875,4.801659107208252,18
1641,4.283175468444824,4.283175468444824,4
1642,4.815359592437744,4.831679344177246,17
1643,4.531102180480957,4.531102180480957,13
1644,4.089646339416504,4.089646339416504,3
1645,4.5199666023254395,4.530167102813721,20
1646,4.6864519119262695,4.6864519119262695,20
1647,4.254426002502441,4.314205169677734,8
1648,4.625533580780029,4.564350605010986,20
1649,4.480561256408691,4.480561256408691,3
1650,4.642775058746338,4.728032112121582,7
1651,4.569128036499023,4.5748291015625,7
1652,4.810306072235107,4.82012414932251,20
1653,4.33090877532959,4.409162521362305,20
1654,4.571812152862549,4.571812152862549,10
1655,4.079884052276611,4.079884052276611,3
1656,4.640446662902832,4.60658597946167,10
1657,4.186326503753662,4.108287334442139,20
1658,4.679800987243652,4.679800987243652,5
1659,4.451098918914795,4.473725318908691,8
1660,4.625707626342773,4.534606456756592,20
1661,4.7388916015625,4.754137992858887,6
1662,4.499797821044922,4.499797821044922,6
1663,4.875782012939453,4.871236324310303,20
1664,4.710107326507568,4.53679084777832,20
1665,4.590739727020264,4.590739727020264,6
1666,4.39483642578125,4.39483642578125,14
1667,4.857439041137695,4.886063098907471,17
1668,4.593765735626221,4.515305042266846,20
1669,4.644702434539795,4.559423923492432,10
1670,4.763510227203369,4.763510227203369,16
1671,4.468827724456787,4.468827724456787,5
1672,4.664742469787598,4.641030311584473,15
1673,4.589257717132568,4.601687431335449,20
1674,4.424986362457275,4.440779209136963,4
1675,4.730323791503906,4.72998571395874,20
1676,4.698987007141113,4.698987007141113,15
1677,4.779067039489746,4.832258224487305,20
1678,4.826632976531982,4.826632976531982,18
1679,4.447531223297119,4.465258598327637,20
1680,4.756293773651123,4.72625207901001,20
1681,4.645380020141602,4.639667987823486,20
1682,4.890250205993652,4.890250205993652,20
1683,4.135664463043213,4.214372634887695,4
1684,4.816049575805664,4.816049575805664,20
1685,4.743067264556885,4.743067264556885,20
1686,4.541740417480469,4.541740417480469,4
1687,4.452539443969727,4.384557723999023,6
1688,4.838399410247803,4.838399410247803,13
1689,4.68517541885376,4.677652835845947,15
1690,4.418309688568115,4.418309688568115,4
1691,4.8534979820251465,4.848651885986328,19
1692,4.4399638175964355,4.42137336730957,11
1693,4.4056525230407715,4.333354949951172,5
1694,4.688786506652832,4.688786506652832,5
1695,4.30333948135376,4.25674295425415,20
1696,4.50697660446167,4.53324556350708,19
1697,4.670836448669434,4.609574794769287,20
1698,4.751181125640869,4.750156402587891,14
1699,4.394754886627197,4.216552257537842,18
1700,4.059168815612793,4.059168815612793,3
1701,4.442261219024658,4.367207050323486,8
1702,4.405207633972168,4.405207633972168,19
1703,4.612936496734619,4.633060455322266,20
1704,4.758633613586426,4.746217250823975,11
1705,4.592769622802734,4.592769622802734,13
1706,4.811164379119873,4.811164379119873,20
1707,4.725032329559326,4.725032329559326,18
1708,4.785449028015137,4.785449028015137,19
1709,4.676761150360107,4.676761150360107,9
1710,4.814574718475342,4.814574718475342,20
1711,4.762429237365723,4.762429237365723,12
1712,4.754457473754883,4.754457473754883,20
1713,4.662073135375977,4.662073135375977,20
1714,4.8188605308532715,4.8188605308532715,20
1715,4.517621994018555,4.517621994018555,6
1716,4.377946376800537,4.377946376800537,3
1717,4.811800479888916,4.811800479888916,20
1718,4.863084316253662,4.863084316253662,19
1719,4.422543525695801,4.422543525695801,6
1720,4.6462931632995605,4.6462931632995605,20
1721,4.517322063446045,4.517322063446045,15
1722,4.377900123596191,4.377900123596191,16
1723,4.772400379180908,4.772400379180908,20
1724,4.657611846923828,4.657611846923828,4
1725,4.743312358856201,4.743312358856201,16
1726,4.409177780151367,4.409177780151367,6
1727,4.810525417327881,4.810525417327881,20
1728,4.544638156890869,4.544638156890869,20
1729,4.706943035125732,4.706943035125732,9
1730,4.796754837036133,4.796754837036133,20
1731,4.6386590003967285,4.6386590003967285,9
1732,4.601041316986084,4.601041316986084,13
1733,4.706974506378174,4.706974506378174,14
1734,4.883699417114258,4.883699417114258,20
1735,4.676579475402832,4.676579475402832,9
1736,4.688989639282227,4.688989639282227,16
1737,4.734174728393555,4.734174728393555,19
1738,4.455981731414795,4.455981731414795,7
1739,4.701539993286133,4.701539993286133,15
1740,4.52421236038208,4.52421236038208,4
1741,4.698788166046143,4.698788166046143,20
1742,4.6860432624816895,4.6860432624816895,20
1743,4.356130599975586,4.356130599975586,7
1744,4.7152323722839355,4.7152323722839355,20
1745,4.055511474609375,4.055511474609375,7
1746,4.858033657073975,4.858033657073975,20
1747,4.155534267425537,4.155534267425537,5
1748,4.7365946769714355,4.7365946769714355,18
1749,4.918961524963379,4.918961524963379,20
1750,4.371469497680664,4.371469497680664,8
1751,4.81548547744751,4.81548547744751,18
1752,4.609281539916992,4.609281539916992,20
1753,4.897854328155518,4.897854328155518,20
1754,4.404582977294922,4.404582977294922,5
1755,4.721165657043457,4.721165657043457,5
1756,4.913849353790283,4.913849353790283,20
1757,4.567861557006836,4.567861557006836,16
1758,4.635477066040039,4.635477066040039,15
1759,4.344973564147949,4.344973564147949,3
1760,4.489943027496338,4.489943027496338,10
1761,4.302746295928955,4.302746295928955,3
1762,4.576778411865234,4.576778411865234,11
1763,4.500205993652344,4.500205993652344,4
1764,4.463376045227051,4.463376045227051,7
1765,4.720585823059082,4.720585823059082,19
1766,4.681521415710449,4.681521415710449,17
1767,4.680441856384277,4.680441856384277,15
1768,4.4766926765441895,4.4766926765441895,5
1769,4.46256160736084,4.46256160736084,20
1770,4.559374809265137,4.559374809265137,18
1771,4.875462532043457,4.875462532043457,20
1772,4.6527509689331055,4.6527509689331055,10
1773,4.73525857925415,4.73525857925415,15
1774,4.718320369720459,4.718320369720459,20
1775,4.62176513671875,4.62176513671875,20
1776,4.634279251098633,4.634279251098633,16
1777,4.7246294021606445,4.7246294021606445,18
1778,4.190501689910889,4.190501689910889,3
1779,4.753688812255859,4.753688812255859,20
1780,4.826766490936279,4.826766490936279,12
1781,4.593177318572998,4.593177318572998,16
1782,4.584458351135254,4.584458351135254,6
1783,4.578421115875244,4.578421115875244,20
1784,4.1783599853515625,4.1783599853515625,3
1785,4.876331329345703,4.876331329345703,20
1786,4.813905239105225,4.813905239105225,20
1787,4.776241779327393,4.776241779327393,20
1788,4.399085521697998,4.399085521697998,11
1789,4.4680962562561035,4.4680962562561035,5
1790,4.528234004974365,4.528234004974365,12
1791,4.491204261779785,4.491204261779785,6
1792,4.667689800262451,4.667689800262451,20
1793,4.873876094818115,4.873876094818115,20
1794,4.2660932540893555,4.2660932540893555,20
1795,4.60590124130249,4.60590124130249,17
1796,4.658683776855469,4.658683776855469,20
1797,4.491382122039795,4.491382122039795,10
1798,4.44147253036499,4.44147253036499,10
1799,4.825079441070557,4.825079441070557,20
1800,4.5524773597717285,4.5524773597717285,20
1801,4.709303379058838,4.709303379058838,12
1802,4.620697021484375,4.620697021484375,17
1803,4.575223922729492,4.575223922729492,20
1804,4.515988826751709,4.515988826751709,18
1805,4.658646583557129,4.658646583557129,6
1806,4.798646450042725,4.798646450042725,13
1807,4.281032562255859,4.281032562255859,4
1808,4.110167503356934,4.110167503356934,3
1809,4.689986705780029,4.689986705780029,13
1810,4.140478610992432,4.140478610992432,3
1811,4.845001697540283,4.845001697540283,20
1812,4.436761379241943,4.436761379241943,20
1813,4.534581661224365,4.534581661224365,20
1814,4.574357032775879,4.574357032775879,12
1815,4.649056911468506,4.649056911468506,18
1816,4.633009433746338,4.633009433746338,17
1817,4.739141464233398,4.739141464233398,20
1818,4.679004669189453,4.679004669189453,20
1819,4.671079635620117,4.671079635620117,20
1820,4.811302661895752,4.811302661895752,18
1821,4.225210189819336,4.225210189819336,4
1822,4.129265308380127,4.129265308380127,4
1823,4.381480693817139,4.381480693817139,9
1824,4.550986289978027,4.550986289978027,19
1825,4.820735454559326,4.820735454559326,13
1826,4.445700168609619,4.445700168609619,8
1827,4.624269008636475,4.624269008636475,4
1828,4.313313007354736,4.313313007354736,6
1829,4.516085147857666,4.516085147857666,10
1830,4.445832252502441,4.445832252502441,9
1831,4.861539363861084,4.861539363861084,20
1832,4.890432834625244,4.890432834625244,20
1833,4.539962291717529,4.539962291717529,18
1834,4.718818664550781,4.718818664550781,20
1835,4.651356220245361,4.651356220245361,10
1836,4.461550235748291,4.461550235748291,4
1837,4.404304504394531,4.404304504394531,16
1838,4.043735980987549,4.043735980987549,3
1839,4.829005241394043,4.829005241394043,20
1840,4.670953273773193,4.670953273773193,4
1841,4.869497299194336,4.869497299194336,20
1842,4.542112827301025,4.542112827301025,14
1843,4.1355390548706055,4.1355390548706055,20
1844,4.625702857971191,4.625702857971191,3
1845,4.467143535614014,4.467143535614014,14
1846,4.3138813972473145,4.3138813972473145,15
1847,4.6626200675964355,4.6626200675964355,16
1848,4.893841743469238,4.893841743469238,20
1849,4.844669342041016,4.844669342041016,20
1850,4.289681911468506,4.289681911468506,20
1851,4.853647232055664,4.853647232055664,17
1852,4.7680583000183105,4.7680583000183105,12
1853,4.613975524902344,4.613975524902344,6
1854,4.701627254486084,4.701627254486084,17
1855,4.742590427398682,4.742590427398682,20
1856,4.628861427307129,4.628861427307129,9
1857,4.55755090713501,4.55755090713501,11
1858,4.6840338706970215,4.6840338706970215,14
1859,4.579292297363281,4.579292297363281,19
1860,4.4272780418396,4.4272780418396,10
1861,4.78117561340332,4.78117561340332,20
1862,4.637649059295654,4.637649059295654,14
1863,4.385059833526611,4.385059833526611,4
1864,4.778980731964111,4.778980731964111,13
1865,4.3241753578186035,4.3241753578186035,15
1866,4.874237537384033,4.874237537384033,20
1867,4.681276798248291,4.681276798248291,13
1868,4.514339923858643,4.514339923858643,12
1869,4.598363399505615,4.598363399505615,7
1870,4.391068935394287,4.391068935394287,10
1871,4.858672618865967,4.858672618865967,20
1872,4.602232456207275,4.602232456207275,12
1873,4.8155837059021,4.8155837059021,7
1874,4.824783802032471,4.824783802032471,14
1875,4.845407009124756,4.845407009124756,20
1876,4.480760097503662,4.480760097503662,9
1877,4.617374897003174,4.617374897003174,13
1878,4.447948455810547,4.447948455810547,20
1879,4.501302242279053,4.501302242279053,14
1880,4.387414455413818,4.387414455413818,5
1881,4.7197771072387695,4.7197771072387695,20
1882,4.765072345733643,4.765072345733643,16
1883,4.173764228820801,4.173764228820801,5
1884,4.828878879547119,4.828878879547119,20
1885,4.8513593673706055,4.8513593673706055,20
1886,4.619228363037109,4.619228363037109,20
1887,4.354815483093262,4.354815483093262,9
1888,4.687466621398926,4.687466621398926,20
1889,4.5785040855407715,4.5785040855407715,16
1890,4.722915172576904,4.722915172576904,8
1891,4.723167419433594,4.723167419433594,7
1892,4.456853866577148,4.456853866577148,20
1893,4.469240188598633,4.469240188598633,7
1894,4.687077045440674,4.687077045440674,7
1895,4.876575946807861,4.876575946807861,14
1896,4.46504545211792,4.46504545211792,14
1897,4.572140216827393,4.572140216827393,19
1898,4.923193454742432,4.923193454742432,18
1899,4.8576226234436035,4.8576226234436035,20
1900,4.820119857788086,4.820119857788086,19
1901,4.515413284301758,4.515413284301758,9
1902,4.577208042144775,4.577208042144775,5
1903,4.3240814208984375,4.3240814208984375,11
1904,4.701761722564697,4.701761722564697,20
1905,4.632160663604736,4.632160663604736,20
1906,4.475152015686035,4.475152015686035,8
1907,4.7374067306518555,4.7374067306518555,20
1908,4.836688995361328,4.836688995361328,20
1909,4.718001365661621,4.718001365661621,14
1910,4.594421863555908,4.594421863555908,5
1911,4.72705602645874,4.72705602645874,17
1912,4.86681604385376,4.86681604385376,18
1913,4.580607891082764,4.580607891082764,12
1914,4.788238048553467,4.788238048553467,20
1915,4.900773048400879,4.900773048400879,19
1916,4.784865856170654,4.784865856170654,9
1917,4.436906337738037,4.436906337738037,3
1918,4.851624011993408,4.851624011993408,15
1919,4.698173522949219,4.698173522949219,10
1920,4.508393287658691,4.508393287658691,13
1921,4.252340316772461,4.252340316772461,3
1922,4.584018707275391,4.584018707275391,16
1923,4.8566765785217285,4.8566765785217285,15
1924,4.75326681137085,4.75326681137085,20
1925,4.72228479385376,4.72228479385376,14
1926,4.567025661468506,4.567025661468506,10
1927,4.671581268310547,4.671581268310547,20
1928,4.9278483390808105,4.9278483390808105,19
1929,4.425889492034912,4.425889492034912,7
1930,4.568872451782227,4.568872451782227,8
1931,4.727656364440918,4.727656364440918,20
1932,4.410107612609863,4.410107612609863,14
1933,4.7534894943237305,4.7534894943237305,17
1934,4.737475395202637,4.737475395202637,9
1935,4.0213117599487305,4.0213117599487305,10
1936,4.7198028564453125,4.7198028564453125,17
1937,4.750918388366699,4.750918388366699,17
1938,4.528830528259277,4.528830528259277,7
1939,4.710875511169434,4.710875511169434,20
1940,4.447714805603027,4.447714805603027,8
1941,4.361936569213867,4.361936569213867,9
1942,4.563783645629883,4.563783645629883,12
1943,4.832207679748535,4.832207679748535,20
1944,4.294333457946777,4.294333457946777,5
1945,4.496811866760254,4.496811866760254,18
1946,4.754791259765625,4.754791259765625,11
1947,4.33914852142334,4.33914852142334,3
1948,4.075817108154297,4.075817108154297,3
1949,4.677793025970459,4.677793025970459,17
1950,4.69863748550415,4.69863748550415,17
1951,4.456170082092285,4.456170082092285,9
1952,4.481176853179932,4.481176853179932,16
1953,4.632105827331543,4.632105827331543,20
1954,4.693394660949707,4.693394660949707,20
1955,4.771543979644775,4.771543979644775,20
1956,4.372152805328369,4.372152805328369,4
1957,4.494974613189697,4.494974613189697,15
1958,4.888162136077881,4.888162136077881,20
1959,4.6669087409973145,4.6669087409973145,16
1960,4.611171245574951,4.611171245574951,10
1961,4.75684118270874,4.75684118270874,11
1962,4.784080982208252,4.784080982208252,14
1963,4.886102199554443,4.886102199554443,20
1964,4.857009410858154,4.857009410858154,20
1965,4.399137496948242,4.399137496948242,11
1966,4.71038818359375,4.71038818359375,11
1967,4.681902885437012,4.681902885437012,7
1968,4.437507152557373,4.437507152557373,8
1969,4.611010551452637,4.611010551452637,12
1970,4.632884979248047,4.632884979248047,10
1971,4.568902015686035,4.568902015686035,8
1972,4.529828071594238,4.529828071594238,16
1973,4.544788360595703,4.544788360595703,8
1974,4.712302207946777,4.712302207946777,12
1975,4.679858684539795,4.679858684539795,13
1976,4.320631504058838,4.320631504058838,20
1977,4.3317484855651855,4.3317484855651855,4
1978,4.5937886238098145,4.5937886238098145,16
1979,4.710411548614502,4.710411548614502,8
1980,4.633610725402832,4.633610725402832,14
1981,4.5306596755981445,4.5306596755981445,8
1982,4.728649616241455,4.728649616241455,16
1983,4.444012641906738,4.444012641906738,6
1984,4.379665851593018,4.379665851593018,5
1985,4.658681392669678,4.651296615600586,18
1986,4.618685722351074,4.618685722351074,17
1987,4.5424485206604,4.642849445343018,20
1988,4.613641262054443,4.639273166656494,17
1989,4.698879241943359,4.708305358886719,20
1990,4.2684783935546875,4.2981438636779785,7
1991,4.731889247894287,4.751554012298584,17
1992,4.718511581420898,4.718511581420898,15
1993,4.828413963317871,4.796691417694092,11
1994,4.549927711486816,4.549927711486816,16
1995,4.172154426574707,4.144032955169678,18
1996,4.7715678215026855,4.7715678215026855,16
1997,4.385634899139404,4.411015033721924,7
1998,4.356655597686768,4.356655597686768,4
1999,4.718077182769775,4.746799468994141,20
2000,4.333096981048584,4.407782077789307,8
2001,4.81146764755249,4.81146764755249,20
2002,4.7265849113464355,4.7265849113464355,20
2003,4.8248820304870605,4.832000255584717,20
2004,4.774764537811279,4.774764537811279,20
2005,4.6694440841674805,4.6694440841674805,14
2006,4.668653964996338,4.653975486755371,10
2007,4.5958404541015625,4.595612049102783,9
2008,4.552781581878662,4.552781581878662,10
2009,4.378737449645996,4.360307693481445,9
2010,4.896638870239258,4.896638870239258,20
2011,4.544051647186279,4.557096481323242,20
2012,4.683468341827393,4.736484527587891,17
2013,4.859945774078369,4.859945774078369,20
2014,4.853278636932373,4.853278636932373,20
2015,4.118239402770996,4.118239402770996,3
2016,4.365132808685303,4.365132808685303,3
2017,4.8815226554870605,4.8815226554870605,20
2018,4.61711311340332,4.665446758270264,15
2019,4.499723434448242,4.514443397521973,10
2020,4.567948818206787,4.567948818206787,20
2021,4.626346111297607,4.622723579406738,7
2022,4.641076564788818,4.6173295974731445,10
2023,4.70409631729126,4.679619312286377,20
2024,4.6930718421936035,4.6547417640686035,12
2025,4.648458480834961,4.648458480834961,16
2026,4.767391681671143,4.74129056930542,20
2027,4.732975959777832,4.732975959777832,19
2028,4.267194747924805,4.267194747924805,3
2029,4.558134078979492,4.529730319976807,16
2030,4.339930057525635,4.339930057525635,6
2031,4.655012607574463,4.669440746307373,13
2032,4.503961086273193,4.503961086273193,5
2033,4.756948947906494,4.693770408630371,15
2034,4.901193141937256,4.901193141937256,20
2035,4.351311206817627,4.277358531951904,6
2036,4.794386386871338,4.794386386871338,20
2037,4.707489013671875,4.703711032867432,20
2038,4.594778060913086,4.668937683105469,8
2039,4.4357452392578125,4.4357452392578125,8
2040,4.706559658050537,4.692795276641846,20
2041,4.631012439727783,4.636036396026611,13
2042,4.466716766357422,4.466716766357422,4
2043,4.514640808105469,4.514640808105469,6
2044,4.592671871185303,4.562896251678467,6
2045,4.799732685089111,4.788893699645996,15
2046,4.433783531188965,4.433783531188965,3
2047,4.719487190246582,4.700204849243164,5
2048,4.486159801483154,4.473340034484863,14
2049,4.455471992492676,4.455471992492676,11
2050,4.706058979034424,4.706058979034424,18
2051,4.442729473114014,4.387462139129639,9
2052,4.425402641296387,4.272335529327393,20
2053,4.5180864334106445,4.440614700317383,16
2054,4.3355607986450195,4.3355607986450195,3
2055,4.191874980926514,4.191874980926514,3
2056,4.835650444030762,4.835650444030762,20
2057,4.357136249542236,4.453624725341797,4
2058,4.127862453460693,4.165981769561768,4
2059,4.7721147537231445,4.791531562805176,20
2060,4.711909770965576,4.73657751083374,20
2061,4.764965534210205,4.768931865692139,20
2062,4.8084397315979,4.8084397315979,15
2063,4.672216892242432,4.679895877838135,14
2064,4.640443325042725,4.640443325042725,20
2065,4.324708461761475,4.324708461761475,4
2066,4.486949443817139,4.400381088256836,5
2067,4.858247756958008,4.868890285491943,20
2068,4.587402820587158,4.587402820587158,20
2069,4.152593612670898,4.152593612670898,5
2070,4.162948131561279,4.162948131561279,3
2071,4.39825963973999,4.442653656005859,13
2072,4.193460941314697,4.17747163772583,5
2073,4.594569683074951,4.519608020782471,17
2074,4.77296257019043,4.77296257019043,19
2075,4.707464694976807,4.746616363525391,18
2076,4.597201824188232,4.597201824188232,20
2077,4.698924541473389,4.709482669830322,20
2078,4.888034820556641,4.888034820556641,20
2079,4.417713165283203,4.412647724151611,7
2080,4.81601095199585,4.81601095199585,20
2081,4.575839996337891,4.560451507568359,7
2082,4.528180122375488,4.523367404937744,6
2083,4.589570045471191,4.598666191101074,12
2084,4.606232166290283,4.6263508796691895,13
2085,4.504875659942627,4.504875659942627,20
2086,4.559569835662842,4.559569835662842,16
2087,4.745906829833984,4.759970664978027,8
2088,4.589471817016602,4.558987617492676,9
2089,4.493854522705078,4.527267932891846,7
2090,4.499405384063721,4.621267318725586,20
2091,4.495914936065674,4.620503902435303,12
2092,4.748353958129883,4.74953556060791,15
2093,4.498185634613037,4.498185634613037,5
2094,4.310179710388184,4.310179710388184,5
2095,4.588558673858643,4.588558673858643,8
2096,4.480191230773926,4.5074238777160645,7
2097,4.583497047424316,4.620876789093018,13
2098,4.62735652923584,4.6011962890625,11
2099,4.50771427154541,4.552751064300537,14
2100,4.801802635192871,4.801802635192871,20
2101,4.590535640716553,4.475402355194092,9
2102,4.5664825439453125,4.5664825439453125,4
2103,4.149707317352295,4.149707317352295,4
2104,4.560959815979004,4.567661762237549,15
2105,4.394141674041748,4.402738571166992,17
2106,4.636133670806885,4.521385669708252,14
2107,4.494831085205078,4.494831085205078,20
2108,4.7623748779296875,4.7623748779296875,20
2109,4.632754325866699,4.603005886077881,19
2110,4.577826023101807,4.6034932136535645,14
2111,4.512669086456299,4.503045082092285,7
2112,4.8358540534973145,4.827188968658447,11
2113,4.508680820465088,4.515622138977051,20
2114,4.586587429046631,4.586587429046631,20
2115,4.575082778930664,4.575082778930664,20
2116,4.848135948181152,4.875502109527588,17
2117,4.575398921966553,4.6306986808776855,20
2118,4.420151710510254,4.420151710510254,5
2119,4.43464994430542,4.542463779449463,11
2120,4.551227569580078,4.551665782928467,5
2121,4.737854957580566,4.737854957580566,12
2122,4.455653190612793,4.455653190612793,6
2123,4.383315563201904,4.365415573120117,4
2124,4.6310811042785645,4.6310811042785645,8
2125,4.499176502227783,4.498403072357178,14
2126,4.71063756942749,4.660428047180176,16
2127,4.873974323272705,4.873974323272705,20
2128,4.863751411437988,4.863751411437988,20
2129,4.752416133880615,4.752416133880615,20
2130,4.4163594245910645,4.48619270324707,5
2131,4.6040425300598145,4.5896148681640625,20
2132,4.528245449066162,4.567248821258545,12
2133,4.352670192718506,4.408446311950684,20
2134,4.653128147125244,4.65446138381958,7
2135,4.618123531341553,4.643550395965576,20
2136,4.6704182624816895,4.6872029304504395,14
2137,4.859318733215332,4.86904239654541,19
2138,4.348592281341553,4.348592281341553,3
2139,4.520907878875732,4.5528669357299805,18
2140,4.844758033752441,4.844758033752441,19
2141,4.107260227203369,4.107260227203369,6
2142,4.591485977172852,4.554974555969238,6
2143,4.597766399383545,4.612272262573242,10
2144,4.527981758117676,4.527981758117676,18
2145,4.5476460456848145,4.582849979400635,19
2146,4.793242454528809,4.793242454528809,20
2147,4.4295573234558105,4.4295573234558105,16
2148,4.877040386199951,4.877040386199951,20
2149,4.767367839813232,4.78869104385376,17
2150,4.546313762664795,4.539798736572266,14
2151,4.663283348083496,4.663283348083496,19
2152,4.763065814971924,4.763065814971924,6
2153,4.810057640075684,4.810057640075684,20
2154,4.766628265380859,4.762953758239746,20
2155,4.76386833190918,4.766600608825684,20
2156,4.903626918792725,4.903626918792725,20
2157,4.851480484008789,4.851480484008789,19
2158,4.766315937042236,4.727846622467041,12
2159,4.522889137268066,4.522889137268066,5
2160,4.564005374908447,4.642961502075195,10
2161,4.659143924713135,4.657181262969971,11
2162,4.5319952964782715,4.58779239654541,7
2163,4.8301591873168945,4.8301591873168945,20
2164,4.831017971038818,4.831017971038818,17
2165,4.678680896759033,4.670872211456299,20
2166,4.730409145355225,4.730409145355225,20
2167,4.7478861808776855,4.779824733734131,20
2168,4.7383503913879395,4.729773998260498,6
2169,4.735214710235596,4.735214710235596,20
2170,4.8123273849487305,4.80029821395874,16
2171,4.853984832763672,4.854248523712158,20
2172,4.710046768188477,4.577960014343262,13
2173,4.571228981018066,4.588796615600586,18
2174,4.780096530914307,4.6961188316345215,9
2175,4.794663906097412,4.794663906097412,17
2176,4.4291229248046875,4.452146053314209,9
2177,4.542044162750244,4.575949192047119,7
2178,4.643890380859375,4.630316257476807,6
2179,4.802803039550781,4.802803039550781,20
2180,4.8864922523498535,4.8864922523498535,20
2181,4.535489559173584,4.54006814956665,20
2182,4.319311618804932,4.31975793838501,5
2183,4.65776252746582,4.655117511749268,9
2184,4.664857387542725,4.665492534637451,17
2185,4.813268184661865,4.809212684631348,12
2186,4.78094482421875,4.78094482421875,20
2187,4.5092668533325195,4.526561260223389,10
2188,4.684156894683838,4.636287212371826,8
2189,4.765120983123779,4.775135040283203,11
2190,4.539914131164551,4.514398097991943,10
2191,4.581106185913086,4.593207836151123,7
2192,4.535496711730957,4.5438642501831055,12
2193,4.679231643676758,4.679231643676758,4
2194,4.804697513580322,4.73621940612793,20
2195,4.782130718231201,4.782130718231201,20
2196,4.585009574890137,4.585009574890137,16
2197,4.662688255310059,4.654212474822998,13
2198,4.5060248374938965,4.5060248374938965,7
2199,4.757213592529297,4.757213592529297,20
2200,4.588810443878174,4.588810443878174,13
2201,4.297638893127441,4.343410015106201,4
2202,4.797571659088135,4.797571659088135,20
2203,4.3760175704956055,4.452790260314941,9
2204,4.456878185272217,4.456878185272217,3
2205,4.612380504608154,4.616786956787109,6
2206,4.143817901611328,4.143817901611328,3
2207,4.395066738128662,4.429027080535889,17
2208,4.777775287628174,4.777775287628174,15
2209,4.683772563934326,4.683772563934326,11
2210,4.6009416580200195,4.591446399688721,17
2211,4.534169673919678,4.559999942779541,11
2212,4.889737129211426,4.889737129211426,20
2213,4.374946594238281,4.381885528564453,13
2214,4.657360553741455,4.648211479187012,9
2215,4.746011257171631,4.76015043258667,5
2216,4.622074604034424,4.64741849899292,20
2217,4.491302013397217,4.491302013397217,14
2218,4.698170185089111,4.758965969085693,17
2219,4.461852550506592,4.461852550506592,10
2220,4.789477348327637,4.789477348327637,20
2221,4.568573474884033,4.577418804168701,13
2222,4.428481578826904,4.428481578826904,9
2223,4.406429290771484,4.406429290771484,13
2224,4.6430583000183105,4.6859869956970215,20
2225,4.618978500366211,4.624307155609131,7
2226,4.4086127281188965,4.443836688995361,5
2227,4.69358491897583,4.660256862640381,9
2228,4.489902496337891,4.562631130218506,12
2229,4.530519962310791,4.530519962310791,3
2230,4.2707037925720215,4.24321174621582,7
2231,4.562040328979492,4.562040328979492,12
2232,4.514663219451904,4.518918991088867,20
2233,4.620410919189453,4.620410919189453,19
2234,4.647485256195068,4.670844554901123,20
2235,4.253881454467773,4.253881454467773,5
2236,4.409586429595947,4.409586429595947,3
2237,4.801886081695557,4.8209404945373535,20
2238,4.865397930145264,4.865397930145264,20
2239,4.876663684844971,4.876663684844971,20
2240,4.453991889953613,4.445275783538818,12
2241,4.295599937438965,4.310842514038086,10
2242,4.652770042419434,4.663683891296387,13
2243,4.781445503234863,4.736627578735352,20
2244,4.6477370262146,4.6477370262146,5
2245,4.80076265335083,4.817962169647217,18
2246,4.703078746795654,4.703078746795654,20
2247,4.53236722946167,4.4457526206970215,7
2248,4.603890419006348,4.528177261352539,11
2249,4.677852630615234,4.677852630615234,5
2250,4.8440093994140625,4.8440093994140625,20
2251,4.810495853424072,4.830267906188965,11
2252,4.493639945983887,4.5319743156433105,6
2253,4.484418869018555,4.492256164550781,6
2254,4.586563587188721,4.588637351989746,16
2255,4.852480888366699,4.852480888366699,14
2256,4.4254302978515625,4.387118816375732,14
2257,4.745219707489014,4.756514549255371,20
2258,4.141380786895752,4.2226643562316895,20
2259,4.889649868011475,4.889649868011475,20
2260,4.672919273376465,4.622494220733643,9
2261,4.423954486846924,4.423954486846924,4
2262,4.395746231079102,4.417815208435059,20
2263,4.557333469390869,4.55825138092041,13
2264,4.8007402420043945,4.798142433166504,12
2265,4.832364082336426,4.832364082336426,20
2266,4.537100315093994,4.537100315093994,20
2267,4.723063945770264,4.715704441070557,15
2268,4.531655311584473,4.531655311584473,20
2269,4.793330669403076,4.785736083984375,19
2270,4.639901161193848,4.639901161193848,14
2271,4.3920159339904785,4.320309162139893,13
2272,4.835352897644043,4.835352897644043,17
2273,4.763063907623291,4.666008472442627,13
2274,4.4648613929748535,4.469954013824463,5
2275,4.378398418426514,4.378398418426514,3
2276,4.887399196624756,4.868839740753174,20
2277,4.3457536697387695,4.417617321014404,5
2278,4.530119895935059,4.522563457489014,20
2279,4.620494365692139,4.624476432800293,15
2280,4.5676679611206055,4.643484592437744,19
2281,4.720020771026611,4.712984561920166,14
2282,4.613070964813232,4.613070964813232,4
2283,4.447895050048828,4.447895050048828,13
2284,4.717966556549072,4.647565841674805,10
2285,4.588963508605957,4.590028762817383,19
2286,4.555538654327393,4.65304708480835,17
2287,4.823471546173096,4.823471546173096,20
2288,4.620842456817627,4.620842456817627,11
2289,4.740472793579102,4.745309352874756,20
2290,4.683366775512695,4.707499027252197,20
2291,4.748422622680664,4.748422622680664,20
2292,4.764364719390869,4.7858805656433105,11
2293,4.581021785736084,4.581021785736084,20
2294,4.4668779373168945,4.4668779373168945,4
