3.1765360832214355	3.1821789741516113	-0.005642890930175781
4.219274520874023	4.162845134735107	0.056429386138916016
4.6526408195495605	4.489168643951416	0.16347217559814453
4.529332160949707	4.966536045074463	-0.43720388412475586
4.05291223526001	4.26505708694458	-0.2121448516845703
4.146879196166992	4.282207012176514	-0.13532781600952148
4.607590198516846	4.62166690826416	-0.014076709747314453
4.054689884185791	4.391060829162598	-0.33637094497680664
4.410955905914307	4.219754219055176	0.19120168685913086
4.727567672729492	4.774718761444092	-0.04715108871459961
4.273280620574951	3.1821789741516113	1.0911016464233398
3.262596368789673	4.251932621002197	-0.9893362522125244
2.8459999561309814	3.597029209136963	-0.7510292530059814
2.912268877029419	2.845635175704956	0.06663370132446289
2.7919163703918457	2.948262929916382	-0.15634655952453613
3.0833287239074707	2.909623861312866	0.1737048625946045
3.2849068641662598	3.138025999069214	0.1468808650970459
3.4413089752197266	3.048499822616577	0.3928091526031494
3.695434331893921	3.279860734939575	0.4155735969543457
3.0817153453826904	3.5645089149475098	-0.48279356956481934
3.491461992263794	3.440462350845337	0.05099964141845703
3.9265501499176025	3.6802070140838623	0.24634313583374023
3.9681146144866943	4.597015380859375	-0.6289007663726807
4.455196380615234	3.608419895172119	0.8467764854431152
4.591635704040527	4.359489917755127	0.2321457862854004
4.480966567993164	4.863463878631592	-0.38249731063842773
4.6222920417785645	4.507229328155518	0.11506271362304688
4.994487285614014	4.940148830413818	0.05433845520019531
5.079430103302002	5.085476875305176	-0.006046772003173828
5.184791088104248	5.08457612991333	0.10021495819091797
5.161195755004883	5.185920715332031	-0.024724960327148438
5.1864752769470215	5.175812244415283	0.010663032531738281
3.1287600994110107	2.9955384731292725	0.13322162628173828
2.892869710922241	2.5267627239227295	0.3661069869995117
3.401282787322998	3.176403522491455	0.22487926483154297
3.5930635929107666	3.5215485095977783	0.07151508331298828
3.7588765621185303	3.7280778884887695	0.030798673629760742
3.8107688426971436	3.8658175468444824	-0.05504870414733887
3.8771188259124756	3.932225465774536	-0.05510663986206055
3.8039987087249756	3.84315824508667	-0.039159536361694336
2.961995840072632	3.1821789741516113	-0.2201831340789795
1.4598095417022705	2.5391886234283447	-1.0793790817260742
2.493133783340454	3.0995028018951416	-0.6063690185546875
2.893625020980835	2.3208234310150146	0.5728015899658203
3.590141773223877	3.1367475986480713	0.45339417457580566
3.9596338272094727	4.031325817108154	-0.07169198989868164
4.133988380432129	4.0795698165893555	0.05441856384277344
4.4865336418151855	4.424026012420654	0.06250762939453125
4.521795749664307	4.519937992095947	0.001857757568359375
5.079278469085693	4.91509485244751	0.1641836166381836
5.178244590759277	5.046359062194824	0.13188552856445312
2.6252782344818115	3.413623571395874	-0.7883453369140625
3.9738528728485107	3.316732406616211	0.6571204662322998
3.298980236053467	3.881385564804077	-0.5824053287506104
3.9241368770599365	3.831284761428833	0.09285211563110352
4.383168697357178	4.1983819007873535	0.18478679656982422
3.9813010692596436	4.310941219329834	-0.32964015007019043
4.389841079711914	4.256242752075195	0.13359832763671875
4.51688814163208	4.478557109832764	0.038331031799316406
4.451605319976807	4.653005123138428	-0.2013998031616211
4.877845287322998	4.7459025382995605	0.1319427490234375
4.27559232711792	5.043035984039307	-0.7674436569213867
2.961995840072632	3.1821789741516113	-0.2201831340789795
3.1616995334625244	3.2778332233428955	-0.1161336898803711
2.671869993209839	2.7707924842834473	-0.0989224910736084
3.4384024143218994	3.7882049083709717	-0.34980249404907227
4.171292781829834	3.8346140384674072	0.33667874336242676
4.264383316040039	4.223270893096924	0.041112422943115234
3.692655086517334	3.890131711959839	-0.19747662544250488
3.9552958011627197	3.883011817932129	0.07228398323059082
3.945037603378296	3.878810405731201	0.06622719764709473
4.113460063934326	3.977982997894287	0.13547706604003906
4.1193318367004395	4.101555824279785	0.017776012420654297
3.7392332553863525	3.1821789741516113	0.5570542812347412
4.125208854675293	4.259964466094971	-0.13475561141967773
4.796148777008057	4.9939351081848145	-0.1977863311767578
5.00131368637085	4.816411972045898	0.18490171432495117
4.819552898406982	4.657336235046387	0.1622166633605957
5.140408992767334	5.161992073059082	-0.021583080291748047
4.17071008682251	4.501499652862549	-0.33078956604003906
4.321305274963379	4.359545707702637	-0.03824043273925781
4.233372688293457	4.350470066070557	-0.11709737777709961
4.632139682769775	4.122944355010986	0.5091953277587891
4.116591453552246	4.639941215515137	-0.5233497619628906
2.961995840072632	3.1821789741516113	-0.2201831340789795
4.124789237976074	3.525048017501831	0.5997412204742432
5.102751731872559	4.829893112182617	0.2728586196899414
5.059451580047607	5.101761341094971	-0.04230976104736328
4.714235305786133	4.89932107925415	-0.18508577346801758
4.532851696014404	4.790966510772705	-0.2581148147583008
4.484659194946289	4.435693264007568	0.0489659309387207
4.550152778625488	4.553219318389893	-0.003066539764404297
4.478999614715576	4.764431953430176	-0.2854323387145996
4.643278121948242	4.816972255706787	-0.17369413375854492
4.57201623916626	4.493637561798096	0.07837867736816406
4.232296943664551	4.148069381713867	0.0842275619506836
3.7730934619903564	4.007199764251709	-0.23410630226135254
3.6543467044830322	3.5604817867279053	0.09386491775512695
3.5137012004852295	3.5404889583587646	-0.026787757873535156
2.0809152126312256	3.1821789741516113	-1.1012637615203857
2.058788537979126	1.8263691663742065	0.23241937160491943
3.1500563621520996	2.8556463718414307	0.29440999031066895
2.669081449508667	3.0446760654449463	-0.3755946159362793
2.8111116886138916	3.2265374660491943	-0.41542577743530273
2.7063214778900146	2.7383711338043213	-0.03204965591430664
3.124072790145874	3.2179198265075684	-0.09384703636169434
3.3824801445007324	3.49692440032959	-0.11444425582885742
3.118039846420288	3.325792074203491	-0.20775222778320312
4.309510231018066	3.516380548477173	0.7931296825408936
4.828002452850342	4.8651347160339355	-0.03713226318359375
4.09216833114624	4.4371724128723145	-0.3450040817260742
4.8090739250183105	4.272036075592041	0.5370378494262695
5.108683109283447	5.0360212326049805	0.0726618766784668
4.8254499435424805	4.73136043548584	0.09408950805664062
4.806431770324707	4.74219274520874	0.0642390251159668
4.738621711730957	4.887568473815918	-0.14894676208496094
4.746480464935303	3.1821789741516113	1.5643014907836914
4.413360118865967	4.787703990936279	-0.3743438720703125
3.723989963531494	4.190942287445068	-0.4669523239135742
4.076888561248779	3.6445581912994385	0.4323303699493408
4.2867112159729	4.1180830001831055	0.16862821578979492
4.2239861488342285	4.235068321228027	-0.011082172393798828
4.2421393394470215	4.493744850158691	-0.2516055107116699
4.778867721557617	4.315178394317627	0.46368932723999023
4.705402851104736	4.80881404876709	-0.10341119766235352
4.27518892288208	4.677463054656982	-0.40227413177490234
3.295313596725464	3.1821789741516113	0.11313462257385254
4.0310540199279785	3.1720430850982666	0.8590109348297119
4.006143569946289	4.009511470794678	-0.003367900848388672
3.3316304683685303	3.829967498779297	-0.4983370304107666
3.100236177444458	2.8787100315093994	0.2215261459350586
3.509674072265625	3.5044991970062256	0.005174875259399414
3.4490737915039062	3.424759864807129	0.024313926696777344
3.3667759895324707	3.3991944789886475	-0.03241848945617676
3.731544017791748	3.4851443767547607	0.2463996410369873
3.7073094844818115	3.650183916091919	0.05712556838989258
3.820521831512451	3.800403118133545	0.02011871337890625
4.014533042907715	3.9140126705169678	0.10052037239074707
4.140308856964111	4.045011043548584	0.09529781341552734
4.205705165863037	4.212897300720215	-0.007192134857177734
4.500847816467285	3.96884822845459	0.5319995880126953
4.18731164932251	4.083989143371582	0.10332250595092773
4.797418117523193	4.5574164390563965	0.24000167846679688
3.8285157680511475	3.1821789741516113	0.6463367938995361
4.772740840911865	5.006767749786377	-0.23402690887451172
4.6006598472595215	4.245921611785889	0.3547382354736328
4.363096237182617	4.108893871307373	0.25420236587524414
3.9110829830169678	4.199705600738525	-0.2886226177215576
3.740471601486206	3.885981798171997	-0.14551019668579102
3.862668752670288	3.849674940109253	0.012993812561035156
4.013055324554443	3.844674825668335	0.1683804988861084
4.01485013961792	4.2609639167785645	-0.24611377716064453
2.7679219245910645	2.942603826522827	-0.1746819019317627
3.8493988513946533	3.1529648303985596	0.6964340209960938
4.193630695343018	3.712812662124634	0.4808180332183838
4.482449054718018	4.227234363555908	0.2552146911621094
4.751986503601074	4.752696990966797	-0.0007104873657226562
4.8977227210998535	4.917870044708252	-0.020147323608398438
4.971875190734863	5.033580303192139	-0.06170511245727539
5.004647731781006	4.955318927764893	0.04932880401611328
5.131193161010742	5.130044937133789	0.001148223876953125
4.837799072265625	3.1821789741516113	1.6556200981140137
4.055943489074707	4.6835479736328125	-0.6276044845581055
4.551834583282471	4.538394451141357	0.013440132141113281
4.288780689239502	4.850269317626953	-0.5614886283874512
4.225104808807373	4.338903427124023	-0.11379861831665039
4.583606243133545	4.428072929382324	0.1555333137512207
4.595437526702881	4.413060665130615	0.18237686157226562
4.649185657501221	4.515617847442627	0.13356781005859375
4.231107711791992	4.7472052574157715	-0.5160975456237793
4.266177177429199	4.311070442199707	-0.04489326477050781
4.40189266204834	4.359289169311523	0.042603492736816406
4.682068824768066	4.543980121612549	0.13808870315551758
2.2040514945983887	2.664947748184204	-0.46089625358581543
3.6165759563446045	4.102107048034668	-0.4855310916900635
4.173707962036133	3.884577512741089	0.28913044929504395
4.2969841957092285	4.180049419403076	0.11693477630615234
4.2320027351379395	4.1646223068237305	0.06738042831420898
4.801253795623779	4.684600353240967	0.1166534423828125
4.757155895233154	4.51805305480957	0.23910284042358398
4.857822895050049	4.595432758331299	0.26239013671875
3.1195003986358643	4.0760273933410645	-0.9565269947052002
1.9341298341751099	2.8550074100494385	-0.9208775758743286
2.655824661254883	2.482388734817505	0.17343592643737793
2.563678026199341	2.3642899990081787	0.1993880271911621
2.6974213123321533	2.502875566482544	0.19454574584960938
3.0419909954071045	2.886887788772583	0.15510320663452148
3.1122915744781494	2.904264450073242	0.20802712440490723
3.1072819232940674	3.053016424179077	0.054265499114990234
3.291747808456421	2.9963932037353516	0.29535460472106934
3.499124526977539	3.284666061401367	0.21445846557617188
3.695831298828125	3.5418334007263184	0.15399789810180664
3.550290822982788	3.4343810081481934	0.11590981483459473
3.9375898838043213	3.6819908618927	0.2555990219116211
4.010293483734131	3.907080888748169	0.10321259498596191
3.9620604515075684	4.101498126983643	-0.13943767547607422
3.8335773944854736	4.0288777351379395	-0.19530034065246582
3.7254605293273926	4.009603977203369	-0.28414344787597656
3.9761414527893066	3.7437095642089844	0.23243188858032227
2.961995840072632	3.1821789741516113	-0.2201831340789795
4.275713920593262	3.6088993549346924	0.6668145656585693
3.741922378540039	4.245303630828857	-0.5033812522888184
4.772084712982178	4.301602840423584	0.47048187255859375
4.272532939910889	4.553555965423584	-0.2810230255126953
4.812452793121338	4.613690376281738	0.1987624168395996
5.095820903778076	5.074490070343018	0.021330833435058594
5.192355632781982	5.1665754318237305	0.025780200958251953
5.1066670417785645	5.089955806732178	0.01671123504638672
4.738195896148682	4.997331619262695	-0.25913572311401367
4.187583923339844	4.399646282196045	-0.21206235885620117
4.679442882537842	4.665747165679932	0.013695716857910156
5.057870388031006	5.039852142333984	0.018018245697021484
5.025703430175781	4.8561506271362305	0.16955280303955078
4.688539981842041	4.701130390167236	-0.012590408325195312
4.900460720062256	4.964239597320557	-0.06377887725830078
2.2237823009490967	3.1821789741516113	-0.9583966732025146
0.8961869478225708	1.107377290725708	-0.2111903429031372
1.1802430152893066	0.8836002349853516	0.2966427803039551
1.288318395614624	1.157504677772522	0.13081371784210205
1.7462847232818604	1.3175510168075562	0.4287337064743042
1.738028883934021	1.6891694068908691	0.048859477043151855
2.136383056640625	1.8080121278762817	0.32837092876434326
2.2451674938201904	2.1820552349090576	0.06311225891113281
2.2466847896575928	2.212695360183716	0.03398942947387695
3.0200252532958984	2.725459098815918	0.29456615447998047
4.012047290802002	3.254136800765991	0.7579104900360107
4.4133782386779785	4.304975986480713	0.10840225219726562
4.012291431427002	4.288468837738037	-0.27617740631103516
4.346125602722168	4.335534572601318	0.01059103012084961
4.671329021453857	4.338266372680664	0.33306264877319336
4.413717746734619	4.274374485015869	0.13934326171875
4.184088230133057	4.253591060638428	-0.0695028305053711
4.953737258911133	4.010749340057373	0.9429879188537598
2.337679862976074	3.1821789741516113	-0.8444991111755371
2.7305572032928467	3.052103042602539	-0.3215458393096924
3.0877649784088135	2.6300883293151855	0.45767664909362793
3.757312059402466	3.5515291690826416	0.20578289031982422
3.914923906326294	3.8406593799591064	0.0742645263671875
4.806760787963867	4.286426067352295	0.5203347206115723
5.004491806030273	4.76200008392334	0.2424917221069336
4.822569370269775	4.89198112487793	-0.0694117546081543
4.884753227233887	4.763848781585693	0.12090444564819336
4.665373802185059	4.568550109863281	0.09682369232177734
5.014331340789795	5.023270130157471	-0.008938789367675781
4.292571067810059	3.1821789741516113	1.1103920936584473
4.49519681930542	4.38045072555542	0.11474609375
4.063666343688965	4.265154838562012	-0.20148849487304688
3.939565420150757	4.038301944732666	-0.09873652458190918
3.839886426925659	3.904271364212036	-0.06438493728637695
3.914903402328491	3.889638662338257	0.025264739990234375
4.278141975402832	4.185933589935303	0.0922083854675293
4.222603797912598	4.315260887145996	-0.09265708923339844
4.036860942840576	4.183568000793457	-0.14670705795288086
3.9301578998565674	3.9339077472686768	-0.003749847412109375
4.032078742980957	3.8782968521118164	0.15378189086914062
4.016336917877197	4.02813196182251	-0.0117950439453125
3.9690213203430176	4.393390655517578	-0.42436933517456055
3.1765360832214355	3.1821789741516113	-0.005642890930175781
2.9590699672698975	2.0197699069976807	0.9393000602722168
2.0122008323669434	2.034106969833374	-0.021906137466430664
2.1285290718078613	1.8884990215301514	0.24003005027770996
2.78153920173645	3.016918182373047	-0.23537898063659668
3.656257152557373	3.346766948699951	0.3094902038574219
4.123626232147217	3.639082908630371	0.4845433235168457
5.119246482849121	5.0379719734191895	0.08127450942993164
4.967038631439209	5.086604118347168	-0.11956548690795898
4.273280620574951	3.1821789741516113	1.0911016464233398
3.0449554920196533	4.097803115844727	-1.0528476238250732
3.3345019817352295	3.3059940338134766	0.02850794792175293
3.822999954223633	3.203320264816284	0.6196796894073486
3.587139129638672	3.946300745010376	-0.3591616153717041
4.435206413269043	4.182557582855225	0.25264883041381836
4.403159141540527	4.357039451599121	0.04611968994140625
4.578011989593506	4.469066143035889	0.10894584655761719
4.721188068389893	4.289062023162842	0.4321260452270508
4.679813385009766	4.894555568695068	-0.21474218368530273
2.95749831199646	3.1821789741516113	-0.22468066215515137
2.0618107318878174	2.628507137298584	-0.5666964054107666
3.0164074897766113	2.9465463161468506	0.06986117362976074
3.021059274673462	2.5769119262695312	0.44414734840393066
3.255833387374878	3.13407826423645	0.12175512313842773
2.994405508041382	3.3772337436676025	-0.3828282356262207
3.2545158863067627	3.2551462650299072	-0.0006303787231445312
3.462294340133667	3.482527017593384	-0.020232677459716797
3.535264253616333	3.342311382293701	0.19295287132263184
3.9093780517578125	3.855649948120117	0.05372810363769531
3.862788438796997	3.7216928005218506	0.14109563827514648
3.626014232635498	3.8044066429138184	-0.1783924102783203
4.179781436920166	3.678021192550659	0.5017602443695068
4.2765889167785645	4.295163631439209	-0.01857471466064453
4.564494609832764	4.322271823883057	0.24222278594970703
4.146933078765869	4.2203145027160645	-0.07338142395019531
4.542012691497803	4.4483442306518555	0.09366846084594727
4.64335298538208	4.490817070007324	0.15253591537475586
4.916658878326416	4.9100422859191895	0.0066165924072265625
4.533572673797607	4.531067848205566	0.0025048255920410156
3.1765360832214355	3.1821789741516113	-0.005642890930175781
3.1939690113067627	2.632103443145752	0.5618655681610107
4.194687366485596	4.551666259765625	-0.3569788932800293
4.0633978843688965	4.237846374511719	-0.17444849014282227
3.8909080028533936	4.020023345947266	-0.12911534309387207
3.788557291030884	3.7753117084503174	0.013245582580566406
3.9838368892669678	4.002023220062256	-0.018186330795288086
4.22323751449585	4.119039535522461	0.10419797897338867
4.309915065765381	4.246848106384277	0.06306695938110352
4.229791641235352	4.331503868103027	-0.10171222686767578
4.1859025955200195	3.1821789741516113	1.0037236213684082
4.390599727630615	3.5862817764282227	0.8043179512023926
4.791154384613037	4.5338568687438965	0.2572975158691406
4.764307975769043	4.786295413970947	-0.021987438201904297
4.8316731452941895	4.725104808807373	0.1065683364868164
5.118624687194824	5.10106086730957	0.017563819885253906
5.128604412078857	5.115801811218262	0.012802600860595703
5.028480052947998	4.885001182556152	0.1434788703918457
5.015297889709473	4.951862335205078	0.06343555450439453
5.136677265167236	4.890364646911621	0.24631261825561523
2.346616506576538	3.1821789741516113	-0.8355624675750732
2.214841842651367	1.4398540258407593	0.7749878168106079
2.911439895629883	1.6879143714904785	1.2235255241394043
3.8359034061431885	3.752641439437866	0.08326196670532227
3.8043816089630127	3.889815092086792	-0.0854334831237793
3.797644853591919	3.735928773880005	0.06171607971191406
3.8365092277526855	3.743834972381592	0.09267425537109375
3.6646018028259277	3.777787923812866	-0.11318612098693848
3.746433973312378	3.661907434463501	0.08452653884887695
3.688084602355957	3.7399632930755615	-0.05187869071960449
4.048064231872559	3.8060882091522217	0.24197602272033691
3.867257833480835	4.044543743133545	-0.17728590965270996
4.3605427742004395	4.044891834259033	0.31565093994140625
4.754359722137451	4.647617340087891	0.10674238204956055
4.92590856552124	4.513205051422119	0.4127035140991211
4.624389171600342	4.880626201629639	-0.2562370300292969
5.072464942932129	4.667385578155518	0.40507936477661133
4.989165306091309	5.020051956176758	-0.03088665008544922
5.084863662719727	4.950214385986328	0.13464927673339844
5.163480758666992	5.102084636688232	0.061396121978759766
5.153980731964111	5.17067813873291	-0.016697406768798828
5.089753150939941	5.083754062652588	0.005999088287353516
3.1765360832214355	3.1821789741516113	-0.005642890930175781
2.7822041511535645	3.684385299682617	-0.9021811485290527
3.5848162174224854	3.5962395668029785	-0.011423349380493164
4.152746200561523	4.219308376312256	-0.06656217575073242
3.8284029960632324	4.111968994140625	-0.2835659980773926
4.506995677947998	3.8203513622283936	0.6866443157196045
4.5221710205078125	4.745748043060303	-0.22357702255249023
4.477570056915283	4.434935569763184	0.04263448715209961
4.570921421051025	4.485278606414795	0.08564281463623047
4.7824320793151855	4.857387065887451	-0.07495498657226562
2.293466806411743	2.942603826522827	-0.649137020111084
2.6560046672821045	2.2898170948028564	0.36618757247924805
2.880723714828491	2.6067230701446533	0.2740006446838379
3.178922414779663	3.204693078994751	-0.02577066421508789
3.09859561920166	3.445814847946167	-0.34721922874450684
3.588494062423706	3.2465980052948	0.34189605712890625
4.233287811279297	4.2658820152282715	-0.03259420394897461
4.3340582847595215	4.105723857879639	0.2283344268798828
4.344211578369141	4.28143835067749	0.06277322769165039
4.278560638427734	4.303295612335205	-0.024734973907470703
4.686275482177734	4.539885520935059	0.14638996124267578
4.996654987335205	4.956742763519287	0.03991222381591797
5.086189270019531	5.0271196365356445	0.05906963348388672
5.096157073974609	4.963879108428955	0.1322779655456543
2.8392179012298584	3.7549755573272705	-0.9157576560974121
3.2382500171661377	2.9984548091888428	0.23979520797729492
4.761871814727783	3.3874752521514893	1.374396562576294
4.148429870605469	3.980834722518921	0.16759514808654785
4.889585494995117	4.440773010253906	0.44881248474121094
4.571532249450684	4.818238735198975	-0.24670648574829102
4.693445682525635	4.679053783416748	0.014391899108886719
4.496180057525635	4.585423946380615	-0.08924388885498047
4.535284519195557	4.527348518371582	0.00793600082397461
4.2373948097229	4.279319763183594	-0.04192495346069336
4.706762313842773	4.3191914558410645	0.387570858001709
2.961995840072632	3.1821789741516113	-0.2201831340789795
1.440806269645691	2.4872777462005615	-1.0464714765548706
3.259648561477661	3.5744616985321045	-0.31481313705444336
3.703524351119995	3.7243759632110596	-0.020851612091064453
3.11456036567688	3.627838134765625	-0.5132777690887451
3.124398946762085	2.9866650104522705	0.13773393630981445
3.055664539337158	3.0795881748199463	-0.023923635482788086
3.3720860481262207	3.1878364086151123	0.1842496395111084
3.5672085285186768	3.6078550815582275	-0.04064655303955078
3.6861534118652344	3.750265121459961	-0.06411170959472656
4.011250972747803	3.7228522300720215	0.28839874267578125
3.6293952465057373	3.911823034286499	-0.2824277877807617
3.76285719871521	3.903240919113159	-0.14038372039794922
4.26889705657959	3.876091718673706	0.3928053379058838
4.761977672576904	3.6504318714141846	1.1115458011627197
2.8318030834198	4.47446870803833	-1.6426656246185303
3.3735146522521973	3.2539730072021484	0.11954164505004883
3.2943203449249268	3.3276450634002686	-0.0333247184753418
3.821826696395874	3.4468469619750977	0.37497973442077637
4.156478404998779	4.009102821350098	0.14737558364868164
5.068182468414307	2.991215944290161	2.0769665241241455
4.762157440185547	4.515955448150635	0.2462019920349121
3.674473524093628	4.350902080535889	-0.6764285564422607
3.953014850616455	3.7068862915039062	0.24612855911254883
3.628944158554077	3.6908750534057617	-0.06193089485168457
3.870279550552368	3.7457311153411865	0.12454843521118164
4.133629322052002	3.986327886581421	0.14730143547058105
4.155552864074707	4.2204389572143555	-0.06488609313964844
1.4382189512252808	3.471569299697876	-2.033350348472595
2.743725299835205	2.278165340423584	0.4655599594116211
3.6397311687469482	3.0935375690460205	0.5461935997009277
4.509138584136963	4.208191394805908	0.3009471893310547
4.121430397033691	4.1121931076049805	0.009237289428710938
4.025477409362793	4.082040309906006	-0.05656290054321289
3.8723056316375732	3.8826887607574463	-0.010383129119873047
4.274631023406982	4.0246124267578125	0.2500185966491699
4.029989719390869	3.9444191455841064	0.0855705738067627
4.010096073150635	3.9464271068573	0.06366896629333496
4.095970153808594	4.316521644592285	-0.2205514907836914
4.44210147857666	4.117681980133057	0.3244194984436035
3.3888742923736572	3.1821789741516113	0.2066953182220459
2.9059510231018066	3.362123966217041	-0.4561729431152344
2.994668960571289	2.8570916652679443	0.13757729530334473
3.5169432163238525	3.3904387950897217	0.12650442123413086
4.221105575561523	3.92232084274292	0.2987847328186035
5.064945697784424	4.444094657897949	0.6208510398864746
5.104921340942383	5.0994486808776855	0.005472660064697266
5.0513505935668945	5.069518089294434	-0.018167495727539062
4.849710464477539	4.996233940124512	-0.14652347564697266
4.810791969299316	4.756104946136475	0.0546870231628418
3.6935205459594727	4.118279933929443	-0.4247593879699707
2.1267714500427246	2.1352603435516357	-0.008488893508911133
3.2588160037994385	2.4298129081726074	0.829003095626831
3.292790412902832	3.173828363418579	0.11896204948425293
3.557807207107544	3.3375051021575928	0.22030210494995117
3.963103771209717	3.8083901405334473	0.15471363067626953
4.316349506378174	4.35045862197876	-0.03410911560058594
4.085175514221191	4.265463352203369	-0.18028783798217773
4.3794684410095215	4.208193302154541	0.17127513885498047
4.43835973739624	4.731276512145996	-0.29291677474975586
5.051719665527344	4.294418811798096	0.757300853729248
4.6981987953186035	4.757228374481201	-0.059029579162597656
3.848506450653076	4.88500452041626	-1.0364980697631836
3.8795692920684814	3.9420597553253174	-0.06249046325683594
3.7820959091186523	3.869504690170288	-0.08740878105163574
3.7815423011779785	3.7201311588287354	0.061411142349243164
3.5990121364593506	3.7476818561553955	-0.14866971969604492
3.855694055557251	3.6973323822021484	0.15836167335510254
4.510197162628174	4.14654016494751	0.36365699768066406
3.7208940982818604	3.6084349155426025	0.11245918273925781
3.6903536319732666	3.8418540954589844	-0.15150046348571777
4.367428302764893	4.133387565612793	0.2340407371520996
4.538733959197998	4.285245418548584	0.25348854064941406
4.849887847900391	4.477446556091309	0.37244129180908203
3.5717146396636963	3.1821789741516113	0.38953566551208496
3.7989749908447266	3.0906131267547607	0.7083618640899658
3.4438865184783936	3.606356143951416	-0.16246962547302246
3.911097764968872	3.6178858280181885	0.2932119369506836
4.746118068695068	4.541248798370361	0.20486927032470703
5.058575630187988	4.914107799530029	0.14446783065795898
4.869485855102539	5.0624098777771	-0.19292402267456055
5.103281021118164	5.1258225440979	-0.022541522979736328
3.8816707134246826	2.756004810333252	1.1256659030914307
4.346397876739502	4.560745716094971	-0.21434783935546875
3.9545066356658936	4.1768798828125	-0.22237324714660645
3.8632731437683105	3.946110963821411	-0.08283782005310059
4.112509727478027	4.074932098388672	0.03757762908935547
3.9931633472442627	3.977052927017212	0.01611042022705078
4.195990085601807	4.140841484069824	0.05514860153198242
4.7488274574279785	4.417914867401123	0.33091259002685547
4.713866710662842	4.61180305480957	0.10206365585327148
4.537158966064453	4.914923191070557	-0.3777642250061035
4.037086486816406	4.32442045211792	-0.28733396530151367
4.448915004730225	4.598326683044434	-0.14941167831420898
4.349883556365967	4.640374183654785	-0.29049062728881836
4.5880045890808105	4.730515480041504	-0.14251089096069336
3.4370129108428955	3.1821789741516113	0.2548339366912842
4.032155990600586	3.6147620677948	0.41739392280578613
3.2785348892211914	3.0852560997009277	0.19327878952026367
3.5737712383270264	3.1673262119293213	0.4064450263977051
3.85420560836792	3.694707155227661	0.1594984531402588
4.466980934143066	4.307260990142822	0.15971994400024414
4.572314262390137	4.408296585083008	0.1640176773071289
5.096360683441162	4.51192045211792	0.5844402313232422
5.175490379333496	5.158285617828369	0.017204761505126953
3.0300228595733643	2.942603826522827	0.08741903305053711
3.1823489665985107	2.5593435764312744	0.6230053901672363
3.685201406478882	3.7022011280059814	-0.01699972152709961
3.85357403755188	3.796096086502075	0.05747795104980469
3.8801040649414062	3.843174695968628	0.03692936897277832
4.080490589141846	4.117700099945068	-0.037209510803222656
4.239002704620361	4.137882232666016	0.1011204719543457
4.373955249786377	4.32550048828125	0.04845476150512695
4.540428638458252	4.651678562164307	-0.11124992370605469
4.707033634185791	4.480774879455566	0.2262587547302246
5.104550838470459	4.931338310241699	0.17321252822875977
5.183491230010986	5.037048816680908	0.14644241333007812
3.125051259994507	3.1821789741516113	-0.05712771415710449
4.274137020111084	3.477856159210205	0.7962808609008789
3.8436946868896484	4.895132541656494	-1.0514378547668457
3.5703115463256836	3.6462347507476807	-0.07592320442199707
4.634442329406738	4.013941764831543	0.6205005645751953
4.271681308746338	4.425731658935547	-0.15405035018920898
4.865203380584717	4.417312145233154	0.4478912353515625
4.904295444488525	4.782989501953125	0.12130594253540039
5.032626628875732	4.960979461669922	0.07164716720581055
4.593257427215576	4.6335883140563965	-0.04033088684082031
4.501484394073486	4.566290378570557	-0.06480598449707031
5.012237548828125	4.9950151443481445	0.01722240447998047
3.40657377243042	3.8468759059906006	-0.44030213356018066
3.8314056396484375	3.926827907562256	-0.09542226791381836
3.7597694396972656	3.7643797397613525	-0.004610300064086914
3.6490986347198486	3.8092615604400635	-0.16016292572021484
4.221386909484863	4.029934406280518	0.1914525032043457
3.9854423999786377	4.399680137634277	-0.41423773765563965
4.077610969543457	4.078722953796387	-0.0011119842529296875
4.089277267456055	4.0341291427612305	0.05514812469482422
4.048616409301758	4.023265361785889	0.02535104751586914
4.141266345977783	4.112833499908447	0.028432846069335938
4.239336013793945	4.174241065979004	0.0650949478149414
3.6396985054016113	3.1821789741516113	0.45751953125
4.0099778175354	3.4234659671783447	0.5865118503570557
3.9291141033172607	3.809985399246216	0.11912870407104492
4.236734867095947	4.0909905433654785	0.14574432373046875
4.426970958709717	4.335966110229492	0.09100484848022461
4.843527317047119	4.78674840927124	0.056778907775878906
4.780520915985107	4.700625419616699	0.0798954963684082
4.516448497772217	4.720874786376953	-0.20442628860473633
4.281280040740967	4.374509811401367	-0.09322977066040039
4.8575005531311035	4.789988994598389	0.06751155853271484
3.856822967529297	3.1821789741516113	0.6746439933776855
3.600849151611328	3.3999674320220947	0.2008817195892334
3.5772364139556885	3.6983230113983154	-0.12108659744262695
4.067793846130371	3.756578207015991	0.3112156391143799
4.814591407775879	4.568076133728027	0.24651527404785156
5.095883369445801	4.981318950653076	0.11456441879272461
5.1003594398498535	5.142749309539795	-0.042389869689941406
5.1526780128479	5.171210765838623	-0.018532752990722656
5.100996971130371	5.166811943054199	-0.06581497192382812
5.064105033874512	2.9955384731292725	2.0685665607452393
5.147523880004883	4.724836826324463	0.4226870536804199
5.144186496734619	5.157293796539307	-0.0131072998046875
4.597723960876465	4.637911319732666	-0.04018735885620117
4.44597864151001	4.407303333282471	0.03867530822753906
4.387628078460693	4.37898588180542	0.008642196655273438
4.878599166870117	4.44565486907959	0.43294429779052734
5.065255641937256	5.006282806396484	0.058972835540771484
5.143871307373047	5.091076374053955	0.0527949333190918
4.0519118309021	3.1821789741516113	0.8697328567504883
3.3405206203460693	4.041501045227051	-0.7009804248809814
3.190875291824341	2.8950045108795166	0.2958707809448242
3.031247854232788	2.9352900981903076	0.09595775604248047
2.9131100177764893	3.0001637935638428	-0.08705377578735352
3.0153467655181885	3.1123178005218506	-0.09697103500366211
2.877171516418457	2.9797537326812744	-0.10258221626281738
3.045933723449707	2.857196569442749	0.188737154006958
3.0105459690093994	3.0872020721435547	-0.07665610313415527
2.899644136428833	2.9827873706817627	-0.08314323425292969
2.7293570041656494	2.7636985778808594	-0.03434157371520996
3.2322046756744385	3.237579584121704	-0.005374908447265625
2.961995840072632	3.1821789741516113	-0.2201831340789795
4.489558696746826	3.337273359298706	1.1522853374481201
4.860681533813477	4.707322120666504	0.15335941314697266
4.572127342224121	4.615447521209717	-0.0433201789855957
4.692455768585205	4.5084404945373535	0.18401527404785156
4.2759928703308105	4.56345796585083	-0.28746509552001953
4.4478936195373535	4.044334411621094	0.40355920791625977
4.691730976104736	4.592714786529541	0.09901618957519531
4.545530319213867	4.5067362785339355	0.03879404067993164
5.133035659790039	4.5882887840271	0.5447468757629395
5.126826763153076	5.081211090087891	0.04561567306518555
4.299371242523193	3.639716386795044	0.6596548557281494
4.192012310028076	4.0322113037109375	0.15980100631713867
3.6718289852142334	4.1764020919799805	-0.5045731067657471
3.8327114582061768	3.6995763778686523	0.13313508033752441
4.12965726852417	3.9417078495025635	0.18794941902160645
3.8405041694641113	4.029121398925781	-0.18861722946166992
4.088773727416992	4.012645244598389	0.07612848281860352
4.259346961975098	4.1620774269104	0.09726953506469727
4.369901180267334	4.194322109222412	0.17557907104492188
4.4288763999938965	4.258385181427002	0.17049121856689453
4.858885765075684	4.560964107513428	0.29792165756225586
4.796298027038574	4.797550678253174	-0.0012526512145996094
4.893808841705322	4.888942718505859	0.004866123199462891
4.842423915863037	4.9391093254089355	-0.09668540954589844
4.596285343170166	4.879493236541748	-0.28320789337158203
4.856003284454346	4.5712890625	0.2847142219543457
5.113331317901611	4.912153720855713	0.20117759704589844
5.130130290985107	5.025341510772705	0.10478878021240234
5.141890048980713	5.137317657470703	0.004572391510009766
3.1448612213134766	3.1821789741516113	-0.037317752838134766
3.4736287593841553	3.6317036151885986	-0.15807485580444336
2.998382329940796	2.8230841159820557	0.17529821395874023
3.4126980304718018	3.464505910873413	-0.05180788040161133
4.402261257171631	4.345958232879639	0.05630302429199219
4.825612545013428	5.117705821990967	-0.29209327697753906
4.691615104675293	4.800748348236084	-0.10913324356079102
4.527864933013916	4.78467321395874	-0.2568082809448242
4.893126487731934	4.526132583618164	0.36699390411376953
5.14976167678833	5.157923698425293	-0.00816202163696289
5.1469645500183105	5.1508564949035645	-0.0038919448852539062
5.066059112548828	3.1821789741516113	1.8838801383972168
4.514883995056152	4.924716472625732	-0.4098324775695801
4.268301486968994	4.855997085571289	-0.5876955986022949
3.3167264461517334	3.569040536880493	-0.25231409072875977
3.2935640811920166	3.3400962352752686	-0.04653215408325195
3.215121030807495	3.48038911819458	-0.26526808738708496
3.0613081455230713	2.911473512649536	0.14983463287353516
3.794814348220825	3.2292487621307373	0.5655655860900879
4.148036479949951	4.151408672332764	-0.0033721923828125
4.341078281402588	4.335816383361816	0.005261898040771484
4.381981372833252	4.218532085418701	0.16344928741455078
4.007493495941162	4.095510959625244	-0.08801746368408203
4.126137733459473	4.038882732391357	0.08725500106811523
4.235559463500977	4.325249195098877	-0.08968973159790039
4.323567867279053	4.345622539520264	-0.022054672241210938
4.614555358886719	4.520109176635742	0.09444618225097656
4.213593006134033	4.644548416137695	-0.4309554100036621
4.797673225402832	4.558577060699463	0.23909616470336914
4.75203800201416	4.820179462432861	-0.06814146041870117
4.749166011810303	4.719783306121826	0.029382705688476562
4.868190288543701	4.552026748657227	0.3161635398864746
4.645596981048584	4.438230037689209	0.207366943359375
4.295772552490234	4.602214336395264	-0.3064417839050293
4.1266703605651855	4.475185394287109	-0.34851503372192383
4.329184055328369	3.9963138103485107	0.3328702449798584
3.3481271266937256	3.1821789741516113	0.16594815254211426
2.077265501022339	4.014433860778809	-1.9371683597564697
2.6500139236450195	2.155444860458374	0.4945690631866455
2.18761944770813	2.6278932094573975	-0.4402737617492676
2.6814792156219482	2.4935848712921143	0.18789434432983398
2.739720582962036	2.632326364517212	0.10739421844482422
2.8253419399261475	2.8991849422454834	-0.07384300231933594
3.257619857788086	3.095883369445801	0.16173648834228516
3.4164907932281494	3.3606364727020264	0.05585432052612305
3.7482872009277344	3.4100587368011475	0.3382284641265869
3.8987019062042236	3.803659439086914	0.09504246711730957
3.982769250869751	4.009588718414307	-0.026819467544555664
3.847001314163208	3.6068222522735596	0.24017906188964844
3.550625801086426	4.0665411949157715	-0.5159153938293457
4.026838302612305	4.036346435546875	-0.009508132934570312
4.188911437988281	4.042292594909668	0.14661884307861328
4.548693656921387	4.443816184997559	0.10487747192382812
1.9151360988616943	3.1821789741516113	-1.267042875289917
3.083869218826294	2.9960451126098633	0.08782410621643066
2.8959176540374756	3.2033631801605225	-0.3074455261230469
2.8960649967193604	3.0538158416748047	-0.15775084495544434
3.2362072467803955	3.2977466583251953	-0.061539411544799805
3.979086399078369	3.5983424186706543	0.38074398040771484
3.961230516433716	3.99656081199646	-0.03533029556274414
4.427865028381348	3.9830827713012695	0.4447822570800781
4.556171894073486	4.394976615905762	0.1611952781677246
4.408250331878662	4.211702346801758	0.1965479850769043
4.065861701965332	4.389433860778809	-0.32357215881347656
4.004777908325195	4.029752254486084	-0.024974346160888672
3.9901156425476074	3.8644399642944336	0.12567567825317383
2.37542462348938	3.3019211292266846	-0.9264965057373047
3.4197611808776855	3.049788236618042	0.36997294425964355
3.188873052597046	3.133009195327759	0.05586385726928711
2.882878541946411	3.2557578086853027	-0.3728792667388916
2.8778460025787354	2.8197100162506104	0.058135986328125
3.3112406730651855	2.9781129360198975	0.3331277370452881
3.6660640239715576	3.586742401123047	0.07932162284851074
3.617886781692505	3.5890443325042725	0.028842449188232422
4.054696559906006	3.709429979324341	0.34526658058166504
4.120026588439941	4.142160892486572	-0.02213430404663086
3.951629877090454	3.999948501586914	-0.04831862449645996
3.836005926132202	4.033833026885986	-0.19782710075378418
2.693460464477539	3.0954864025115967	-0.4020259380340576
2.8685412406921387	2.6414237022399902	0.22711753845214844
3.028202533721924	2.8177459239959717	0.21045660972595215
2.2159640789031982	3.4538419246673584	-1.2378778457641602
1.9854161739349365	2.061880588531494	-0.07646441459655762
2.0519678592681885	2.0126569271087646	0.03931093215942383
2.5361969470977783	2.247692346572876	0.28850460052490234
2.7325034141540527	2.669999599456787	0.06250381469726562
3.2763826847076416	2.6812729835510254	0.5951097011566162
2.9204421043395996	2.944772481918335	-0.02433037757873535
2.3834872245788574	3.0710647106170654	-0.687577486038208
4.309849739074707	4.272838115692139	0.03701162338256836
4.77940034866333	4.5422773361206055	0.2371230125427246
2.739231824874878	2.9412107467651367	-0.2019789218902588
3.8179643154144287	3.548196792602539	0.26976752281188965
4.035801410675049	4.053126811981201	-0.017325401306152344
4.019028663635254	3.8854753971099854	0.13355326652526855
4.406990051269531	4.2300896644592285	0.17690038681030273
4.585571765899658	4.445972442626953	0.13959932327270508
4.322683811187744	4.391178131103516	-0.06849431991577148
4.280386447906494	4.358438014984131	-0.07805156707763672
4.4026618003845215	4.157965660095215	0.24469614028930664
4.354000568389893	4.070572376251221	0.2834281921386719
4.343196392059326	3.951904535293579	0.39129185676574707
4.210909366607666	4.213906764984131	-0.0029973983764648438
3.8424606323242188	4.131539344787598	-0.2890787124633789
3.8558170795440674	4.020688056945801	-0.1648709774017334
3.698974609375	3.8530189990997314	-0.15404438972473145
4.133821964263916	4.327819347381592	-0.19399738311767578
4.050740718841553	4.133315086364746	-0.08257436752319336
3.873556137084961	3.843559503555298	0.029996633529663086
3.681792974472046	3.7965192794799805	-0.11472630500793457
3.3347041606903076	3.6558189392089844	-0.32111477851867676
4.081449508666992	3.7045907974243164	0.3768587112426758
3.924657106399536	4.272067546844482	-0.3474104404449463
5.0630292892456055	4.486274242401123	0.5767550468444824
4.543339729309082	4.604227542877197	-0.060887813568115234
4.760908126831055	4.7811784744262695	-0.020270347595214844
4.746920585632324	4.851366996765137	-0.1044464111328125
4.841457843780518	5.029416084289551	-0.1879582405090332
5.141729354858398	5.123081207275391	0.018648147583007812
5.146233558654785	5.153648853302002	-0.007415294647216797
5.1441192626953125	5.147233009338379	-0.0031137466430664062
5.153879165649414	5.14760160446167	0.006277561187744141
5.153881072998047	5.106067657470703	0.04781341552734375
5.0240702629089355	5.103888511657715	-0.0798182487487793
5.08031702041626	5.109249114990234	-0.02893209457397461
5.13422155380249	5.121634006500244	0.012587547302246094
5.043216228485107	5.127782821655273	-0.08456659317016602
4.004537582397461	3.2993414402008057	0.7051961421966553
2.6222777366638184	3.6207587718963623	-0.998481035232544
2.493114709854126	3.2158548831939697	-0.7227401733398438
2.1920313835144043	2.1942124366760254	-0.0021810531616210938
2.623758554458618	2.360846757888794	0.2629117965698242
2.6205382347106934	2.616569757461548	0.003968477249145508
4.048719882965088	3.7954838275909424	0.2532360553741455
4.250785827636719	4.12443733215332	0.12634849548339844
4.919195175170898	4.426676273345947	0.49251890182495117
2.106039524078369	3.150665521621704	-1.044625997543335
3.073003053665161	2.477517604827881	0.5954854488372803
3.135319948196411	3.4273197650909424	-0.29199981689453125
3.19433331489563	3.0679638385772705	0.12636947631835938
3.020169734954834	3.4722201824188232	-0.45205044746398926
3.4417190551757812	3.36310076713562	0.07861828804016113
4.0693511962890625	3.618417739868164	0.45093345642089844
4.72444486618042	4.471266269683838	0.25317859649658203
2.961995840072632	3.1821789741516113	-0.2201831340789795
3.2042043209075928	2.3070266246795654	0.8971776962280273
3.3003273010253906	3.361753463745117	-0.06142616271972656
3.8409130573272705	3.7621428966522217	0.07877016067504883
3.6836462020874023	3.7156989574432373	-0.03205275535583496
4.16083288192749	4.1575469970703125	0.0032858848571777344
4.248982906341553	4.167663097381592	0.08131980895996094
4.593926429748535	4.567162036895752	0.026764392852783203
4.591790199279785	4.669605255126953	-0.07781505584716797
4.93936014175415	4.919070720672607	0.02028942108154297
3.1765360832214355	3.1821789741516113	-0.005642890930175781
2.992236852645874	2.8366262912750244	0.1556105613708496
3.5631754398345947	3.7715117931365967	-0.20833635330200195
4.132075786590576	3.69281005859375	0.43926572799682617
4.156358242034912	4.105065822601318	0.05129241943359375
4.519972324371338	4.432473659515381	0.08749866485595703
4.339539527893066	4.360111713409424	-0.020572185516357422
4.167447566986084	4.273107528686523	-0.10565996170043945
4.205350399017334	4.155571937561035	0.04977846145629883
4.409616470336914	4.255202770233154	0.15441370010375977
4.2586164474487305	4.351862907409668	-0.0932464599609375
4.0088114738464355	3.7781782150268555	0.23063325881958008
4.081700801849365	3.1821789741516113	0.8995218276977539
4.282607078552246	4.169252872467041	0.11335420608520508
4.342336654663086	4.141208171844482	0.20112848281860352
4.821035861968994	4.5556817054748535	0.2653541564941406
4.541756629943848	4.77018404006958	-0.22842741012573242
4.498669147491455	4.393348693847656	0.10532045364379883
4.019313335418701	4.4458513259887695	-0.42653799057006836
3.894667148590088	3.9705922603607178	-0.07592511177062988
3.2176926136016846	3.205702543258667	0.011990070343017578
3.374396562576294	3.3590025901794434	0.015393972396850586
3.4572203159332275	2.658205986022949	0.7990143299102783
2.8491322994232178	3.123995542526245	-0.27486324310302734
3.218001127243042	3.2743656635284424	-0.05636453628540039
3.188002824783325	3.229477643966675	-0.04147481918334961
3.4574737548828125	3.4706690311431885	-0.013195276260375977
3.569687604904175	3.502469301223755	0.06721830368041992
4.049894332885742	3.819373369216919	0.23052096366882324
4.339195728302002	4.2724714279174805	0.06672430038452148
4.376037120819092	4.32578706741333	0.05025005340576172
4.528220176696777	3.340461015701294	1.1877591609954834
4.35316276550293	4.167842388153076	0.18532037734985352
4.738316535949707	4.469825267791748	0.268491268157959
3.8359525203704834	4.150936603546143	-0.3149840831756592
4.033596992492676	3.879500150680542	0.1540968418121338
4.4608306884765625	4.690024375915527	-0.22919368743896484
4.482606410980225	4.506123065948486	-0.02351665496826172
4.599921703338623	4.649762153625488	-0.049840450286865234
4.789668083190918	4.533779621124268	0.2558884620666504
2.471414089202881	3.1821789741516113	-0.7107648849487305
2.8449552059173584	2.4231953620910645	0.42175984382629395
3.3745763301849365	3.4555423259735107	-0.08096599578857422
3.562978982925415	3.47920298576355	0.08377599716186523
3.824235677719116	3.9966745376586914	-0.1724388599395752
3.90832781791687	3.985252618789673	-0.07692480087280273
3.9808127880096436	3.941401243209839	0.03941154479980469
4.321422576904297	3.9108548164367676	0.4105677604675293
4.537737846374512	4.654473304748535	-0.11673545837402344
4.522407531738281	4.556029796600342	-0.03362226486206055
4.353837966918945	4.634153842926025	-0.2803158760070801
3.8556227684020996	3.1821789741516113	0.6734437942504883
3.2670392990112305	3.5819251537323	-0.31488585472106934
3.9782421588897705	3.3911774158477783	0.5870647430419922
3.127755880355835	3.656503915786743	-0.5287480354309082
2.945145845413208	2.755399465560913	0.18974637985229492
2.8879940509796143	2.7751524448394775	0.11284160614013672
2.878983974456787	2.8654186725616455	0.013565301895141602
3.4156906604766846	3.323314666748047	0.0923759937286377
3.3526272773742676	3.2912497520446777	0.061377525329589844
4.281503200531006	4.226792812347412	0.05471038818359375
4.330892086029053	4.538454055786133	-0.20756196975708008
4.409578323364258	4.237170219421387	0.1724081039428711
4.457640647888184	4.52256965637207	-0.06492900848388672
4.107842922210693	4.202892303466797	-0.09504938125610352
4.177903652191162	4.5171427726745605	-0.33923912048339844
2.5447115898132324	3.1821789741516113	-0.6374673843383789
2.1677324771881104	2.374007225036621	-0.20627474784851074
2.7649521827697754	2.174793243408203	0.5901589393615723
3.0927157402038574	3.4217398166656494	-0.329024076461792
3.525348424911499	3.8413193225860596	-0.31597089767456055
3.446791648864746	3.520118236541748	-0.07332658767700195
2.1716296672821045	3.4755332469940186	-1.303903579711914
2.914001941680908	2.8588054180145264	0.055196523666381836
3.1130259037017822	2.8827569484710693	0.2302689552307129
2.9828171730041504	3.04569935798645	-0.0628821849822998
3.268186330795288	4.244670391082764	-0.9764840602874756
3.9479849338531494	3.2003939151763916	0.7475910186767578
4.962376117706299	4.1560750007629395	0.8063011169433594
4.752513885498047	5.035067081451416	-0.28255319595336914
4.8334245681762695	4.620911598205566	0.21251296997070312
4.839777946472168	4.965275764465332	-0.12549781799316406
5.0236592292785645	4.931283473968506	0.0923757553100586
4.857796669006348	4.858020305633545	-0.00022363662719726562
5.102830410003662	4.757369518280029	0.3454608917236328
4.935378074645996	4.811877727508545	0.12350034713745117
5.088344097137451	5.081005096435547	0.007339000701904297
4.86088752746582	4.983429908752441	-0.1225423812866211
4.907284259796143	4.906698703765869	0.0005855560302734375
5.080479145050049	5.041142463684082	0.0393366813659668
4.90621280670166	5.046306610107422	-0.14009380340576172
4.9559783935546875	4.8165130615234375	0.13946533203125
4.925273895263672	4.840319633483887	0.08495426177978516
4.9203267097473145	4.836935043334961	0.08339166641235352
4.146034240722656	4.333003520965576	-0.18696928024291992
4.6070733070373535	4.360980033874512	0.2460932731628418
4.013833045959473	4.215837001800537	-0.20200395584106445
4.2403130531311035	3.993729591369629	0.2465834617614746
4.140542030334473	4.469242572784424	-0.32870054244995117
3.86700701713562	4.013506889343262	-0.1464998722076416
1.944740891456604	3.1821789741516113	-1.2374380826950073
4.208989143371582	2.6848342418670654	1.5241549015045166
4.283207416534424	4.025271415710449	0.2579360008239746
5.124152660369873	4.943460941314697	0.18069171905517578
4.946424961090088	5.065704822540283	-0.11927986145019531
4.769711971282959	4.399048328399658	0.3706636428833008
4.923846244812012	4.848483562469482	0.0753626823425293
4.964404106140137	4.969491958618164	-0.005087852478027344
4.763162136077881	5.042606353759766	-0.27944421768188477
4.87892484664917	4.970059871673584	-0.09113502502441406
4.777408123016357	4.830306053161621	-0.05289793014526367
4.690790176391602	4.6240057945251465	0.06678438186645508
4.755156517028809	4.952869415283203	-0.19771289825439453
3.147761583328247	3.1821789741516113	-0.03441739082336426
2.6503396034240723	2.5610594749450684	0.0892801284790039
2.474552631378174	2.5499565601348877	-0.07540392875671387
3.3164868354797363	2.7085390090942383	0.607947826385498
3.7582273483276367	3.261322259902954	0.4969050884246826
3.521934986114502	3.285166025161743	0.2367689609527588
3.1502161026000977	3.4079065322875977	-0.2576904296875
3.418752670288086	3.2477309703826904	0.1710216999053955
3.4785654544830322	3.3942642211914062	0.08430123329162598
3.45993971824646	3.4293627738952637	0.03057694435119629
3.560476303100586	3.517300605773926	0.043175697326660156
4.645895004272461	3.754664182662964	0.8912308216094971
5.03165340423584	5.144994258880615	-0.11334085464477539
4.93972635269165	4.938532829284668	0.0011935234069824219
4.583507537841797	4.5140228271484375	0.06948471069335938
4.9428300857543945	4.805781841278076	0.13704824447631836
4.828949928283691	4.953320026397705	-0.12437009811401367
3.424537420272827	3.1821789741516113	0.24235844612121582
4.857974052429199	4.927281856536865	-0.06930780410766602
4.489912986755371	4.327807426452637	0.16210556030273438
4.6092753410339355	4.7802228927612305	-0.17094755172729492
4.556240081787109	4.3380255699157715	0.2182145118713379
4.525907516479492	4.604382514953613	-0.0784749984741211
4.571543216705322	4.578310012817383	-0.006766796112060547
4.726362705230713	4.680551052093506	0.04581165313720703
5.17724609375	5.1325364112854	0.04470968246459961
5.1636061668396	5.085676670074463	0.07792949676513672
4.554634094238281	3.5478923320770264	1.0067417621612549
4.855796813964844	4.876179218292236	-0.020382404327392578
3.954479694366455	4.480616092681885	-0.5261363983154297
3.701995849609375	3.74828839302063	-0.04629254341125488
3.813734769821167	4.07950496673584	-0.26577019691467285
3.675679922103882	3.7270617485046387	-0.051381826400756836
3.9804327487945557	3.6918132305145264	0.2886195182800293
4.355274677276611	4.087684154510498	0.2675905227661133
4.383448600769043	4.233370780944824	0.15007781982421875
4.196725368499756	4.027317523956299	0.16940784454345703
3.166245222091675	3.3242440223693848	-0.15799880027770996
3.543052911758423	3.6062428951263428	-0.06318998336791992
3.4084694385528564	3.414893627166748	-0.0064241886138916016
3.203416109085083	3.3825623989105225	-0.17914628982543945
3.5053131580352783	3.182616710662842	0.3226964473724365
3.84834361076355	3.8997690677642822	-0.05142545700073242
4.081510066986084	3.899242401123047	0.1822676658630371
4.189047336578369	4.058473587036133	0.13057374954223633
4.1002984046936035	4.10623025894165	-0.005931854248046875
3.8693110942840576	3.9326863288879395	-0.06337523460388184
4.326882362365723	3.739236831665039	0.5876455307006836
4.781071186065674	4.222181797027588	0.5588893890380859
3.923943281173706	3.1821789741516113	0.7417643070220947
2.389686346054077	3.5034008026123047	-1.1137144565582275
3.6650242805480957	3.6582493782043457	0.00677490234375
3.721204996109009	3.648329496383667	0.0728754997253418
4.0154266357421875	3.814650297164917	0.2007763385772705
4.142520904541016	4.079663276672363	0.06285762786865234
4.144771099090576	4.216941833496094	-0.07217073440551758
4.157452583312988	4.2303900718688965	-0.0729374885559082
4.342784881591797	4.32733678817749	0.01544809341430664
4.991034984588623	4.656155109405518	0.33487987518310547
4.538958549499512	3.1821789741516113	1.3567795753479004
4.376338005065918	4.62414026260376	-0.2478022575378418
4.14011287689209	4.095891952514648	0.044220924377441406
4.096449851989746	3.94976544380188	0.1466844081878662
4.092584609985352	4.0537638664245605	0.038820743560791016
4.249509334564209	4.179917335510254	0.06959199905395508
4.504246234893799	4.511841297149658	-0.007595062255859375
4.647324085235596	4.596444606781006	0.050879478454589844
4.5201239585876465	4.643970966339111	-0.12384700775146484
4.8329854011535645	4.978386402130127	-0.1454010009765625
4.908939838409424	4.9014177322387695	0.007522106170654297
4.780076026916504	4.605703353881836	0.17437267303466797
5.019219398498535	4.511804103851318	0.5074152946472168
3.179171562194824	3.1091811656951904	0.06999039649963379
3.4776015281677246	2.75620698928833	0.7213945388793945
2.8874623775482178	3.188838243484497	-0.3013758659362793
2.7880160808563232	3.2630488872528076	-0.4750328063964844
3.270071268081665	3.0593421459198	0.21072912216186523
3.2441318035125732	3.2885308265686035	-0.04439902305603027
3.4388508796691895	3.1260292530059814	0.312821626663208
3.3673789501190186	3.386685371398926	-0.019306421279907227
3.331718683242798	3.1427910327911377	0.18892765045166016
3.2950804233551025	3.6946778297424316	-0.3995974063873291
3.2414355278015137	3.5599119663238525	-0.31847643852233887
1.6270087957382202	3.1821789741516113	-1.5551701784133911
3.217376470565796	3.4449846744537354	-0.22760820388793945
3.6584231853485107	3.9872846603393555	-0.3288614749908447
3.3444855213165283	3.389200448989868	-0.044714927673339844
3.4900505542755127	3.5197293758392334	-0.029678821563720703
3.0555384159088135	3.699069023132324	-0.6435306072235107
3.592622995376587	3.57262921333313	0.01999378204345703
3.627678155899048	3.5786759853363037	0.04900217056274414
4.337763786315918	3.6892592906951904	0.6485044956207275
3.9614195823669434	3.859431505203247	0.10198807716369629
4.64747953414917	4.138091564178467	0.5093879699707031
2.825714588165283	3.4575307369232178	-0.6318161487579346
2.572291374206543	2.9979560375213623	-0.42566466331481934
3.2282662391662598	3.1143033504486084	0.11396288871765137
3.7150747776031494	4.040273666381836	-0.3251988887786865
3.6780714988708496	3.684002637863159	-0.00593113899230957
3.5494344234466553	3.4683127403259277	0.08112168312072754
3.429713487625122	3.3623008728027344	0.0674126148223877
3.382131338119507	3.438291311264038	-0.05615997314453125
3.2338907718658447	3.232330083847046	0.0015606880187988281
4.148482799530029	4.624039649963379	-0.4755568504333496
4.23811674118042	3.9723987579345703	0.2657179832458496
3.9122273921966553	3.77736496925354	0.13486242294311523
3.8579742908477783	3.918128728866577	-0.06015443801879883
4.094444751739502	4.082679271697998	0.011765480041503906
4.3097825050354	4.358081340789795	-0.04829883575439453
4.698071479797363	4.319350242614746	0.3787212371826172
4.698382377624512	4.888861656188965	-0.19047927856445312
5.082526683807373	4.699580669403076	0.3829460144042969
5.131450653076172	5.146271228790283	-0.014820575714111328
2.135265827178955	3.2051148414611816	-1.0698490142822266
2.7042994499206543	2.5647451877593994	0.13955426216125488
2.8287954330444336	3.00608229637146	-0.17728686332702637
2.807485580444336	2.892646312713623	-0.08516073226928711
3.34696888923645	3.326961040496826	0.020007848739624023
3.5194613933563232	3.5389840602874756	-0.019522666931152344
3.84433913230896	3.704486846923828	0.13985228538513184
4.616487979888916	4.216301918029785	0.40018606185913086
5.106164932250977	5.088973522186279	0.017191410064697266
4.627573013305664	4.780368328094482	-0.15279531478881836
4.549025058746338	4.6173415184021	-0.06831645965576172
4.604698657989502	4.592100143432617	0.012598514556884766
4.924323081970215	4.7745747566223145	0.1497483253479004
3.0130207538604736	3.1821789741516113	-0.1691582202911377
3.4762325286865234	3.446772813796997	0.029459714889526367
3.0043692588806152	3.2504281997680664	-0.24605894088745117
3.128305196762085	2.941307306289673	0.1869978904724121
3.4108195304870605	3.1401407718658447	0.2706787586212158
3.3189797401428223	3.4091408252716064	-0.09016108512878418
2.9518320560455322	3.185326337814331	-0.23349428176879883
2.5538346767425537	2.7455451488494873	-0.1917104721069336
2.6088180541992188	2.684555768966675	-0.07573771476745605
2.648277521133423	2.5687780380249023	0.07949948310852051
3.1396260261535645	3.1821789741516113	-0.042552947998046875
3.5392229557037354	3.020376682281494	0.5188462734222412
4.546412944793701	4.386861801147461	0.15955114364624023
4.170590877532959	4.216305732727051	-0.0457148551940918
4.180129528045654	4.154539585113525	0.025589942932128906
4.26133918762207	4.158289909362793	0.10304927825927734
4.1087470054626465	4.479040622711182	-0.37029361724853516
4.60095739364624	4.48341703414917	0.11754035949707031
4.212149143218994	4.254766464233398	-0.0426173210144043
3.7452192306518555	4.767727375030518	-1.022508144378662
3.5700266361236572	3.2915709018707275	0.2784557342529297
3.448345422744751	3.4725496768951416	-0.024204254150390625
3.5536420345306396	3.2084057331085205	0.34523630142211914
3.493467330932617	3.541663408279419	-0.04819607734680176
3.4550695419311523	3.4584062099456787	-0.003336668014526367
3.4614691734313965	3.4415011405944824	0.019968032836914062
3.5586860179901123	3.4666030406951904	0.09208297729492188
3.9194319248199463	3.815258741378784	0.10417318344116211
4.337010860443115	4.170109748840332	0.1669011116027832
1.5109543800354004	3.1821789741516113	-1.671224594116211
2.4879214763641357	2.3956143856048584	0.09230709075927734
3.264547109603882	2.56428861618042	0.7002584934234619
4.075218677520752	3.3972132205963135	0.6780054569244385
4.272914409637451	4.32438850402832	-0.05147409439086914
4.270071506500244	4.338585376739502	-0.06851387023925781
4.1878156661987305	4.140307903289795	0.04750776290893555
4.221924781799316	4.328807830810547	-0.10688304901123047
4.5702128410339355	4.496633052825928	0.07357978820800781
4.990315914154053	4.406532287597656	0.5837836265563965
4.935557842254639	3.544464349746704	1.3910934925079346
5.097548484802246	5.043224334716797	0.05432415008544922
5.082961082458496	5.096130847930908	-0.01316976547241211
5.150059700012207	5.163604736328125	-0.013545036315917969
5.081728935241699	5.14466667175293	-0.06293773651123047
5.149574279785156	5.074221611022949	0.07535266876220703
5.052648067474365	5.135693073272705	-0.08304500579833984
4.843270301818848	5.055193901062012	-0.21192359924316406
4.88208532333374	4.72047758102417	0.1616077423095703
3.1765360832214355	3.1821789741516113	-0.005642890930175781
2.670658826828003	2.7611353397369385	-0.09047651290893555
2.583880662918091	2.792346954345703	-0.2084662914276123
3.1805355548858643	2.477961778640747	0.7025737762451172
3.661306619644165	3.2589333057403564	0.4023733139038086
3.7512006759643555	3.7652556896209717	-0.014055013656616211
3.9159581661224365	3.703045606613159	0.21291255950927734
4.128881931304932	3.978627920150757	0.1502540111541748
4.105036735534668	4.198731899261475	-0.09369516372680664
4.100491523742676	4.148799419403076	-0.04830789566040039
4.194572925567627	3.8023195266723633	0.39225339889526367
4.311477184295654	4.006897926330566	0.3045792579650879
2.940195322036743	3.1821789741516113	-0.24198365211486816
3.3132715225219727	2.6330180168151855	0.6802535057067871
3.5312225818634033	3.463923215866089	0.06729936599731445
3.9060699939727783	3.8593435287475586	0.04672646522521973
4.005099296569824	4.058297634124756	-0.05319833755493164
4.2663960456848145	4.122476100921631	0.1439199447631836
4.365884780883789	4.185751438140869	0.18013334274291992
4.49671745300293	4.458184719085693	0.03853273391723633
4.851857662200928	4.5105390548706055	0.34131860733032227
4.723508358001709	4.684016227722168	0.039492130279541016
4.7268385887146	4.9765520095825195	-0.24971342086791992
3.1765360832214355	3.1821789741516113	-0.005642890930175781
3.8158886432647705	3.4278361797332764	0.38805246353149414
3.607891082763672	4.276165008544922	-0.66827392578125
3.70806622505188	3.906176805496216	-0.19811058044433594
3.2549779415130615	3.8723838329315186	-0.617405891418457
3.30232572555542	3.3888278007507324	-0.0865020751953125
3.3692574501037598	3.0845909118652344	0.2846665382385254
3.352879047393799	3.291480779647827	0.06139826774597168
3.387511968612671	3.357198715209961	0.03031325340270996
3.290268659591675	3.36268949508667	-0.07242083549499512
3.1549572944641113	3.203822612762451	-0.048865318298339844
3.289670944213867	3.1554977893829346	0.13417315483093262
3.398867607116699	3.331188917160034	0.06767868995666504
3.6537742614746094	3.8262693881988525	-0.17249512672424316
4.334268569946289	3.661982774734497	0.672285795211792
4.345195293426514	3.9421627521514893	0.4030325412750244
2.961995840072632	3.1821789741516113	-0.2201831340789795
3.6311867237091064	3.8176629543304443	-0.1864762306213379
4.042865753173828	3.7075283527374268	0.33533740043640137
3.8930678367614746	3.918800115585327	-0.02573227882385254
3.9759228229522705	3.7764551639556885	0.19946765899658203
4.840254306793213	4.149091720581055	0.6911625862121582
5.140211582183838	4.814053058624268	0.3261585235595703
5.159336566925049	5.1605987548828125	-0.0012621879577636719
5.154730796813965	5.169306755065918	-0.014575958251953125
5.1074299812316895	4.888875484466553	0.21855449676513672
5.088697910308838	5.117373943328857	-0.02867603302001953
5.01432466506958	5.047299385070801	-0.0329747200012207
4.991310119628906	4.979401588439941	0.011908531188964844
5.108587265014648	5.024292945861816	0.08429431915283203
5.092709541320801	5.009755611419678	0.08295392990112305
5.138331890106201	5.074820041656494	0.06351184844970703
4.473907470703125	3.1821789741516113	1.2917284965515137
2.089698314666748	2.733447790145874	-0.643749475479126
2.617051362991333	1.8275130987167358	0.7895382642745972
2.747431993484497	2.7447917461395264	0.002640247344970703
3.1365950107574463	3.1315643787384033	0.005030632019042969
3.256681203842163	3.2567036151885986	-2.2411346435546875e-05
3.176877975463867	3.1833901405334473	-0.006512165069580078
3.3820245265960693	3.15608811378479	0.2259364128112793
3.2221994400024414	3.3741977214813232	-0.15199828147888184
2.0807502269744873	3.1821789741516113	-1.101428747177124
1.0673208236694336	1.279037594795227	-0.21171677112579346
1.5000406503677368	1.326955795288086	0.17308485507965088
3.0328352451324463	2.6113905906677246	0.4214446544647217
3.1562087535858154	3.226374626159668	-0.07016587257385254
3.907639741897583	3.6298251152038574	0.2778146266937256
3.0442821979522705	3.1821789741516113	-0.13789677619934082
2.8600142002105713	2.7779345512390137	0.08207964897155762
2.206653118133545	2.5808897018432617	-0.3742365837097168
2.1226999759674072	1.9982426166534424	0.12445735931396484
3.1305551528930664	2.7148215770721436	0.41573357582092285
3.2816455364227295	3.4602391719818115	-0.17859363555908203
3.4669277667999268	3.615285634994507	-0.14835786819458008
3.5520076751708984	3.626434564590454	-0.07442688941955566
3.5667660236358643	3.433276891708374	0.13348913192749023
3.503687858581543	3.5862605571746826	-0.08257269859313965
4.068161487579346	3.9211063385009766	0.14705514907836914
4.198274612426758	4.199111461639404	-0.0008368492126464844
4.0560784339904785	4.471170902252197	-0.41509246826171875
4.526444435119629	4.362977027893066	0.1634674072265625
2.7646801471710205	3.365849018096924	-0.6011688709259033
3.120433807373047	3.525057554244995	-0.40462374687194824
3.199145793914795	3.8722000122070312	-0.6730542182922363
3.4594943523406982	3.417692184448242	0.041802167892456055
3.864940881729126	3.732126474380493	0.1328144073486328
4.052943706512451	4.171502113342285	-0.11855840682983398
4.154707431793213	4.126521587371826	0.02818584442138672
4.2822089195251465	4.238361358642578	0.04384756088256836
4.528254508972168	4.4461669921875	0.08208751678466797
3.7392332553863525	3.1821789741516113	0.5570542812347412
3.801116704940796	4.403309345245361	-0.6021926403045654
3.976890802383423	4.260812759399414	-0.2839219570159912
3.7008183002471924	4.565868854522705	-0.8650505542755127
4.4604105949401855	3.784902572631836	0.6755080223083496
4.570434093475342	4.565327167510986	0.005106925964355469
4.851518630981445	4.817148685455322	0.03436994552612305
4.627614498138428	4.30755090713501	0.32006359100341797
5.131295680999756	4.908664226531982	0.22263145446777344
4.872034072875977	5.039914608001709	-0.16788053512573242
4.973178386688232	5.097626209259033	-0.12444782257080078
5.050381183624268	5.012289524078369	0.03809165954589844
5.063687801361084	5.110067844390869	-0.046380043029785156
3.1765360832214355	3.1821789741516113	-0.005642890930175781
5.068772792816162	3.3991246223449707	1.6696481704711914
4.666245937347412	4.829888820648193	-0.16364288330078125
4.324429988861084	4.359107494354248	-0.03467750549316406
4.258296489715576	4.3036980628967285	-0.045401573181152344
1.6684898138046265	2.9440746307373047	-1.2755848169326782
2.6221859455108643	1.732032299041748	0.8901536464691162
3.9156954288482666	3.6567530632019043	0.2589423656463623
5.108076095581055	5.108358383178711	-0.00028228759765625
5.122556209564209	5.123288154602051	-0.0007319450378417969
5.119528293609619	5.118696689605713	0.00083160400390625
5.157544136047363	5.1505513191223145	0.006992816925048828
5.174914360046387	5.15970516204834	0.015209197998046875
5.132028579711914	5.144247531890869	-0.012218952178955078
4.273280620574951	3.1821789741516113	1.0911016464233398
2.9562251567840576	3.790945529937744	-0.8347203731536865
2.9061577320098877	3.198702096939087	-0.2925443649291992
3.318321704864502	3.955174207687378	-0.636852502822876
3.54154634475708	3.590437650680542	-0.048891305923461914
3.5730249881744385	3.470656633377075	0.10236835479736328
4.150623321533203	3.814976692199707	0.3356466293334961
4.532943248748779	4.137310028076172	0.3956332206726074
2.7538301944732666	2.942603826522827	-0.18877363204956055
4.890598773956299	3.210747003555298	1.679851770401001
3.8543403148651123	4.937840938568115	-1.083500623703003
3.73797345161438	3.768625020980835	-0.030651569366455078
5.0728631019592285	3.8995583057403564	1.173304796218872
5.137057304382324	5.067141532897949	0.069915771484375
5.172355651855469	5.151918411254883	0.020437240600585938
5.154808521270752	5.095130443572998	0.059678077697753906
5.147099494934082	5.170439720153809	-0.023340225219726562
2.090709924697876	2.4443411827087402	-0.35363125801086426
2.573928117752075	2.6911966800689697	-0.11726856231689453
2.1487038135528564	2.2330493927001953	-0.08434557914733887
1.9068315029144287	2.0414505004882812	-0.13461899757385254
1.8336000442504883	1.8868731260299683	-0.05327308177947998
2.08599853515625	1.544338583946228	0.541659951210022
2.5585334300994873	2.5503525733947754	0.008180856704711914
2.525071859359741	2.4250712394714355	0.10000061988830566
2.910754680633545	2.598355770111084	0.31239891052246094
3.1079487800598145	3.26176381111145	-0.15381503105163574
2.9591891765594482	2.4365339279174805	0.5226552486419678
3.344816207885742	2.9127864837646484	0.43202972412109375
4.326768398284912	4.198093414306641	0.12867498397827148
3.6535229682922363	3.9554855823516846	-0.30196261405944824
3.730365514755249	3.8467953205108643	-0.11642980575561523
3.84621524810791	3.8745276927948	-0.02831244468688965
3.875988721847534	3.7759478092193604	0.10004091262817383
4.057661533355713	4.033427715301514	0.02423381805419922
2.4217796325683594	3.1821789741516113	-0.760399341583252
3.132434606552124	3.0164682865142822	0.1159663200378418
4.204383850097656	3.1910908222198486	1.0132930278778076
5.077553749084473	4.978532314300537	0.09902143478393555
5.144959449768066	5.142409324645996	0.0025501251220703125
5.143539905548096	5.146885395050049	-0.003345489501953125
5.138862609863281	5.145066738128662	-0.006204128265380859
5.163180828094482	5.162273406982422	0.0009074211120605469
5.162045955657959	5.164218902587891	-0.0021729469299316406
5.1461615562438965	5.134519577026367	0.011641979217529297
2.5999109745025635	3.1821789741516113	-0.5822679996490479
3.8200533390045166	3.570622444152832	0.24943089485168457
3.6289355754852295	3.390882730484009	0.2380528450012207
3.6887738704681396	4.144539833068848	-0.455765962600708
2.2287917137145996	2.2278544902801514	0.0009372234344482422
2.0407159328460693	2.2202560901641846	-0.17954015731811523
2.096798896789551	1.9077430963516235	0.18905580043792725
2.136796712875366	2.1093027591705322	0.027493953704833984
2.552035093307495	2.5827577114105225	-0.030722618103027344
2.529078245162964	2.6010358333587646	-0.07195758819580078
2.4643704891204834	2.6894397735595703	-0.22506928443908691
2.956860303878784	2.6490542888641357	0.30780601501464844
3.316349983215332	2.9339585304260254	0.38239145278930664
3.5008394718170166	3.2873406410217285	0.21349883079528809
3.101127862930298	3.2352893352508545	-0.13416147232055664
4.739059925079346	4.446441650390625	0.2926182746887207
4.450364112854004	4.419759750366211	0.03060436248779297
5.0226054191589355	5.150080680847168	-0.12747526168823242
4.925486087799072	4.958485126495361	-0.03299903869628906
5.141656875610352	4.993351459503174	0.14830541610717773
5.138854503631592	5.032846927642822	0.10600757598876953
5.179198265075684	5.168527126312256	0.010671138763427734
5.161470890045166	5.1699066162109375	-0.008435726165771484
5.1725921630859375	5.184577465057373	-0.011985301971435547
5.176233768463135	5.201223850250244	-0.024990081787109375
1.7811970710754395	2.942603826522827	-1.1614067554473877
4.010836601257324	3.852633476257324	0.158203125
4.251294136047363	4.166334629058838	0.08495950698852539
4.363563060760498	4.211802959442139	0.15176010131835938
4.4603776931762695	4.475606918334961	-0.015229225158691406
5.0234150886535645	5.082804203033447	-0.05938911437988281
5.104413986206055	5.060368537902832	0.044045448303222656
5.183731555938721	5.154446125030518	0.029285430908203125
5.141720771789551	5.1333770751953125	0.008343696594238281
1.7388603687286377	2.7299392223358154	-0.9910788536071777
2.6464264392852783	2.6809864044189453	-0.03455996513366699
3.632014036178589	3.7193212509155273	-0.08730721473693848
3.1976358890533447	3.5823943614959717	-0.38475847244262695
2.972024917602539	3.057302474975586	-0.08527755737304688
3.0339243412017822	3.259744882583618	-0.22582054138183594
3.3145177364349365	3.2255218029022217	0.08899593353271484
3.5135715007781982	3.505997657775879	0.007573843002319336
3.6636803150177	3.590801239013672	0.07287907600402832
4.080624580383301	3.6604654788970947	0.42015910148620605
4.358296871185303	4.234374046325684	0.12392282485961914
2.961995840072632	3.1821789741516113	-0.2201831340789795
3.786341905593872	3.829190492630005	-0.04284858703613281
2.8329880237579346	3.192511796951294	-0.3595237731933594
2.7835662364959717	3.1987600326538086	-0.4151937961578369
3.6518752574920654	3.20056414604187	0.4513111114501953
3.679856300354004	3.6921699047088623	-0.012313604354858398
3.8032963275909424	3.689173936843872	0.11412239074707031
3.955115556716919	3.883074998855591	0.07204055786132812
3.597041368484497	3.7126786708831787	-0.11563730239868164
3.62965989112854	3.6213364601135254	0.008323431015014648
4.122384548187256	3.759429931640625	0.36295461654663086
4.4020466804504395	4.157251834869385	0.2447948455810547
3.7681806087493896	3.1821789741516113	0.5860016345977783
4.391353130340576	4.847121715545654	-0.4557685852050781
4.778744220733643	5.0432000160217285	-0.26445579528808594
4.423961162567139	4.631750583648682	-0.20778942108154297
4.508798122406006	4.50014591217041	0.008652210235595703
4.34456729888916	4.304800510406494	0.039766788482666016
4.447586536407471	4.38027811050415	0.06730842590332031
4.551494121551514	4.513495445251465	0.03799867630004883
4.565308570861816	4.56471586227417	0.0005927085876464844
5.127971649169922	5.0283589363098145	0.09961271286010742
4.191126346588135	3.2704482078552246	0.9206781387329102
4.882528781890869	4.399724960327148	0.4828038215637207
5.006655216217041	4.752185344696045	0.2544698715209961
5.147419452667236	5.022190570831299	0.1252288818359375
5.126509189605713	5.140256404876709	-0.013747215270996094
5.1309380531311035	5.14469575881958	-0.013757705688476562
5.073596477508545	5.111065864562988	-0.03746938705444336
5.056262016296387	5.097639560699463	-0.04137754440307617
5.102505207061768	5.115197658538818	-0.012692451477050781
5.155833721160889	5.104928493499756	0.05090522766113281
5.1597819328308105	5.144511699676514	0.015270233154296875
5.068077564239502	5.098384380340576	-0.03030681610107422
5.118074893951416	5.081637382507324	0.0364375114440918
5.13076114654541	4.959537029266357	0.17122411727905273
5.093313694000244	5.092254638671875	0.0010590553283691406
5.120333194732666	5.044167995452881	0.07616519927978516
5.149388313293457	5.1398606300354	0.00952768325805664
2.168187141418457	3.554103374481201	-1.3859162330627441
4.155183792114258	4.542870998382568	-0.38768720626831055
4.146608352661133	4.4151835441589355	-0.26857519149780273
3.9550650119781494	4.176826000213623	-0.22176098823547363
4.489930152893066	4.1805219650268555	0.30940818786621094
4.544129848480225	4.6123738288879395	-0.06824398040771484
2.961995840072632	3.1821789741516113	-0.2201831340789795
3.139740228652954	2.672581672668457	0.46715855598449707
3.4768502712249756	3.191277503967285	0.28557276725769043
3.8398425579071045	3.9015705585479736	-0.06172800064086914
3.7082483768463135	3.512983798980713	0.19526457786560059
3.8068032264709473	3.5475049018859863	0.25929832458496094
4.116756439208984	3.685978889465332	0.43077754974365234
4.0681023597717285	3.942518949508667	0.12558341026306152
4.495990753173828	4.252273082733154	0.24371767044067383
5.040020942687988	4.595097064971924	0.44492387771606445
4.8011274337768555	2.554799795150757	2.2463276386260986
4.368056774139404	3.9373743534088135	0.4306824207305908
4.709238052368164	4.131929874420166	0.577308177947998
4.502345561981201	4.244781970977783	0.25756359100341797
4.417431354522705	4.236026287078857	0.18140506744384766
4.28728723526001	4.124932289123535	0.1623549461364746
3.9955508708953857	4.082262992858887	-0.08671212196350098
3.9235680103302	3.9392244815826416	-0.015656471252441406
3.7949554920196533	3.8275351524353027	-0.032579660415649414
3.8007314205169678	3.75772762298584	0.04300379753112793
3.892544984817505	3.8505454063415527	0.04199957847595215
4.02770471572876	4.0326056480407715	-0.004900932312011719
4.065942287445068	4.030930042266846	0.035012245178222656
2.5713140964508057	3.1821789741516113	-0.6108648777008057
3.128990650177002	3.129303216934204	-0.00031256675720214844
3.3802897930145264	3.4275331497192383	-0.047243356704711914
4.242581844329834	4.033100128173828	0.20948171615600586
4.415087699890137	4.3724589347839355	0.04262876510620117
4.577615737915039	4.6053876876831055	-0.027771949768066406
4.479501724243164	4.301679611206055	0.17782211303710938
4.3190178871154785	4.780488967895508	-0.4614710807800293
3.242959976196289	2.942603826522827	0.3003561496734619
3.811763048171997	3.6683294773101807	0.1434335708618164
4.5153093338012695	4.442594528198242	0.07271480560302734
4.857546329498291	4.931725025177002	-0.07417869567871094
4.630740642547607	4.698988914489746	-0.06824827194213867
4.112410068511963	4.065698623657227	0.04671144485473633
4.386082172393799	4.32375955581665	0.06232261657714844
4.472069263458252	4.298580646514893	0.17348861694335938
4.449761867523193	4.435827732086182	0.013934135437011719
4.68863582611084	4.394547462463379	0.29408836364746094
5.130352973937988	5.085050106048584	0.0453028678894043
5.14915657043457	5.165395259857178	-0.016238689422607422
5.181796550750732	5.169167995452881	0.012628555297851562
3.6097564697265625	3.340461015701294	0.26929545402526855
4.813299179077148	3.789827346801758	1.0234718322753906
4.140014171600342	4.530777454376221	-0.3907632827758789
4.442312240600586	4.212362766265869	0.2299494743347168
4.7068915367126465	4.662402153015137	0.044489383697509766
4.791708469390869	4.562210559844971	0.22949790954589844
4.569105625152588	4.439080238342285	0.13002538681030273
4.691370964050293	4.433427333831787	0.25794363021850586
4.967565059661865	4.768177509307861	0.1993875503540039
4.693998336791992	4.695736408233643	-0.0017380714416503906
3.0642974376678467	3.1821789741516113	-0.11788153648376465
4.316630840301514	3.680837392807007	0.6357934474945068
4.209027290344238	4.0079169273376465	0.2011103630065918
4.105062961578369	4.469865798950195	-0.36480283737182617
3.9719836711883545	3.9707157611846924	0.0012679100036621094
3.842458963394165	3.856611490249634	-0.01415252685546875
3.9181406497955322	3.9035322666168213	0.014608383178710938
4.017585754394531	3.8292486667633057	0.18833708763122559
4.1979570388793945	4.116062641143799	0.0818943977355957
4.626013278961182	4.254120826721191	0.37189245223999023
2.7683074474334717	3.131760358810425	-0.3634529113769531
2.780229091644287	2.374530076980591	0.4056990146636963
4.679717540740967	3.8456313610076904	0.8340861797332764
4.047186374664307	3.998054265975952	0.04913210868835449
4.794814586639404	4.786990642547607	0.007823944091796875
4.622669219970703	4.7494306564331055	-0.12676143646240234
4.300339698791504	4.6596808433532715	-0.3593411445617676
4.475974082946777	4.352126598358154	0.12384748458862305
4.519709587097168	4.446818828582764	0.0728907585144043
4.75689172744751	4.540517807006836	0.21637392044067383
4.768169403076172	4.620678424835205	0.1474909782409668
5.0877509117126465	5.029160499572754	0.05859041213989258
4.936866760253906	5.051419734954834	-0.11455297470092773
4.937070846557617	4.612149715423584	0.3249211311340332
4.71416711807251	4.705170631408691	0.00899648666381836
4.964254379272461	4.929169654846191	0.03508472442626953
4.652298450469971	4.898411750793457	-0.24611330032348633
4.82916784286499	4.799620628356934	0.02954721450805664
5.105535984039307	5.048454761505127	0.05708122253417969
5.00150728225708	5.009857177734375	-0.008349895477294922
4.687730312347412	3.1821789741516113	1.5055513381958008
3.0067059993743896	3.665128231048584	-0.6584222316741943
3.1965301036834717	2.896763801574707	0.29976630210876465
3.7558629512786865	3.6269750595092773	0.12888789176940918
4.306550979614258	4.353257656097412	-0.0467066764831543
4.790510177612305	4.338269233703613	0.4522409439086914
4.75070333480835	4.749343395233154	0.0013599395751953125
4.597558498382568	4.728212356567383	-0.13065385818481445
4.518080234527588	4.634375095367432	-0.11629486083984375
2.961995840072632	3.1821789741516113	-0.2201831340789795
2.3193485736846924	3.506044626235962	-1.1866960525512695
3.3906421661376953	3.234121084213257	0.15652108192443848
3.701277494430542	3.06919264793396	0.632084846496582
4.170921325683594	4.00983190536499	0.16108942031860352
3.9296092987060547	4.273360252380371	-0.3437509536743164
4.238439083099365	4.037124156951904	0.20131492614746094
4.413437843322754	4.352284908294678	0.06115293502807617
4.312152862548828	4.322532653808594	-0.010379791259765625
3.9344751834869385	4.089135646820068	-0.15466046333312988
3.7778472900390625	3.773857355117798	0.0039899349212646484
3.7074673175811768	3.626798391342163	0.08066892623901367
4.981895446777344	2.8853957653045654	2.0964996814727783
5.033320903778076	4.983609676361084	0.04971122741699219
5.091672420501709	5.087940692901611	0.0037317276000976562
5.052788257598877	5.108322620391846	-0.05553436279296875
4.4278564453125	4.732485771179199	-0.3046293258666992
4.3663249015808105	4.32487154006958	0.04145336151123047
4.271003246307373	4.245996475219727	0.025006771087646484
4.154638290405273	4.157856464385986	-0.0032181739807128906
4.373040676116943	4.529120445251465	-0.15607976913452148
2.0047736167907715	2.638141393661499	-0.6333677768707275
3.3906641006469727	3.6067233085632324	-0.21605920791625977
4.580953598022461	3.7265822887420654	0.8543713092803955
4.398804187774658	4.594327449798584	-0.19552326202392578
4.3153977394104	4.196264266967773	0.11913347244262695
4.007894039154053	4.107497692108154	-0.09960365295410156
3.987602949142456	3.9262874126434326	0.06131553649902344
4.866912841796875	4.4769744873046875	0.3899383544921875
4.87636137008667	4.882249355316162	-0.0058879852294921875
4.865453720092773	4.864583969116211	0.0008697509765625
4.9203410148620605	4.828258037567139	0.09208297729492188
4.885590553283691	4.8497514724731445	0.035839080810546875
5.0413594245910645	4.8493733406066895	0.191986083984375
5.002996921539307	5.010958194732666	-0.007961273193359375
4.102934837341309	3.544464349746704	0.5584704875946045
3.951855182647705	4.389582633972168	-0.4377274513244629
4.174506187438965	4.175766468048096	-0.0012602806091308594
4.0604047775268555	4.27332878112793	-0.21292400360107422
4.210918426513672	4.263469696044922	-0.05255126953125
4.1007080078125	4.189636707305908	-0.0889286994934082
4.814614772796631	4.297699451446533	0.5169153213500977
4.726191520690918	4.984110355377197	-0.2579188346862793
4.729381561279297	4.685878276824951	0.0435032844543457
4.792691707611084	4.775052547454834	0.01763916015625
4.3169755935668945	4.355738162994385	-0.038762569427490234
4.495211601257324	4.1839823722839355	0.31122922897338867
4.977142333984375	4.64960241317749	0.32753992080688477
2.961995840072632	3.1821789741516113	-0.2201831340789795
4.268608570098877	4.0516581535339355	0.2169504165649414
4.555127143859863	4.366350173950195	0.18877696990966797
4.5924201011657715	4.8163743019104	-0.2239542007446289
4.542609214782715	4.861100196838379	-0.31849098205566406
4.50245475769043	4.588893890380859	-0.08643913269042969
3.6829514503479004	3.973167657852173	-0.29021620750427246
3.6541190147399902	3.6794586181640625	-0.025339603424072266
3.6190481185913086	3.637030601501465	-0.01798248291015625
3.641252040863037	3.6276638507843018	0.013588190078735352
3.804450273513794	3.716635227203369	0.0878150463104248
3.4955461025238037	3.514843225479126	-0.019297122955322266
3.5435047149658203	3.4621267318725586	0.08137798309326172
3.339064359664917	3.420362710952759	-0.0812983512878418
3.382039785385132	3.428971767425537	-0.04693198204040527
3.480656385421753	3.3547258377075195	0.1259305477142334
3.6349666118621826	3.5741536617279053	0.060812950134277344
3.885268449783325	3.572127103805542	0.3131413459777832
3.54075026512146	3.6537086963653564	-0.11295843124389648
3.504664897918701	3.245753526687622	0.2589113712310791
3.74748158454895	3.463299036026001	0.2841825485229492
1.5110739469528198	3.1821789741516113	-1.6711050271987915
4.381285667419434	2.578014612197876	1.8032710552215576
4.533015251159668	3.991994619369507	0.5410206317901611
3.795017719268799	4.39959192276001	-0.6045742034912109
3.8516862392425537	4.054321765899658	-0.2026355266571045
4.1009297370910645	4.092605113983154	0.008324623107910156
4.210992336273193	4.0499114990234375	0.16108083724975586
4.300984859466553	4.3226141929626465	-0.02162933349609375
4.224656105041504	4.424930095672607	-0.20027399063110352
2.6160576343536377	3.371206283569336	-0.7551486492156982
3.6169049739837646	3.560786247253418	0.05611872673034668
3.7275750637054443	4.078396797180176	-0.35082173347473145
4.03804874420166	3.8172543048858643	0.2207944393157959
3.779815435409546	3.7845218181610107	-0.004706382751464844
3.347973585128784	3.7521684169769287	-0.40419483184814453
3.3784098625183105	3.4531795978546143	-0.07476973533630371
3.4800665378570557	3.420081853866577	0.059984683990478516
3.8104407787323	3.4785420894622803	0.33189868927001953
4.235654354095459	3.926503896713257	0.30915045738220215
4.290005683898926	4.1555633544921875	0.13444232940673828
4.522656440734863	4.3633713722229	0.1592850685119629
2.1040825843811035	3.1821789741516113	-1.0780963897705078
3.065443992614746	3.8000025749206543	-0.7345585823059082
3.636157274246216	4.047351837158203	-0.4111945629119873
3.8084821701049805	3.576770305633545	0.23171186447143555
4.127248764038086	3.9406239986419678	0.18662476539611816
4.529313087463379	4.099121570587158	0.4301915168762207
4.888057708740234	4.947337627410889	-0.0592799186706543
5.167643070220947	5.121275424957275	0.046367645263671875
5.185213088989258	5.19263219833374	-0.007419109344482422
4.472187519073486	5.183659076690674	-0.7114715576171875
3.1765360832214355	3.1821789741516113	-0.005642890930175781
4.442963123321533	3.2410261631011963	1.201936960220337
3.2459468841552734	3.9953269958496094	-0.7493801116943359
3.1624178886413574	3.3348140716552734	-0.17239618301391602
3.425868272781372	3.624412775039673	-0.19854450225830078
3.7695257663726807	3.7685232162475586	0.0010025501251220703
3.88551926612854	3.6832282543182373	0.20229101181030273
4.288339614868164	4.3647661209106445	-0.07642650604248047
4.41148567199707	4.3106584548950195	0.10082721710205078
4.780058860778809	4.464778900146484	0.3152799606323242
4.587972640991211	4.611752986907959	-0.023780345916748047
4.887454509735107	4.76238489151001	0.12506961822509766
3.709975481033325	3.111605405807495	0.5983700752258301
3.4354629516601562	3.5366151332855225	-0.10115218162536621
4.241462230682373	3.3958451747894287	0.8456170558929443
4.296445846557617	4.389679908752441	-0.09323406219482422
4.181349754333496	4.364100933074951	-0.18275117874145508
4.001237869262695	4.109369277954102	-0.10813140869140625
4.304670810699463	4.283265113830566	0.021405696868896484
4.127930164337158	4.281551837921143	-0.15362167358398438
4.345373153686523	4.354165077209473	-0.008791923522949219
4.688821792602539	4.635587215423584	0.05323457717895508
2.988271951675415	4.312971115112305	-1.3246991634368896
3.614171266555786	3.6878769397735596	-0.07370567321777344
3.7055835723876953	3.6853268146514893	0.020256757736206055
3.22309947013855	3.891718626022339	-0.6686191558837891
3.4608702659606934	3.448377847671509	0.01249241828918457
3.6315135955810547	3.6126275062561035	0.018886089324951172
3.725243330001831	3.457221746444702	0.2680215835571289
4.013338565826416	3.8740615844726562	0.13927698135375977
3.9879701137542725	4.001648426055908	-0.013678312301635742
4.177241802215576	4.137718677520752	0.03952312469482422
4.344322681427002	4.186728000640869	0.1575946807861328
4.484239101409912	4.43496561050415	0.04927349090576172
4.101937770843506	4.606716632843018	-0.5047788619995117
4.33001708984375	4.673425197601318	-0.34340810775756836
4.506563663482666	4.392983436584473	0.11358022689819336
4.554744720458984	4.575699329376221	-0.020954608917236328
5.184309482574463	5.1864495277404785	-0.002140045166015625
5.184877395629883	5.189802646636963	-0.004925251007080078
5.0665507316589355	5.176279544830322	-0.10972881317138672
5.1717448234558105	5.179619789123535	-0.00787496566772461
