4.85296630859375	4.882015705108643	-0.029049396514892578
4.341129779815674	4.294928550720215	0.046201229095458984
4.669439792633057	4.543715476989746	0.12572431564331055
4.571988582611084	4.67017126083374	-0.09818267822265625
4.472536563873291	4.295470714569092	0.17706584930419922
4.628448963165283	4.562859058380127	0.06558990478515625
4.823541164398193	4.839874744415283	-0.016333580017089844
4.682430744171143	4.6307783126831055	0.05165243148803711
4.428166389465332	4.18302059173584	0.2451457977294922
4.870126724243164	4.8629150390625	0.0072116851806640625
4.785993576049805	4.814340114593506	-0.028346538543701172
4.566873550415039	4.383345603942871	0.18352794647216797
4.81797456741333	4.831334590911865	-0.013360023498535156
4.3818464279174805	4.321058750152588	0.06078767776489258
4.437340259552002	4.404986381530762	0.032353878021240234
4.6853928565979	4.580294132232666	0.10509872436523438
4.60109281539917	4.616302013397217	-0.015209197998046875
4.618114948272705	4.584596633911133	0.033518314361572266
4.765672206878662	4.755333423614502	0.010338783264160156
4.536820411682129	4.401630401611328	0.13519001007080078
4.602721691131592	4.526601314544678	0.07612037658691406
4.635217189788818	4.560211658477783	0.07500553131103516
4.714131832122803	4.736269950866699	-0.022138118743896484
4.263638019561768	4.309570789337158	-0.045932769775390625
4.7621941566467285	4.770150661468506	-0.007956504821777344
4.563127040863037	4.3511643409729	0.21196269989013672
4.653963088989258	4.687293529510498	-0.033330440521240234
4.4152512550354	4.446879863739014	-0.03162860870361328
4.388092041015625	4.289579391479492	0.09851264953613281
4.662232875823975	4.657797813415527	0.004435062408447266
4.797353267669678	4.812359809875488	-0.015006542205810547
4.686168670654297	4.742552280426025	-0.056383609771728516
4.761141300201416	4.773452281951904	-0.012310981750488281
4.531019687652588	4.332939624786377	0.19808006286621094
4.491109371185303	4.512539386749268	-0.021430015563964844
4.646610736846924	4.6214070320129395	0.025203704833984375
4.440624713897705	4.4381794929504395	0.002445220947265625
4.619356632232666	4.549780368804932	0.06957626342773438
4.67613410949707	4.670994758605957	0.005139350891113281
4.335769176483154	4.301019668579102	0.034749507904052734
4.738614559173584	4.758572101593018	-0.019957542419433594
4.457998752593994	4.3437418937683105	0.1142568588256836
4.576714038848877	4.490532875061035	0.0861811637878418
4.445011138916016	4.403281211853027	0.04172992706298828
4.384562015533447	4.389194488525391	-0.004632472991943359
4.535894870758057	4.427597999572754	0.10829687118530273
4.258321285247803	4.222692012786865	0.0356292724609375
4.655793190002441	4.574900150299072	0.08089303970336914
4.883151054382324	4.889415740966797	-0.006264686584472656
4.848598957061768	4.844522953033447	0.0040760040283203125
4.733521938323975	4.711009502410889	0.022512435913085938
4.450261116027832	4.466751575469971	-0.016490459442138672
4.43784761428833	4.379848957061768	0.0579986572265625
4.481322765350342	4.558926105499268	-0.07760334014892578
4.356384754180908	4.33685827255249	0.01952648162841797
4.484913349151611	4.3505401611328125	0.13437318801879883
4.695568084716797	4.760788440704346	-0.06522035598754883
4.40189266204834	4.278371810913086	0.1235208511352539
4.884913444519043	4.881347179412842	0.003566265106201172
4.579386234283447	4.542591571807861	0.03679466247558594
4.462590217590332	4.284059047698975	0.17853116989135742
4.530523300170898	4.0301971435546875	0.5003261566162109
4.590958595275879	4.504683494567871	0.08627510070800781
4.857000827789307	4.826669692993164	0.030331134796142578
4.754978656768799	4.681712627410889	0.07326602935791016
4.534495830535889	4.4697160720825195	0.06477975845336914
4.753609657287598	4.729170799255371	0.024438858032226562
4.486616134643555	4.223773956298828	0.26284217834472656
4.6214919090271	4.582269191741943	0.03922271728515625
4.611686706542969	4.44384765625	0.16783905029296875
4.618158340454102	4.634396553039551	-0.01623821258544922
4.45199728012085	4.424030303955078	0.027966976165771484
4.323493003845215	4.3515119552612305	-0.028018951416015625
4.588005065917969	4.588925838470459	-0.0009207725524902344
4.722743511199951	4.733651161193848	-0.010907649993896484
4.765138149261475	4.770350933074951	-0.0052127838134765625
4.4409332275390625	4.4988250732421875	-0.057891845703125
4.687867641448975	4.630685329437256	0.05718231201171875
4.537652492523193	4.658277988433838	-0.12062549591064453
4.618461608886719	4.630813121795654	-0.012351512908935547
4.420506954193115	4.474803447723389	-0.05429649353027344
4.696135520935059	4.493736743927002	0.20239877700805664
4.31219482421875	4.290159702301025	0.02203512191772461
4.698688507080078	4.679045677185059	0.01964282989501953
4.551833152770996	4.600244998931885	-0.04841184616088867
4.6329522132873535	4.49443244934082	0.1385197639465332
4.466604709625244	4.516354084014893	-0.04974937438964844
4.416931629180908	4.421635150909424	-0.004703521728515625
4.595276832580566	4.629117488861084	-0.03384065628051758
4.707088947296143	4.6131815910339355	0.09390735626220703
4.743707656860352	4.650613307952881	0.0930943489074707
4.749438762664795	4.735527515411377	0.013911247253417969
4.769574165344238	4.703164577484131	0.06640958786010742
4.631163597106934	4.630814075469971	0.0003495216369628906
4.4440693855285645	4.444832801818848	-0.0007634162902832031
4.798303127288818	4.84869909286499	-0.050395965576171875
4.567430019378662	4.56203031539917	0.0053997039794921875
4.611033916473389	4.644380569458008	-0.03334665298461914
4.7905473709106445	4.781499862670898	0.009047508239746094
4.558988094329834	4.473807334899902	0.08518075942993164
4.410676956176758	4.238970756530762	0.1717061996459961
4.533475875854492	4.384271621704102	0.14920425415039062
4.818593502044678	4.796579360961914	0.022014141082763672
4.653145790100098	4.6256537437438965	0.027492046356201172
4.636702060699463	4.528101444244385	0.10860061645507812
4.735710144042969	4.673806667327881	0.06190347671508789
4.642826557159424	4.6605119705200195	-0.017685413360595703
4.678642272949219	4.652698040008545	0.025944232940673828
4.695599555969238	4.598381042480469	0.09721851348876953
4.479160308837891	4.099691867828369	0.3794684410095215
4.572515964508057	4.442829132080078	0.12968683242797852
4.664912223815918	4.671082019805908	-0.006169795989990234
4.6715803146362305	4.656738758087158	0.014841556549072266
4.594893932342529	4.6057257652282715	-0.010831832885742188
4.8137526512146	4.828591823577881	-0.01483917236328125
4.782980442047119	4.797365188598633	-0.014384746551513672
4.669905185699463	4.694632053375244	-0.02472686767578125
4.506494522094727	4.485150337219238	0.02134418487548828
4.6989827156066895	4.7060465812683105	-0.007063865661621094
4.507540702819824	4.522888660430908	-0.015347957611083984
4.750589847564697	4.707850456237793	0.0427393913269043
4.772882461547852	4.760526657104492	0.012355804443359375
4.417910575866699	4.380998134613037	0.03691244125366211
4.486410140991211	4.383988380432129	0.10242176055908203
4.655445575714111	4.723783016204834	-0.06833744049072266
4.49323034286499	4.425790309906006	0.06744003295898438
4.741093635559082	4.798983097076416	-0.057889461517333984
4.386687278747559	4.136253356933594	0.25043392181396484
4.809872627258301	4.837522029876709	-0.027649402618408203
4.436636447906494	4.505616664886475	-0.06898021697998047
4.605260848999023	4.477331161499023	0.1279296875
4.72946310043335	4.695584774017334	0.033878326416015625
4.4276814460754395	4.35203218460083	0.07564926147460938
4.560895919799805	4.540284633636475	0.020611286163330078
4.613760948181152	4.3243327140808105	0.2894282341003418
4.903479099273682	4.867483139038086	0.0359959602355957
4.4117865562438965	4.372270107269287	0.039516448974609375
4.765501022338867	4.768723964691162	-0.003222942352294922
4.675934314727783	4.517778396606445	0.1581559181213379
4.606886386871338	4.525209426879883	0.08167695999145508
4.5431294441223145	4.547067642211914	-0.003938198089599609
4.424388885498047	4.33222770690918	0.09216117858886719
4.394096374511719	4.319901466369629	0.07419490814208984
4.665329933166504	4.570675849914551	0.09465408325195312
4.7035231590271	4.6847758293151855	0.018747329711914062
4.569550037384033	4.540738105773926	0.028811931610107422
4.523298263549805	4.460072994232178	0.06322526931762695
4.493587017059326	4.53161096572876	-0.038023948669433594
4.356810569763184	4.398338794708252	-0.04152822494506836
4.419641971588135	4.491428852081299	-0.07178688049316406
4.636231422424316	4.61712121963501	0.01911020278930664
4.634685516357422	4.594221591949463	0.040463924407958984
4.697073936462402	4.63964319229126	0.05743074417114258
4.342761993408203	4.313119411468506	0.029642581939697266
4.181890964508057	4.072606563568115	0.1092844009399414
4.705045223236084	4.703384876251221	0.0016603469848632812
4.9369611740112305	4.859562873840332	0.07739830017089844
4.695423126220703	4.616742134094238	0.07868099212646484
4.500036716461182	4.387703895568848	0.11233282089233398
4.496916770935059	4.267768859863281	0.22914791107177734
4.781590461730957	4.794165134429932	-0.01257467269897461
4.474598407745361	4.4935455322265625	-0.018947124481201172
4.3473615646362305	4.372040271759033	-0.024678707122802734
4.657932758331299	4.643657207489014	0.014275550842285156
4.512346267700195	4.462475299835205	0.049870967864990234
4.426129341125488	4.4092488288879395	0.016880512237548828
4.483406066894531	4.279466152191162	0.20393991470336914
4.589699745178223	4.382706165313721	0.20699357986450195
4.705865859985352	4.719625949859619	-0.013760089874267578
4.5389485359191895	4.512922763824463	0.026025772094726562
4.325177192687988	4.229131698608398	0.09604549407958984
4.540287494659424	4.379675388336182	0.1606121063232422
4.555295467376709	4.457042694091797	0.09825277328491211
4.513251304626465	4.426827907562256	0.08642339706420898
4.559182643890381	4.606821537017822	-0.047638893127441406
4.825694561004639	4.8447771072387695	-0.01908254623413086
4.755672931671143	4.764918327331543	-0.00924539566040039
4.609442234039307	4.6197381019592285	-0.010295867919921875
4.471722602844238	4.415618419647217	0.056104183197021484
4.857254505157471	4.851978302001953	0.005276203155517578
4.6446428298950195	4.59456729888916	0.050075531005859375
4.717060089111328	4.752108573913574	-0.035048484802246094
4.765627384185791	4.745429515838623	0.02019786834716797
4.659757137298584	4.523248195648193	0.13650894165039062
4.711080074310303	4.719902992248535	-0.008822917938232422
4.6333842277526855	4.5697855949401855	0.0635986328125
4.781582832336426	4.76741886138916	0.014163970947265625
4.286128044128418	4.372034549713135	-0.0859065055847168
4.746082782745361	4.715244770050049	0.0308380126953125
4.406955718994141	4.449117183685303	-0.04216146469116211
4.451047897338867	4.429059028625488	0.021988868713378906
4.156854152679443	3.902243137359619	0.2546110153198242
4.46089506149292	4.566191673278809	-0.10529661178588867
4.518332004547119	4.532520771026611	-0.014188766479492188
4.537271022796631	4.501519680023193	0.0357513427734375
4.7108259201049805	4.718619346618652	-0.007793426513671875
4.068119525909424	4.095053195953369	-0.026933670043945312
4.720958709716797	4.703726291656494	0.017232418060302734
4.82516622543335	4.806473731994629	0.018692493438720703
4.804909706115723	4.798526287078857	0.006383419036865234
4.777038097381592	4.763085842132568	0.013952255249023438
4.413127899169922	4.3587965965271	0.054331302642822266
4.319786548614502	4.214248180389404	0.10553836822509766
4.078268527984619	4.066795825958252	0.011472702026367188
4.726169586181641	4.730756759643555	-0.0045871734619140625
4.726850986480713	4.705453395843506	0.02139759063720703
4.381981372833252	4.155494689941406	0.2264866828918457
4.500655174255371	4.493309020996094	0.007346153259277344
4.623419284820557	4.592545986175537	0.03087329864501953
4.785325050354004	4.703114032745361	0.08221101760864258
4.506587505340576	4.406585216522217	0.10000228881835938
4.846726894378662	4.860006809234619	-0.013279914855957031
4.695372581481934	4.645447731018066	0.04992485046386719
4.532986164093018	4.591671943664551	-0.0586857795715332
4.873990535736084	4.828183650970459	0.045806884765625
4.584587574005127	4.509767055511475	0.07482051849365234
4.658121109008789	4.634287357330322	0.023833751678466797
4.35050630569458	4.318638324737549	0.03186798095703125
4.811237335205078	4.867206573486328	-0.05596923828125
4.815242290496826	4.82996940612793	-0.014727115631103516
4.584691524505615	4.543631553649902	0.04105997085571289
4.367599964141846	4.35684871673584	0.01075124740600586
4.861207962036133	4.879461288452148	-0.018253326416015625
4.710327625274658	4.648636341094971	0.0616912841796875
4.6705322265625	4.6514573097229	0.01907491683959961
4.517373561859131	4.5212578773498535	-0.0038843154907226562
4.692488670349121	4.627562999725342	0.0649256706237793
4.609220027923584	4.670647144317627	-0.06142711639404297
4.561435222625732	4.5141377449035645	0.04729747772216797
4.556670665740967	4.446807384490967	0.10986328125
4.6375956535339355	4.676400661468506	-0.03880500793457031
4.856732368469238	4.883810043334961	-0.027077674865722656
4.692999839782715	4.70076322555542	-0.007763385772705078
4.795423984527588	4.807431221008301	-0.01200723648071289
4.612893581390381	4.559316158294678	0.053577423095703125
4.770114421844482	4.828917503356934	-0.05880308151245117
4.557947635650635	4.521109104156494	0.036838531494140625
4.8326029777526855	4.829040050506592	0.00356292724609375
4.413008213043213	4.366400241851807	0.04660797119140625
4.473697185516357	4.4930644035339355	-0.019367218017578125
4.376511573791504	4.378211975097656	-0.0017004013061523438
4.603395462036133	4.628897666931152	-0.02550220489501953
4.742058277130127	4.765775680541992	-0.023717403411865234
4.478892803192139	4.431866645812988	0.04702615737915039
4.601303577423096	4.634003639221191	-0.0327000617980957
4.744112014770508	4.5627241134643555	0.18138790130615234
4.549967288970947	4.459647178649902	0.09032011032104492
4.268434047698975	4.164494514465332	0.10393953323364258
4.743917465209961	4.73419713973999	0.009720325469970703
4.529575824737549	4.324795722961426	0.20478010177612305
4.822665214538574	4.801011562347412	0.02165365219116211
4.400477886199951	4.267056941986084	0.1334209442138672
4.260875225067139	4.142415523529053	0.11845970153808594
4.538443565368652	4.5298662185668945	0.008577346801757812
4.657822132110596	4.64617395401001	0.011648178100585938
4.802170276641846	4.804781913757324	-0.0026116371154785156
4.787766933441162	4.806514263153076	-0.018747329711914062
4.837334156036377	4.901046276092529	-0.06371212005615234
4.693877696990967	4.660484790802002	0.033392906188964844
4.426366806030273	4.379044532775879	0.04732227325439453
4.5927653312683105	4.35306453704834	0.2397007942199707
4.336456298828125	4.29619026184082	0.04026603698730469
4.375476837158203	4.241935729980469	0.13354110717773438
4.709994316101074	4.712918758392334	-0.0029244422912597656
4.3662848472595215	4.133965492248535	0.23231935501098633
4.352620601654053	4.396236419677734	-0.04361581802368164
4.446898937225342	4.328927516937256	0.11797142028808594
4.74595832824707	4.7386064529418945	0.007351875305175781
4.698908805847168	4.7001423835754395	-0.0012335777282714844
4.663034915924072	4.646635055541992	0.016399860382080078
4.433453559875488	4.414236545562744	0.01921701431274414
4.893533229827881	4.895285129547119	-0.0017518997192382812
4.752015590667725	4.731286525726318	0.02072906494140625
4.778754711151123	4.723418235778809	0.05533647537231445
4.260593414306641	4.261650562286377	-0.0010571479797363281
4.489180564880371	4.556539535522461	-0.06735897064208984
4.792574405670166	4.784184455871582	0.008389949798583984
4.598416805267334	4.613964557647705	-0.015547752380371094
4.842113018035889	4.819079875946045	0.02303314208984375
4.645888805389404	4.563457012176514	0.08243179321289062
4.710161209106445	4.68304443359375	0.027116775512695312
4.583446979522705	4.579263687133789	0.004183292388916016
4.366907119750977	4.347016334533691	0.019890785217285156
4.705440521240234	4.70153284072876	0.003907680511474609
4.787874698638916	4.827733516693115	-0.03985881805419922
4.672264575958252	4.66962194442749	0.0026426315307617188
4.5078535079956055	4.495973110198975	0.01188039779663086
4.56186580657959	4.314691066741943	0.24717473983764648
4.275447845458984	4.158178806304932	0.11726903915405273
4.78156042098999	4.629766941070557	0.1517934799194336
4.522373676300049	4.431614398956299	0.09075927734375
4.23034143447876	4.2282586097717285	0.00208282470703125
4.655753135681152	4.644257068634033	0.01149606704711914
4.325475215911865	4.320974826812744	0.004500389099121094
4.804238319396973	4.7127556800842285	0.09148263931274414
4.5990753173828125	4.583611965179443	0.01546335220336914
4.618165016174316	4.581404209136963	0.036760807037353516
4.436010360717773	4.240469455718994	0.1955409049987793
4.829458713531494	4.8332061767578125	-0.0037474632263183594
4.743679523468018	4.7857537269592285	-0.04207420349121094
4.451905727386475	4.3027024269104	0.14920330047607422
4.3517961502075195	4.108743667602539	0.24305248260498047
4.565855026245117	4.4887003898620605	0.07715463638305664
4.688638687133789	4.646831035614014	0.04180765151977539
4.340729713439941	4.251774787902832	0.08895492553710938
4.502998352050781	4.408745288848877	0.0942530632019043
4.605668544769287	4.605869770050049	-0.00020122528076171875
4.856020927429199	4.865691184997559	-0.009670257568359375
4.595181465148926	4.627323627471924	-0.03214216232299805
4.601370811462402	4.613154888153076	-0.011784076690673828
4.692174434661865	4.666053295135498	0.026121139526367188
4.604106426239014	4.556455135345459	0.04765129089355469
4.585247039794922	4.509437084197998	0.07580995559692383
4.4106669425964355	4.30819845199585	0.10246849060058594
4.559442043304443	4.583393573760986	-0.02395153045654297
4.570775508880615	4.739736557006836	-0.1689610481262207
4.348437309265137	4.2021965980529785	0.1462407112121582
4.60120964050293	4.659124851226807	-0.05791521072387695
4.740177631378174	4.7234649658203125	0.016712665557861328
4.536998271942139	4.546541690826416	-0.009543418884277344
4.525380611419678	4.527388095855713	-0.0020074844360351562
4.847002983093262	4.7593092918396	0.08769369125366211
4.6270670890808105	4.654118061065674	-0.02705097198486328
4.6263251304626465	4.61196756362915	0.014357566833496094
4.688547611236572	4.666485786437988	0.022061824798583984
4.4799113273620605	4.508060455322266	-0.028149127960205078
4.614053726196289	4.462494850158691	0.15155887603759766
4.669821262359619	4.6704421043396	-0.0006208419799804688
4.8031697273254395	4.7427544593811035	0.06041526794433594
4.644791126251221	4.544780731201172	0.10001039505004883
4.680218696594238	4.6704864501953125	0.009732246398925781
4.539384365081787	4.510009288787842	0.029375076293945312
4.557156562805176	4.52244234085083	0.0347142219543457
4.640684127807617	4.655083656311035	-0.014399528503417969
4.843818187713623	4.812406539916992	0.03141164779663086
4.449802875518799	4.332266330718994	0.11753654479980469
4.474985122680664	4.183752536773682	0.2912325859069824
4.392940521240234	4.247767925262451	0.1451725959777832
4.842165946960449	4.883726119995117	-0.04156017303466797
4.621989727020264	4.754119873046875	-0.13213014602661133
4.668459892272949	4.448575019836426	0.21988487243652344
4.624271392822266	4.604020595550537	0.020250797271728516
4.588355541229248	4.6510138511657715	-0.06265830993652344
4.569341659545898	4.441639423370361	0.1277022361755371
4.691344738006592	4.615476131439209	0.07586860656738281
4.194797515869141	4.112156867980957	0.0826406478881836
4.535305976867676	4.539848804473877	-0.004542827606201172
4.813780307769775	4.808364391326904	0.005415916442871094
4.5864033699035645	4.602607250213623	-0.016203880310058594
4.686855792999268	4.717452526092529	-0.03059673309326172
4.6789326667785645	4.754199981689453	-0.07526731491088867
4.2743611335754395	4.327281475067139	-0.05292034149169922
4.479878902435303	4.460695743560791	0.01918315887451172
4.535137176513672	4.437847137451172	0.0972900390625
4.5160017013549805	4.467676162719727	0.048325538635253906
4.781163215637207	4.855719566345215	-0.07455635070800781
4.450140953063965	4.449117183685303	0.0010237693786621094
4.502477169036865	4.443673610687256	0.058803558349609375
4.584353446960449	4.471535682678223	0.11281776428222656
4.641085624694824	4.638466835021973	0.0026187896728515625
4.470025062561035	4.458825588226318	0.011199474334716797
4.803873538970947	4.813460826873779	-0.009587287902832031
4.785301685333252	4.765523433685303	0.01977825164794922
4.616635322570801	4.645720958709717	-0.029085636138916016
4.555950164794922	4.549356937408447	0.006593227386474609
4.756089210510254	4.772421360015869	-0.016332149505615234
4.477213382720947	4.588446617126465	-0.11123323440551758
4.640449047088623	4.592262268066406	0.0481867790222168
4.425775527954102	4.278841018676758	0.14693450927734375
4.571008205413818	4.474344253540039	0.0966639518737793
4.351686954498291	4.365213871002197	-0.01352691650390625
4.857924938201904	4.864080905914307	-0.006155967712402344
4.410574913024902	4.442885875701904	-0.03231096267700195
4.159519195556641	4.1904730796813965	-0.03095388412475586
4.218664169311523	3.9845001697540283	0.23416399955749512
4.5128865242004395	4.534477710723877	-0.0215911865234375
4.846642017364502	4.849889278411865	-0.0032472610473632812
4.508911609649658	4.536617755889893	-0.027706146240234375
4.610043048858643	4.539618015289307	0.07042503356933594
4.655108451843262	4.544570446014404	0.11053800582885742
4.427061557769775	4.2502827644348145	0.17677879333496094
4.758289813995361	4.578056335449219	0.18023347854614258
4.370837688446045	4.349886894226074	0.020950794219970703
4.390455722808838	4.198441982269287	0.19201374053955078
4.708548069000244	4.7225213050842285	-0.013973236083984375
4.621675491333008	4.577361583709717	0.044313907623291016
4.46591329574585	4.5309553146362305	-0.06504201889038086
4.621788024902344	4.636293888092041	-0.014505863189697266
4.485980987548828	4.461099147796631	0.024881839752197266
4.53280782699585	4.5031418800354	0.02966594696044922
4.767411231994629	4.747833728790283	0.019577503204345703
4.598397731781006	4.580300807952881	0.018096923828125
4.559650421142578	4.570612907409668	-0.010962486267089844
4.42186975479126	4.4158711433410645	0.0059986114501953125
4.708656311035156	4.7040696144104	0.004586696624755859
4.728277683258057	4.7199907302856445	0.00828695297241211
4.561430931091309	4.540700435638428	0.02073049545288086
4.7249908447265625	4.7148051261901855	0.010185718536376953
4.630460739135742	4.576427936553955	0.05403280258178711
4.545553684234619	4.583484172821045	-0.03793048858642578
4.587554931640625	4.637078285217285	-0.049523353576660156
4.614655017852783	4.637242794036865	-0.02258777618408203
4.670128345489502	4.601684093475342	0.06844425201416016
4.738553047180176	4.740028381347656	-0.0014753341674804688
4.369664669036865	4.268143177032471	0.10152149200439453
4.442126274108887	4.326242446899414	0.11588382720947266
4.34548282623291	4.425465106964111	-0.07998228073120117
4.73598051071167	4.802810192108154	-0.06682968139648438
4.545542240142822	4.491627216339111	0.05391502380371094
4.408054828643799	4.4132561683654785	-0.0052013397216796875
4.628453731536865	4.6049723625183105	0.023481369018554688
4.601888179779053	4.432833194732666	0.16905498504638672
4.717182636260986	4.802439212799072	-0.08525657653808594
4.2162346839904785	4.305587291717529	-0.08935260772705078
4.396703243255615	4.365074157714844	0.031629085540771484
4.864387512207031	4.876644611358643	-0.012257099151611328
4.5372185707092285	4.5559821128845215	-0.01876354217529297
4.626980781555176	4.629143238067627	-0.002162456512451172
4.222493648529053	4.164047718048096	0.05844593048095703
4.79843807220459	4.75634241104126	0.04209566116333008
4.448023796081543	4.430974006652832	0.017049789428710938
4.548990726470947	4.495564937591553	0.05342578887939453
4.457975387573242	4.21863317489624	0.23934221267700195
4.718662738800049	4.639740943908691	0.07892179489135742
4.58380651473999	4.532622814178467	0.05118370056152344
4.271933078765869	4.216617107391357	0.05531597137451172
4.9080328941345215	4.910376071929932	-0.0023431777954101562
4.566463947296143	4.328381538391113	0.2380824089050293
4.660995006561279	4.70790958404541	-0.04691457748413086
4.587944030761719	4.600866794586182	-0.01292276382446289
4.724282741546631	4.6465935707092285	0.07768917083740234
4.814662456512451	4.851907253265381	-0.03724479675292969
4.501436710357666	4.26760721206665	0.23382949829101562
4.744348049163818	4.672715187072754	0.07163286209106445
4.741426944732666	4.585916042327881	0.15551090240478516
4.453711032867432	4.445765018463135	0.007946014404296875
4.5207953453063965	4.520781993865967	1.33514404296875e-05
4.66852331161499	4.629325866699219	0.039197444915771484
4.744239807128906	4.663862705230713	0.08037710189819336
4.559545040130615	4.499267101287842	0.06027793884277344
4.594104290008545	4.629632472991943	-0.03552818298339844
4.585270404815674	4.591715335845947	-0.0064449310302734375
4.4470415115356445	4.409887790679932	0.03715372085571289
4.66153621673584	4.7009711265563965	-0.03943490982055664
4.459125995635986	4.25761604309082	0.20150995254516602
4.60603666305542	4.625015735626221	-0.01897907257080078
4.739213943481445	4.760256767272949	-0.021042823791503906
4.592926979064941	4.4784932136535645	0.11443376541137695
4.230986595153809	4.1225714683532715	0.10841512680053711
4.859514236450195	4.888365268707275	-0.028851032257080078
4.619541168212891	4.5031304359436035	0.11641073226928711
4.690357208251953	4.679978847503662	0.010378360748291016
4.381784915924072	4.365067958831787	0.016716957092285156
4.611042022705078	4.584046840667725	0.026995182037353516
4.5639967918396	4.577151775360107	-0.013154983520507812
4.411448955535889	4.2851996421813965	0.1262493133544922
4.7666707038879395	4.7287917137146	0.037878990173339844
4.564488410949707	4.478343486785889	0.08614492416381836
4.586812973022461	4.598696231842041	-0.011883258819580078
4.391355037689209	4.361456394195557	0.029898643493652344
4.3979811668396	4.298019886016846	0.0999612808227539
4.822375297546387	4.8129777908325195	0.009397506713867188
4.489306449890137	4.491189002990723	-0.0018825531005859375
4.673422813415527	4.670073986053467	0.003348827362060547
4.794033050537109	4.761645317077637	0.032387733459472656
4.479733943939209	4.578525543212891	-0.09879159927368164
4.510129928588867	4.533185958862305	-0.0230560302734375
4.5758137702941895	4.602118015289307	-0.026304244995117188
4.65492582321167	4.4739251136779785	0.1810007095336914
4.408590316772461	4.37441349029541	0.03417682647705078
4.73994779586792	4.742342472076416	-0.0023946762084960938
4.731575965881348	4.757353782653809	-0.025777816772460938
4.574322700500488	4.569892406463623	0.004430294036865234
4.406539440155029	4.283531665802002	0.12300777435302734
4.6164751052856445	4.624819755554199	-0.008344650268554688
4.2931036949157715	4.32003116607666	-0.026927471160888672
4.749757289886475	4.21764612197876	0.5321111679077148
4.475287914276123	4.466395854949951	0.008892059326171875
4.434161186218262	4.422104835510254	0.012056350708007812
4.427457332611084	4.460545063018799	-0.033087730407714844
4.693292617797852	4.562469482421875	0.13082313537597656
4.563778877258301	4.585538387298584	-0.021759510040283203
4.049380302429199	4.017333507537842	0.03204679489135742
4.641844272613525	4.646407604217529	-0.004563331604003906
4.682461261749268	4.65903902053833	0.0234222412109375
4.599084854125977	4.651195526123047	-0.05211067199707031
4.645888805389404	4.637121677398682	0.008767127990722656
4.679469585418701	4.654263019561768	0.025206565856933594
4.4962639808654785	4.332687854766846	0.1635761260986328
4.430684566497803	4.4919657707214355	-0.06128120422363281
4.557118892669678	4.472183704376221	0.08493518829345703
4.741201877593994	4.742059230804443	-0.0008573532104492188
4.629998683929443	4.588330268859863	0.04166841506958008
4.621474266052246	4.580751895904541	0.04072237014770508
4.173074245452881	4.12658166885376	0.046492576599121094
4.147592067718506	4.085418224334717	0.06217384338378906
4.506895542144775	4.477581024169922	0.029314517974853516
4.629963397979736	4.610259056091309	0.019704341888427734
4.847887992858887	4.7672200202941895	0.08066797256469727
4.868423938751221	4.884318828582764	-0.01589488983154297
4.538280963897705	4.487661838531494	0.05061912536621094
4.472053050994873	4.374237060546875	0.09781599044799805
4.392704963684082	4.326530933380127	0.06617403030395508
4.290515422821045	4.305848598480225	-0.015333175659179688
4.601400852203369	4.560337066650391	0.041063785552978516
4.71047830581665	4.623874187469482	0.08660411834716797
4.621127128601074	4.479434967041016	0.1416921615600586
4.310086727142334	4.333665370941162	-0.023578643798828125
4.434055805206299	4.536073684692383	-0.10201787948608398
4.478133201599121	4.388584136962891	0.08954906463623047
4.646705150604248	4.3054890632629395	0.3412160873413086
4.725539207458496	4.715358257293701	0.010180950164794922
4.592071056365967	4.486154079437256	0.10591697692871094
4.555959224700928	4.448542594909668	0.10741662979125977
4.535708904266357	4.542624473571777	-0.006915569305419922
4.772031307220459	4.623673915863037	0.14835739135742188
4.459012031555176	4.4692864418029785	-0.010274410247802734
4.840057849884033	4.779210567474365	0.06084728240966797
4.542418479919434	4.6253342628479	-0.0829157829284668
4.639091968536377	4.5397772789001465	0.09931468963623047
4.715744495391846	4.583659648895264	0.13208484649658203
4.627015590667725	4.585041046142578	0.041974544525146484
4.621170997619629	4.629889488220215	-0.008718490600585938
4.617680549621582	4.697917461395264	-0.08023691177368164
4.344918251037598	4.204998970031738	0.13991928100585938
4.709362983703613	4.746458053588867	-0.037095069885253906
4.542418479919434	4.630758285522461	-0.08833980560302734
4.567837238311768	4.488830089569092	0.07900714874267578
4.681280136108398	4.606797218322754	0.07448291778564453
4.170010566711426	4.154985427856445	0.015025138854980469
4.848593235015869	4.870395183563232	-0.02180194854736328
4.446815490722656	4.274481773376465	0.1723337173461914
4.606563091278076	4.699276447296143	-0.0927133560180664
4.586466312408447	4.5498247146606445	0.036641597747802734
4.529262065887451	4.470630645751953	0.05863142013549805
4.723300457000732	4.598812580108643	0.12448787689208984
4.553334712982178	4.4971232414245605	0.05621147155761719
4.3918538093566895	4.3325724601745605	0.059281349182128906
4.575515270233154	4.573803901672363	0.0017113685607910156
4.633471488952637	4.603700637817383	0.029770851135253906
4.477739334106445	4.416905879974365	0.06083345413208008
4.597117900848389	4.53864049911499	0.05847740173339844
4.270413875579834	4.052573204040527	0.21784067153930664
4.71694803237915	4.702224254608154	0.014723777770996094
4.349969387054443	4.120067119598389	0.2299022674560547
4.33507776260376	4.2045063972473145	0.1305713653564453
4.577805995941162	4.5884294509887695	-0.010623455047607422
4.783885478973389	4.822853088378906	-0.03896760940551758
4.422915935516357	4.213812828063965	0.20910310745239258
4.585661888122559	4.557595252990723	0.028066635131835938
4.766180515289307	4.730505466461182	0.035675048828125
4.745362758636475	4.741254806518555	0.004107952117919922
4.719257354736328	4.807212829589844	-0.08795547485351562
4.23325777053833	4.251214981079102	-0.017957210540771484
4.504323959350586	4.5020928382873535	0.002231121063232422
4.667741298675537	4.600378036499023	0.06736326217651367
4.600624084472656	4.543142318725586	0.05748176574707031
4.706207275390625	4.720195293426514	-0.013988018035888672
4.4127116203308105	4.40539026260376	0.007321357727050781
4.703637599945068	4.726226329803467	-0.022588729858398438
4.817080497741699	4.8246169090271	-0.007536411285400391
4.654855251312256	4.614222049713135	0.040633201599121094
4.763125896453857	4.752639293670654	0.010486602783203125
4.350790977478027	4.260824680328369	0.0899662971496582
4.787659168243408	4.825632572174072	-0.03797340393066406
4.600753307342529	4.502981662750244	0.09777164459228516
4.610091686248779	4.233652114868164	0.37643957138061523
4.551450729370117	4.6635942459106445	-0.11214351654052734
4.701803684234619	4.704941749572754	-0.0031380653381347656
4.692018032073975	4.623836517333984	0.06818151473999023
4.609296798706055	4.559576034545898	0.04972076416015625
4.846346855163574	4.825324058532715	0.021022796630859375
4.413630962371826	4.404791831970215	0.008839130401611328
4.511399745941162	4.597610950469971	-0.0862112045288086
4.813641548156738	4.7645463943481445	0.04909515380859375
4.666511535644531	4.719547271728516	-0.053035736083984375
4.309218883514404	4.234020233154297	0.07519865036010742
4.654534816741943	4.50346040725708	0.15107440948486328
4.650118350982666	4.697272300720215	-0.04715394973754883
4.92846155166626	4.898494243621826	0.029967308044433594
4.556784152984619	4.538000106811523	0.018784046173095703
4.546928405761719	4.394497394561768	0.15243101119995117
4.610096454620361	4.6910014152526855	-0.08090496063232422
4.292603015899658	4.192431926727295	0.10017108917236328
4.245504379272461	4.3402099609375	-0.09470558166503906
4.613887310028076	4.630583763122559	-0.016696453094482422
4.667542934417725	4.6311235427856445	0.03641939163208008
4.454225063323975	4.396152019500732	0.05807304382324219
4.643230438232422	4.732883930206299	-0.08965349197387695
4.394904136657715	4.343930244445801	0.05097389221191406
4.316073894500732	4.215286731719971	0.10078716278076172
4.505518913269043	4.376883506774902	0.12863540649414062
4.829681873321533	4.833635330200195	-0.003953456878662109
4.623160362243652	4.533910274505615	0.08925008773803711
4.650585651397705	4.44865608215332	0.20192956924438477
4.583212852478027	4.581023693084717	0.002189159393310547
4.670505046844482	4.6763482093811035	-0.005843162536621094
4.517505645751953	4.427060127258301	0.09044551849365234
4.482743740081787	4.314760684967041	0.1679830551147461
4.695318698883057	4.742801189422607	-0.04748249053955078
4.540054798126221	4.595790863037109	-0.05573606491088867
4.285358428955078	4.182217121124268	0.10314130783081055
4.462275981903076	4.464541912078857	-0.00226593017578125
4.585916996002197	4.598238468170166	-0.01232147216796875
4.607438087463379	4.666488170623779	-0.05905008316040039
4.124093055725098	4.0691351890563965	0.05495786666870117
4.752264022827148	4.662203311920166	0.09006071090698242
4.876342296600342	4.831161975860596	0.045180320739746094
4.71296501159668	4.650219440460205	0.06274557113647461
4.680279731750488	4.596429347991943	0.08385038375854492
4.536162853240967	4.535189628601074	0.0009732246398925781
4.706231594085693	4.547767639160156	0.1584639549255371
4.559938430786133	4.57318639755249	-0.013247966766357422
4.645183563232422	4.5544562339782715	0.09072732925415039
4.810063362121582	4.68512487411499	0.1249384880065918
4.354970932006836	4.315799236297607	0.039171695709228516
4.33043909072876	4.258803844451904	0.07163524627685547
4.650619029998779	4.546833515167236	0.10378551483154297
4.482993125915527	4.492335319519043	-0.009342193603515625
4.7450432777404785	4.7580180168151855	-0.012974739074707031
4.385403633117676	4.363091945648193	0.022311687469482422
4.473680019378662	4.484597206115723	-0.010917186737060547
4.802273273468018	4.837071895599365	-0.034798622131347656
4.787940979003906	4.809439182281494	-0.02149820327758789
4.641690254211426	4.652007102966309	-0.010316848754882812
4.53909969329834	4.498588562011719	0.040511131286621094
4.759489059448242	4.781006336212158	-0.021517276763916016
4.684255599975586	4.55253267288208	0.13172292709350586
4.728668689727783	4.698487758636475	0.030180931091308594
4.73166036605835	4.695000171661377	0.036660194396972656
4.282234191894531	4.214290618896484	0.06794357299804688
4.69805383682251	4.723762035369873	-0.02570819854736328
4.635262966156006	4.5910515785217285	0.044211387634277344
4.608340740203857	4.6522603034973145	-0.04391956329345703
4.636519432067871	4.505501747131348	0.13101768493652344
4.794812202453613	4.8319010734558105	-0.037088871002197266
4.690765380859375	4.658716678619385	0.032048702239990234
4.858092784881592	4.85137414932251	0.006718635559082031
4.366923809051514	4.357480049133301	0.00944375991821289
4.721803665161133	4.706629276275635	0.015174388885498047
4.749000072479248	4.808281898498535	-0.05928182601928711
4.623563766479492	4.646649360656738	-0.023085594177246094
4.741744041442871	4.8108906745910645	-0.06914663314819336
4.842252731323242	4.839089393615723	0.0031633377075195312
4.599551200866699	4.415343284606934	0.18420791625976562
4.4951653480529785	4.36587381362915	0.12929153442382812
4.5471038818359375	4.4283976554870605	0.11870622634887695
4.15329122543335	4.274855136871338	-0.12156391143798828
4.686850070953369	4.731349945068359	-0.044499874114990234
4.56776237487793	4.382350444793701	0.18541193008422852
4.608756065368652	4.539754390716553	0.06900167465209961
4.5505690574646	4.371792793273926	0.17877626419067383
4.593344211578369	4.341268062591553	0.2520761489868164
4.4170660972595215	4.348786354064941	0.06827974319458008
4.526915550231934	4.443785190582275	0.0831303596496582
4.688686847686768	4.684652805328369	0.0040340423583984375
4.4883952140808105	4.4752068519592285	0.013188362121582031
4.697129249572754	4.519348621368408	0.1777806282043457
4.900754451751709	4.931967735290527	-0.03121328353881836
4.634985446929932	4.550721168518066	0.08426427841186523
4.696346282958984	4.671954154968262	0.024392127990722656
4.463307857513428	4.379976749420166	0.08333110809326172
4.26247501373291	4.1601128578186035	0.10236215591430664
4.787609100341797	4.803904056549072	-0.01629495620727539
4.855365753173828	4.8455023765563965	0.00986337661743164
4.7482194900512695	4.5806193351745605	0.16760015487670898
4.6340556144714355	4.594949245452881	0.03910636901855469
4.472504138946533	4.428380966186523	0.044123172760009766
4.612539291381836	4.567385196685791	0.04515409469604492
4.344238758087158	4.2811713218688965	0.06306743621826172
4.5162577629089355	4.492110252380371	0.024147510528564453
4.4757866859436035	4.440070629119873	0.03571605682373047
4.7709550857543945	4.8313493728637695	-0.060394287109375
4.580445289611816	4.596464157104492	-0.01601886749267578
4.902459144592285	4.908742427825928	-0.006283283233642578
4.708113193511963	4.711269378662109	-0.0031561851501464844
4.8200297355651855	4.821643352508545	-0.001613616943359375
4.690993785858154	4.7061767578125	-0.015182971954345703
4.71771764755249	4.6446404457092285	0.07307720184326172
4.7609357833862305	4.756267547607422	0.004668235778808594
4.438884735107422	4.3345842361450195	0.10430049896240234
4.8609771728515625	4.8222551345825195	0.03872203826904297
4.5738959312438965	4.588634967803955	-0.014739036560058594
4.294312953948975	4.336850166320801	-0.04253721237182617
4.753651142120361	4.766516208648682	-0.012865066528320312
4.40316104888916	4.222125053405762	0.18103599548339844
4.6299262046813965	4.606539726257324	0.023386478424072266
4.743119716644287	4.765756130218506	-0.02263641357421875
4.708604335784912	4.653628826141357	0.05497550964355469
4.278711795806885	4.257186412811279	0.02152538299560547
4.68035364151001	4.6006951332092285	0.07965850830078125
4.332767486572266	4.550920486450195	-0.2181529998779297
4.855222225189209	4.8393964767456055	0.015825748443603516
4.568077564239502	4.49109411239624	0.07698345184326172
4.250561237335205	4.141079425811768	0.1094818115234375
4.332396984100342	4.230160713195801	0.10223627090454102
4.699808597564697	4.490745544433594	0.20906305313110352
4.427728176116943	4.354689121246338	0.07303905487060547
4.649052143096924	4.651512145996094	-0.002460002899169922
4.761641025543213	4.818417549133301	-0.05677652359008789
4.610544204711914	4.703907489776611	-0.09336328506469727
4.731659889221191	4.665953636169434	0.06570625305175781
4.632470607757568	4.611154079437256	0.0213165283203125
4.689883232116699	4.623437404632568	0.06644582748413086
4.386937141418457	4.292069911956787	0.09486722946166992
4.553848743438721	4.5368475914001465	0.01700115203857422
4.625809669494629	4.641409397125244	-0.015599727630615234
4.426464080810547	4.401830196380615	0.02463388442993164
4.710782051086426	4.6993303298950195	0.01145172119140625
4.564411640167236	4.507246494293213	0.05716514587402344
4.762777805328369	4.784793376922607	-0.02201557159423828
4.463425636291504	4.304574966430664	0.15885066986083984
4.76181173324585	4.747555255889893	0.014256477355957031
4.773929119110107	4.765743732452393	0.008185386657714844
4.455886363983154	4.414572238922119	0.041314125061035156
4.764305591583252	4.764962673187256	-0.0006570816040039062
4.670477867126465	4.615699291229248	0.0547785758972168
4.1753973960876465	4.119412899017334	0.0559844970703125
4.618476390838623	4.55261754989624	0.06585884094238281
4.83951997756958	4.896039962768555	-0.05651998519897461
4.426839828491211	4.348428249359131	0.07841157913208008
4.859955310821533	4.891363620758057	-0.03140830993652344
4.602046966552734	4.571082592010498	0.030964374542236328
4.335549831390381	4.259403705596924	0.07614612579345703
4.292600154876709	4.2986369132995605	-0.0060367584228515625
4.671301364898682	4.665419578552246	0.005881786346435547
4.554892539978027	4.506184101104736	0.048708438873291016
4.7829108238220215	4.78955602645874	-0.00664520263671875
4.847823619842529	4.848788738250732	-0.000965118408203125
4.518746376037598	4.529220104217529	-0.01047372817993164
4.639307022094727	4.514782428741455	0.12452459335327148
4.254803657531738	4.170350551605225	0.08445310592651367
4.908869743347168	4.899681568145752	0.009188175201416016
4.738365650177002	4.694655895233154	0.043709754943847656
4.387479782104492	4.316704750061035	0.07077503204345703
4.635465145111084	4.655193328857422	-0.01972818374633789
4.149702072143555	4.005432605743408	0.14426946640014648
4.721922874450684	4.664742469787598	0.05718040466308594
4.4079365730285645	4.2127580642700195	0.19517850875854492
4.704524517059326	4.664271831512451	0.040252685546875
4.623589038848877	4.608471393585205	0.015117645263671875
4.745388507843018	4.796750068664551	-0.0513615608215332
4.712266445159912	4.755707263946533	-0.043440818786621094
4.688933372497559	4.592634201049805	0.0962991714477539
4.637488842010498	4.654103755950928	-0.016614913940429688
4.750929832458496	4.695831298828125	0.055098533630371094
4.486682415008545	4.543761253356934	-0.05707883834838867
4.919724941253662	4.9092488288879395	0.010476112365722656
4.697901248931885	4.599326133728027	0.09857511520385742
4.558836460113525	4.555537223815918	0.003299236297607422
4.810441970825195	4.770512580871582	0.03992938995361328
4.610123157501221	4.578424453735352	0.03169870376586914
4.792591094970703	4.772009372711182	0.020581722259521484
4.657989978790283	4.710325717926025	-0.05233573913574219
4.41160249710083	4.332832336425781	0.07877016067504883
4.5970139503479	4.617263317108154	-0.020249366760253906
4.424430847167969	4.126015663146973	0.2984151840209961
4.673180103302002	4.3319501876831055	0.3412299156188965
4.774641990661621	4.763345241546631	0.011296749114990234
4.808938026428223	4.801138401031494	0.007799625396728516
4.611432075500488	4.598459720611572	0.012972354888916016
4.750597953796387	4.753571510314941	-0.0029735565185546875
4.680507183074951	4.719550609588623	-0.039043426513671875
4.3029584884643555	4.256577491760254	0.04638099670410156
4.714504718780518	4.718059539794922	-0.003554821014404297
4.349883079528809	4.230005741119385	0.11987733840942383
4.56201171875	4.543606758117676	0.01840496063232422
4.649286270141602	4.6218743324279785	0.027411937713623047
4.557463645935059	4.3418288230896	0.21563482284545898
4.84395170211792	4.810117244720459	0.03383445739746094
4.346537113189697	4.144389629364014	0.2021474838256836
4.6664838790893555	4.651269435882568	0.01521444320678711
4.691213130950928	4.683429718017578	0.007783412933349609
4.688426971435547	4.523225784301758	0.16520118713378906
4.767754077911377	4.722130298614502	0.045623779296875
4.7650346755981445	4.729422569274902	0.03561210632324219
4.786462783813477	4.800314426422119	-0.013851642608642578
4.586470127105713	4.542446613311768	0.04402351379394531
4.184638977050781	4.2703166007995605	-0.0856776237487793
4.3455491065979	4.244421482086182	0.10112762451171875
4.569966793060303	4.539847373962402	0.03011941909790039
4.755665302276611	4.7417192459106445	0.013946056365966797
4.530311584472656	4.359175205230713	0.17113637924194336
4.5434346199035645	4.5251383781433105	0.018296241760253906
4.372762680053711	4.452494144439697	-0.07973146438598633
4.675464153289795	4.581547737121582	0.09391641616821289
4.64428186416626	4.554354667663574	0.08992719650268555
4.655345916748047	4.728972434997559	-0.07362651824951172
4.468179225921631	4.459559440612793	0.00861978530883789
4.456374168395996	4.468354225158691	-0.011980056762695312
4.808054447174072	4.781412124633789	0.026642322540283203
4.563909530639648	4.463714599609375	0.10019493103027344
4.56868314743042	4.401667594909668	0.16701555252075195
4.609177589416504	4.502068519592285	0.10710906982421875
4.911362171173096	4.918961524963379	-0.007599353790283203
4.630529403686523	4.573520183563232	0.057009220123291016
4.622701168060303	4.541722297668457	0.0809788703918457
4.825719356536865	4.810627460479736	0.015091896057128906
4.633854389190674	4.768900394439697	-0.13504600524902344
4.746171474456787	4.772520542144775	-0.02634906768798828
4.689980983734131	4.669646739959717	0.020334243774414062
4.555641174316406	4.498855113983154	0.05678606033325195
4.799492359161377	4.799860954284668	-0.0003685951232910156
4.627562046051025	4.549495220184326	0.07806682586669922
4.9150519371032715	4.889084815979004	0.025967121124267578
4.786778450012207	4.810574054718018	-0.023795604705810547
4.637873649597168	4.65046501159668	-0.012591361999511719
4.818541526794434	4.743162631988525	0.0753788948059082
4.527304172515869	4.557053089141846	-0.029748916625976562
4.7065582275390625	4.705004692077637	0.0015535354614257812
4.421069622039795	4.396568775177002	0.02450084686279297
4.506577014923096	4.58697509765625	-0.0803980827331543
4.5635271072387695	4.55846643447876	0.005060672760009766
4.552376747131348	4.448838710784912	0.10353803634643555
4.712473392486572	4.3294830322265625	0.38299036026000977
4.323763370513916	4.206099987030029	0.11766338348388672
4.7119245529174805	4.584511756896973	0.1274127960205078
4.340275287628174	4.007732391357422	0.33254289627075195
4.709043025970459	4.680407524108887	0.028635501861572266
4.683651924133301	4.663761138916016	0.019890785217285156
4.361403465270996	4.264708042144775	0.0966954231262207
4.6141228675842285	4.579908847808838	0.034214019775390625
4.555853366851807	4.500929355621338	0.05492401123046875
4.550056457519531	4.457766056060791	0.09229040145874023
4.579779624938965	4.495044708251953	0.08473491668701172
4.369876384735107	4.364044666290283	0.005831718444824219
4.664945602416992	4.580261707305908	0.08468389511108398
4.49550724029541	4.425840854644775	0.06966638565063477
4.477534770965576	4.426342964172363	0.05119180679321289
4.696274280548096	4.671665191650391	0.024609088897705078
4.441925525665283	4.49241828918457	-0.05049276351928711
4.293079853057861	4.188441276550293	0.10463857650756836
4.785004138946533	4.89780855178833	-0.11280441284179688
4.777663230895996	4.712106227874756	0.06555700302124023
4.487719535827637	4.347496032714844	0.14022350311279297
4.6188483238220215	4.6552228927612305	-0.036374568939208984
4.676229953765869	4.657663822174072	0.018566131591796875
4.939455986022949	4.933767795562744	0.005688190460205078
4.652927875518799	4.702075004577637	-0.04914712905883789
4.66308069229126	4.698540210723877	-0.03545951843261719
4.69680643081665	4.6848883628845215	0.011918067932128906
4.6967854499816895	4.652058124542236	0.044727325439453125
4.621780872344971	4.587236404418945	0.03454446792602539
4.655782222747803	4.595090389251709	0.06069183349609375
4.570899963378906	4.481959342956543	0.08894062042236328
4.695373058319092	4.634270191192627	0.061102867126464844
4.480315208435059	4.492741107940674	-0.012425899505615234
4.421144008636475	4.429076671600342	-0.007932662963867188
4.735762119293213	4.741027355194092	-0.005265235900878906
4.632872104644775	4.657835006713867	-0.024962902069091797
4.809745788574219	4.800813674926758	0.008932113647460938
4.748112201690674	4.756020545959473	-0.007908344268798828
4.863603115081787	4.836096286773682	0.02750682830810547
4.6177802085876465	4.520406723022461	0.09737348556518555
4.820745944976807	4.839968204498291	-0.019222259521484375
4.342883586883545	4.202245235443115	0.1406383514404297
4.789764881134033	4.838678359985352	-0.04891347885131836
4.576624393463135	4.601288795471191	-0.02466440200805664
4.481309413909912	4.502661228179932	-0.02135181427001953
4.493257999420166	4.447738170623779	0.04551982879638672
4.831615924835205	4.824821949005127	0.006793975830078125
4.633441925048828	4.616969585418701	0.016472339630126953
4.537376880645752	4.565093517303467	-0.027716636657714844
4.492149829864502	4.466236591339111	0.025913238525390625
4.58201265335083	4.550825119018555	0.03118753433227539
4.658353805541992	4.638177871704102	0.020175933837890625
4.802482604980469	4.7915167808532715	0.010965824127197266
4.504272937774658	4.508902072906494	-0.0046291351318359375
4.821192264556885	4.85867166519165	-0.037479400634765625
4.616908073425293	4.614976406097412	0.0019316673278808594
4.344930171966553	4.300587177276611	0.044342994689941406
4.796085357666016	4.852192401885986	-0.0561070442199707
4.663167953491211	4.432575225830078	0.2305927276611328
4.528861045837402	4.323565483093262	0.20529556274414062
4.481104373931885	4.301154613494873	0.17994976043701172
4.650339603424072	4.658461093902588	-0.008121490478515625
4.330036640167236	4.293238639831543	0.03679800033569336
4.797088146209717	4.7897844314575195	0.007303714752197266
4.799044132232666	4.81774377822876	-0.01869964599609375
4.694891929626465	4.7447896003723145	-0.04989767074584961
4.766978740692139	4.781628608703613	-0.01464986801147461
4.457729816436768	4.4944562911987305	-0.03672647476196289
4.498226165771484	4.492403507232666	0.005822658538818359
4.335003852844238	4.107428550720215	0.22757530212402344
4.71432638168335	4.783776760101318	-0.06945037841796875
4.761661529541016	4.682064533233643	0.07959699630737305
4.648232936859131	4.616144180297852	0.0320887565612793
4.84478235244751	4.8494391441345215	-0.004656791687011719
4.912923812866211	4.928288459777832	-0.015364646911621094
4.831470966339111	4.842395782470703	-0.010924816131591797
4.804142475128174	4.820077896118164	-0.015935420989990234
4.663730144500732	4.545249938964844	0.11848020553588867
4.682437896728516	4.669384479522705	0.013053417205810547
4.450376987457275	4.408571720123291	0.041805267333984375
4.471714496612549	4.481955051422119	-0.010240554809570312
4.57957124710083	4.524350643157959	0.055220603942871094
4.500287055969238	4.524416446685791	-0.024129390716552734
4.700866222381592	4.722130298614502	-0.021264076232910156
4.400123596191406	4.368931293487549	0.031192302703857422
4.347433567047119	4.312631130218506	0.03480243682861328
4.658712863922119	4.650010585784912	0.008702278137207031
4.7543745040893555	4.857470989227295	-0.10309648513793945
4.7625956535339355	4.618350028991699	0.14424562454223633
4.775994777679443	4.7466044425964355	0.029390335083007812
4.425937175750732	4.396831512451172	0.029105663299560547
4.607529163360596	4.528291702270508	0.07923746109008789
4.816596031188965	4.779119491577148	0.037476539611816406
4.6640753746032715	4.524810314178467	0.1392650604248047
4.433952808380127	4.344895839691162	0.08905696868896484
4.634734153747559	4.645199298858643	-0.010465145111083984
4.758415699005127	4.76719331741333	-0.008777618408203125
4.696893692016602	4.695289611816406	0.0016040802001953125
4.570181846618652	4.491861820220947	0.07832002639770508
4.728766441345215	4.697812557220459	0.03095388412475586
4.412943363189697	4.28363561630249	0.12930774688720703
4.784122943878174	4.780127048492432	0.0039958953857421875
4.807462215423584	4.807176113128662	0.000286102294921875
4.402471542358398	4.388865947723389	0.013605594635009766
4.921151638031006	4.9068684577941895	0.014283180236816406
4.449665546417236	4.434494972229004	0.015170574188232422
4.410104274749756	4.289048671722412	0.12105560302734375
4.833258152008057	4.728145122528076	0.10511302947998047
4.870047092437744	4.8654351234436035	0.004611968994140625
4.37902307510376	4.331889629364014	0.047133445739746094
4.332754135131836	4.382697582244873	-0.04994344711303711
4.549877643585205	4.536844730377197	0.013032913208007812
4.41964054107666	4.377274036407471	0.04236650466918945
4.5469069480896	4.42485237121582	0.1220545768737793
4.3727030754089355	4.391208171844482	-0.018505096435546875
4.498776435852051	4.488905429840088	0.00987100601196289
4.796177387237549	4.856590747833252	-0.060413360595703125
4.597018241882324	4.528624057769775	0.06839418411254883
4.626908779144287	4.560647010803223	0.06626176834106445
4.531123638153076	4.523466110229492	0.007657527923583984
4.554180145263672	4.619804859161377	-0.06562471389770508
4.530577182769775	4.53789758682251	-0.007320404052734375
4.578946590423584	4.543318271636963	0.035628318786621094
4.643185615539551	4.439277172088623	0.20390844345092773
4.407456874847412	4.32477331161499	0.08268356323242188
4.671243190765381	4.757504940032959	-0.08626174926757812
4.7982025146484375	4.78380012512207	0.014402389526367188
4.7211713790893555	4.6306586265563965	0.09051275253295898
4.151555061340332	4.130161762237549	0.021393299102783203
4.166332244873047	4.05387544631958	0.1124567985534668
4.59877872467041	4.6048665046691895	-0.006087779998779297
4.708771228790283	4.724587917327881	-0.015816688537597656
4.730799674987793	4.74251127243042	-0.011711597442626953
4.412757396697998	4.310882568359375	0.10187482833862305
4.3850202560424805	4.338948726654053	0.046071529388427734
4.669036865234375	4.598789215087891	0.07024765014648438
4.753983974456787	4.739532470703125	0.01445150375366211
4.659071922302246	4.664387226104736	-0.005315303802490234
4.49015474319458	4.486611843109131	0.0035429000854492188
4.627861976623535	4.634130477905273	-0.006268501281738281
4.721911907196045	4.572608947753906	0.14930295944213867
4.386046886444092	4.251903057098389	0.13414382934570312
4.378536701202393	4.43300199508667	-0.054465293884277344
4.708040714263916	4.663218021392822	0.04482269287109375
4.705425262451172	4.636549949645996	0.06887531280517578
4.6145477294921875	4.564856052398682	0.04969167709350586
4.345774173736572	4.255608081817627	0.09016609191894531
4.706669807434082	4.723877429962158	-0.017207622528076172
4.462570667266846	4.433938026428223	0.028632640838623047
4.637845516204834	4.599096298217773	0.03874921798706055
4.573840618133545	4.386634349822998	0.18720626831054688
4.573566913604736	4.649479866027832	-0.0759129524230957
4.389754295349121	4.399490833282471	-0.00973653793334961
4.500373363494873	4.502788543701172	-0.002415180206298828
4.759936332702637	4.628218650817871	0.13171768188476562
4.711855411529541	4.72396993637085	-0.012114524841308594
4.72832727432251	4.609913349151611	0.11841392517089844
4.711870193481445	4.800906181335449	-0.0890359878540039
4.61450719833374	4.574352741241455	0.040154457092285156
4.713380336761475	4.696333408355713	0.01704692840576172
4.216267108917236	4.1611762046813965	0.055090904235839844
4.706547737121582	4.655780792236328	0.050766944885253906
4.554883003234863	4.585801601409912	-0.030918598175048828
4.420057773590088	4.379830837249756	0.04022693634033203
4.635030269622803	4.628581523895264	0.0064487457275390625
4.415756702423096	4.5529866218566895	-0.13722991943359375
4.404319763183594	4.470560550689697	-0.06624078750610352
4.757710933685303	4.750172138214111	0.007538795471191406
4.255758285522461	4.301756381988525	-0.04599809646606445
4.643672943115234	4.660741329193115	-0.01706838607788086
4.404392242431641	4.469139575958252	-0.06474733352661133
4.772702217102051	4.764703750610352	0.007998466491699219
4.383213996887207	4.331542491912842	0.051671504974365234
4.675110816955566	4.616722583770752	0.05838823318481445
4.748533725738525	4.741501808166504	0.007031917572021484
4.645599842071533	4.690510272979736	-0.044910430908203125
4.863041877746582	4.880584239959717	-0.017542362213134766
4.770994663238525	4.77058219909668	0.0004124641418457031
4.789520740509033	4.78778076171875	0.0017399787902832031
4.348423480987549	4.2976531982421875	0.05077028274536133
4.58281135559082	4.510100364685059	0.07271099090576172
4.715759754180908	4.701805591583252	0.01395416259765625
4.754426956176758	4.747793674468994	0.006633281707763672
4.755291938781738	4.759239673614502	-0.003947734832763672
4.686059474945068	4.663950443267822	0.022109031677246094
4.464870929718018	4.461526393890381	0.0033445358276367188
4.501567840576172	4.445772171020508	0.05579566955566406
4.687372207641602	4.675790309906006	0.011581897735595703
4.747052192687988	4.752749919891357	-0.005697727203369141
4.413283824920654	4.225179672241211	0.18810415267944336
4.638079643249512	4.575242042541504	0.06283760070800781
4.201018333435059	3.8973703384399414	0.3036479949951172
4.346705913543701	4.066442012786865	0.28026390075683594
4.592555522918701	4.5839924812316895	0.008563041687011719
4.401321887969971	4.3466105461120605	0.054711341857910156
4.715358257293701	4.650382995605469	0.06497526168823242
4.696949481964111	4.642994403839111	0.053955078125
4.65927791595459	4.754642486572266	-0.09536457061767578
4.572030544281006	4.616981029510498	-0.04495048522949219
4.449629783630371	4.459177494049072	-0.009547710418701172
4.624187469482422	4.561849117279053	0.06233835220336914
4.735886573791504	4.748701572418213	-0.012814998626708984
4.550234317779541	4.530158996582031	0.020075321197509766
4.397390365600586	4.2648396492004395	0.13255071640014648
4.730079650878906	4.725312232971191	0.004767417907714844
4.62302827835083	4.613853931427002	0.009174346923828125
4.8534674644470215	4.846156597137451	0.0073108673095703125
4.459828853607178	4.361513614654541	0.09831523895263672
4.341952800750732	4.321574687957764	0.02037811279296875
4.82986307144165	4.83089017868042	-0.0010271072387695312
4.388359069824219	4.360626220703125	0.02773284912109375
4.377185821533203	4.211259841918945	0.1659259796142578
4.6689910888671875	4.637906074523926	0.03108501434326172
4.83764123916626	4.849080562591553	-0.011439323425292969
4.651301860809326	4.6476359367370605	0.003665924072265625
4.46381139755249	4.469381332397461	-0.005569934844970703
4.363228797912598	4.228221416473389	0.13500738143920898
4.818831443786621	4.794186592102051	0.024644851684570312
4.627234935760498	4.511465549468994	0.1157693862915039
4.814260959625244	4.7495012283325195	0.06475973129272461
4.6767578125	4.7099385261535645	-0.03318071365356445
4.4806318283081055	4.446075916290283	0.034555912017822266
4.78213357925415	4.599879741668701	0.18225383758544922
4.6669921875	4.7003889083862305	-0.03339672088623047
4.33574914932251	4.243615627288818	0.0921335220336914
4.577571392059326	4.475738525390625	0.10183286666870117
4.697337627410889	4.57384729385376	0.1234903335571289
4.504278659820557	4.416031837463379	0.08824682235717773
4.727647304534912	4.7691850662231445	-0.04153776168823242
4.62083625793457	4.6338725090026855	-0.013036251068115234
4.444522380828857	4.419111728668213	0.02541065216064453
4.649434566497803	4.680325984954834	-0.03089141845703125
4.281881809234619	4.285135746002197	-0.003253936767578125
4.763760566711426	4.65962028503418	0.1041402816772461
4.700595378875732	4.718025207519531	-0.017429828643798828
4.501530170440674	4.5041680335998535	-0.0026378631591796875
4.494612693786621	4.353021621704102	0.14159107208251953
4.8556904792785645	4.857900619506836	-0.0022101402282714844
4.372992038726807	4.421131610870361	-0.04813957214355469
4.312567234039307	4.198165416717529	0.11440181732177734
4.71088171005249	4.701984882354736	0.008896827697753906
4.311281681060791	4.257236957550049	0.05404472351074219
4.487488746643066	4.455873966217041	0.03161478042602539
4.787741184234619	4.718321800231934	0.06941938400268555
4.742555141448975	4.748991966247559	-0.006436824798583984
4.770191192626953	4.667560577392578	0.102630615234375
4.471308708190918	4.4307684898376465	0.040540218353271484
4.346375465393066	3.902243137359619	0.44413232803344727
4.643122673034668	4.586376667022705	0.05674600601196289
4.49638032913208	4.487553119659424	0.00882720947265625
4.365488052368164	4.340637683868408	0.02485036849975586
4.649360656738281	4.672296047210693	-0.02293539047241211
4.414077281951904	4.330387115478516	0.08369016647338867
4.401309013366699	4.364476680755615	0.036832332611083984
4.332775592803955	4.2614970207214355	0.07127857208251953
4.534029960632324	4.464134216308594	0.06989574432373047
4.820332050323486	4.825407028198242	-0.005074977874755859
4.667524814605713	4.585052013397217	0.0824728012084961
4.776742458343506	4.886333465576172	-0.10959100723266602
4.646463394165039	4.618577003479004	0.027886390686035156
4.328176021575928	4.330294132232666	-0.0021181106567382812
4.470919132232666	4.4586501121521	0.012269020080566406
4.639190196990967	4.633214473724365	0.0059757232666015625
4.718794345855713	4.7665581703186035	-0.047763824462890625
4.440261363983154	4.360989570617676	0.07927179336547852
4.658402919769287	4.6468892097473145	0.011513710021972656
4.2894415855407715	4.0185627937316895	0.27087879180908203
4.796195983886719	4.813164234161377	-0.016968250274658203
4.48568058013916	4.54385232925415	-0.058171749114990234
4.493493556976318	4.518890380859375	-0.02539682388305664
4.651573657989502	4.658352851867676	-0.006779193878173828
4.733700275421143	4.7625579833984375	-0.028857707977294922
4.358234882354736	4.342358112335205	0.01587677001953125
4.613853931427002	4.578794956207275	0.03505897521972656
4.792279243469238	4.610127925872803	0.18215131759643555
4.594238758087158	4.717667102813721	-0.1234283447265625
4.826949119567871	4.809342384338379	0.017606735229492188
4.596921443939209	4.5813117027282715	0.0156097412109375
4.788570880889893	4.7151103019714355	0.07346057891845703
4.57012414932251	4.657430648803711	-0.08730649948120117
4.43724250793457	4.555442810058594	-0.11820030212402344
4.6270904541015625	4.614541530609131	0.01254892349243164
4.309027671813965	4.374481201171875	-0.06545352935791016
4.32215690612793	4.347873687744141	-0.025716781616210938
4.582352638244629	4.392347812652588	0.19000482559204102
4.51069974899292	4.4849066734313965	0.025793075561523438
4.606410026550293	4.568077564239502	0.038332462310791016
4.8474931716918945	4.907698154449463	-0.06020498275756836
4.636126518249512	4.386335372924805	0.24979114532470703
4.800365924835205	4.807039737701416	-0.0066738128662109375
4.734687805175781	4.741204738616943	-0.006516933441162109
4.663428783416748	4.619859218597412	0.04356956481933594
4.576579570770264	4.535501003265381	0.04107856750488281
4.635183334350586	4.584649562835693	0.05053377151489258
4.247344493865967	4.374999523162842	-0.127655029296875
4.426360130310059	4.410543441772461	0.015816688537597656
4.816323280334473	4.789953231811523	0.02637004852294922
4.291072845458984	4.309973239898682	-0.018900394439697266
4.526286602020264	4.568679332733154	-0.042392730712890625
4.70299768447876	4.74207067489624	-0.03907299041748047
4.846620082855225	4.857198238372803	-0.010578155517578125
4.597809314727783	4.5777997970581055	0.020009517669677734
4.7713446617126465	4.796137809753418	-0.024793148040771484
4.423922538757324	4.4131951332092285	0.010727405548095703
4.6437668800354	4.413478374481201	0.23028850555419922
4.712752819061279	4.7585930824279785	-0.04584026336669922
4.683861255645752	4.739441871643066	-0.05558061599731445
4.53082275390625	4.480393886566162	0.05042886734008789
4.807309627532959	4.813684940338135	-0.006375312805175781
4.78151798248291	4.801018714904785	-0.019500732421875
4.656471252441406	4.5655059814453125	0.09096527099609375
4.624441623687744	4.079483509063721	0.5449581146240234
4.603798866271973	4.547967433929443	0.0558314323425293
4.628853797912598	4.498307704925537	0.13054609298706055
4.570876598358154	4.4511799812316895	0.11969661712646484
4.714616775512695	4.771337032318115	-0.05672025680541992
4.5483856201171875	4.531369209289551	0.01701641082763672
4.601775169372559	4.62894868850708	-0.027173519134521484
4.341156482696533	4.310636520385742	0.030519962310791016
4.213621616363525	4.232702732086182	-0.01908111572265625
4.7293219566345215	4.72952127456665	-0.00019931793212890625
4.525363922119141	4.71862268447876	-0.19325876235961914
4.652878761291504	4.7063212394714355	-0.05344247817993164
4.740136623382568	4.7358198165893555	0.004316806793212891
4.653038024902344	4.518089771270752	0.1349482536315918
4.51673698425293	4.49566125869751	0.021075725555419922
4.4775567054748535	4.512147426605225	-0.034590721130371094
4.435739517211914	4.424855709075928	0.010883808135986328
4.680974960327148	4.692594051361084	-0.011619091033935547
4.747896194458008	4.748987197875977	-0.00109100341796875
4.708974838256836	4.666066646575928	0.0429081916809082
4.590010166168213	4.574834823608398	0.015175342559814453
4.170206546783447	4.139673709869385	0.0305328369140625
4.594478130340576	4.540343284606934	0.05413484573364258
4.387493133544922	4.225051403045654	0.16244173049926758
4.679208278656006	4.7011895179748535	-0.021981239318847656
4.728739261627197	4.784964084625244	-0.056224822998046875
4.4917402267456055	4.478308200836182	0.013432025909423828
4.685143947601318	4.663023471832275	0.02212047576904297
4.768487930297852	4.838747024536133	-0.07025909423828125
4.579168319702148	4.588779926300049	-0.00961160659790039
4.778174877166748	4.672468662261963	0.10570621490478516
4.751208782196045	4.694628715515137	0.0565800666809082
4.163783550262451	4.132739543914795	0.03104400634765625
4.519357204437256	4.502751350402832	0.016605854034423828
4.711890697479248	4.7496113777160645	-0.037720680236816406
4.7759552001953125	4.797269344329834	-0.021314144134521484
4.68745231628418	4.762328624725342	-0.07487630844116211
4.412681579589844	4.45734977722168	-0.04466819763183594
4.651939392089844	4.643738269805908	0.008201122283935547
4.887541770935059	4.891892910003662	-0.004351139068603516
4.4799113273620605	4.511696815490723	-0.03178548812866211
4.664951801300049	4.724323272705078	-0.0593714714050293
4.51750373840332	4.557566165924072	-0.04006242752075195
4.190494537353516	4.036710262298584	0.15378427505493164
4.630298137664795	4.62088680267334	0.009411334991455078
4.736812591552734	4.76480770111084	-0.02799510955810547
4.67451810836792	4.673383712768555	0.0011343955993652344
4.136444568634033	4.008383274078369	0.12806129455566406
4.881511211395264	4.890772819519043	-0.009261608123779297
4.365877151489258	4.375443935394287	-0.009566783905029297
4.443134784698486	4.414087295532227	0.029047489166259766
4.666844844818115	4.68166971206665	-0.014824867248535156
4.708345890045166	4.571638584136963	0.13670730590820312
4.534485816955566	4.39725923538208	0.13722658157348633
4.680288314819336	4.660560607910156	0.019727706909179688
4.569454669952393	4.100124359130859	0.4693303108215332
4.418948650360107	4.364867687225342	0.054080963134765625
4.713621616363525	4.631083011627197	0.08253860473632812
4.595228672027588	4.62459659576416	-0.029367923736572266
4.454415321350098	4.4641499519348145	-0.009734630584716797
4.659983158111572	4.717398166656494	-0.057415008544921875
4.723852634429932	4.703335285186768	0.020517349243164062
4.438764572143555	4.4583740234375	-0.019609451293945312
4.601021766662598	4.608491897583008	-0.007470130920410156
4.6659321784973145	4.7152252197265625	-0.04929304122924805
4.668781757354736	4.615421295166016	0.0533604621887207
4.390990734100342	4.059619426727295	0.3313713073730469
4.694638729095459	4.619434833526611	0.07520389556884766
4.575417995452881	4.4727349281311035	0.10268306732177734
4.428439617156982	4.410025119781494	0.01841449737548828
4.547064781188965	4.564413070678711	-0.017348289489746094
4.698827266693115	4.732818603515625	-0.033991336822509766
4.900169849395752	4.936817646026611	-0.036647796630859375
4.401411533355713	4.128810405731201	0.2726011276245117
4.738857746124268	4.706736087799072	0.03212165832519531
4.587353229522705	4.340301990509033	0.24705123901367188
4.5271897315979	4.404298305511475	0.12289142608642578
4.637123107910156	4.662069320678711	-0.024946212768554688
4.584721088409424	4.525976657867432	0.05874443054199219
4.472278118133545	4.4219231605529785	0.050354957580566406
4.632883548736572	4.609927177429199	0.022956371307373047
4.217210292816162	4.137038230895996	0.08017206192016602
4.716655731201172	4.765010833740234	-0.0483551025390625
4.750306129455566	4.636971950531006	0.11333417892456055
4.458924293518066	4.3774189949035645	0.08150529861450195
4.4462361335754395	4.374722003936768	0.07151412963867188
4.447563648223877	4.164198398590088	0.28336524963378906
4.842519283294678	4.8310866355896	0.011432647705078125
4.4808878898620605	4.34210205078125	0.13878583908081055
4.752315044403076	4.7720561027526855	-0.019741058349609375
4.422452449798584	4.397740840911865	0.02471160888671875
4.495385646820068	4.283311367034912	0.21207427978515625
4.77122163772583	4.735089302062988	0.0361323356628418
4.515942573547363	4.486044883728027	0.029897689819335938
4.413244247436523	4.459880828857422	-0.04663658142089844
4.660938739776611	4.707289695739746	-0.046350955963134766
4.4218621253967285	4.255239963531494	0.16662216186523438
4.636338233947754	4.663149356842041	-0.02681112289428711
4.410851001739502	4.276864051818848	0.1339869499206543
4.609130382537842	4.540309906005859	0.06882047653198242
4.443413734436035	4.099575519561768	0.3438382148742676
4.822944641113281	4.789741516113281	0.033203125
4.683769226074219	4.596597194671631	0.08717203140258789
4.564723491668701	4.667633056640625	-0.10290956497192383
4.619271278381348	4.455464839935303	0.16380643844604492
4.554999828338623	4.4725446701049805	0.08245515823364258
4.564207553863525	4.551411151885986	0.012796401977539062
4.582259654998779	4.645018100738525	-0.0627584457397461
4.778905868530273	4.813330173492432	-0.0344243049621582
4.682868480682373	4.659042835235596	0.023825645446777344
4.873507499694824	4.899528503417969	-0.02602100372314453
4.745248794555664	4.663748264312744	0.08150053024291992
4.677964210510254	4.655735492706299	0.022228717803955078
4.191354751586914	4.15498161315918	0.036373138427734375
4.785134315490723	4.748239040374756	0.0368952751159668
4.473571300506592	4.262368679046631	0.21120262145996094
4.738454341888428	4.715117931365967	0.023336410522460938
4.625308990478516	4.546623706817627	0.07868528366088867
4.31024694442749	4.304563045501709	0.00568389892578125
4.178153038024902	4.085818767547607	0.09233427047729492
4.634637832641602	4.684916019439697	-0.0502781867980957
4.633310317993164	4.589634418487549	0.043675899505615234
4.797155857086182	4.807774066925049	-0.010618209838867188
4.477452278137207	4.484278678894043	-0.0068264007568359375
4.340418815612793	4.22194242477417	0.11847639083862305
4.360123157501221	4.238077640533447	0.12204551696777344
4.758916854858398	4.772275447845459	-0.013358592987060547
4.216731548309326	4.171901702880859	0.0448298454284668
4.349085807800293	4.374356746673584	-0.025270938873291016
4.758840084075928	4.573301315307617	0.18553876876831055
4.562503337860107	4.512751579284668	0.04975175857543945
4.867943286895752	4.869418144226074	-0.0014748573303222656
4.816400051116943	4.843006610870361	-0.02660655975341797
4.551959991455078	4.305963039398193	0.24599695205688477
4.4873528480529785	4.455955505371094	0.031397342681884766
4.52982759475708	4.6045823097229	-0.07475471496582031
4.68292236328125	4.627683639526367	0.05523872375488281
4.407913684844971	4.0862717628479	0.3216419219970703
4.556010723114014	4.509627819061279	0.046382904052734375
4.243828296661377	4.237358570098877	0.0064697265625
4.54872465133667	4.4712018966674805	0.07752275466918945
4.564544677734375	4.608922481536865	-0.044377803802490234
4.597595691680908	4.594912052154541	0.0026836395263671875
4.523921489715576	4.509677410125732	0.01424407958984375
4.653228282928467	4.651995658874512	0.0012326240539550781
4.701080799102783	4.7000732421875	0.0010075569152832031
4.475513935089111	4.52468729019165	-0.04917335510253906
4.511119842529297	4.568818092346191	-0.05769824981689453
4.546907901763916	4.380181312561035	0.16672658920288086
4.509324073791504	4.475811958312988	0.033512115478515625
4.842647552490234	4.889039516448975	-0.046391963958740234
4.58123779296875	4.551180362701416	0.030057430267333984
4.660012245178223	4.5998945236206055	0.06011772155761719
4.389385223388672	4.323160171508789	0.06622505187988281
4.157744884490967	4.093716144561768	0.06402873992919922
4.626260280609131	4.61622953414917	0.010030746459960938
4.688691139221191	4.769288063049316	-0.080596923828125
4.547762393951416	4.504103183746338	0.043659210205078125
4.826217174530029	4.880767822265625	-0.0545506477355957
4.1761579513549805	4.127936840057373	0.04822111129760742
4.732983589172363	4.745910167694092	-0.012926578521728516
4.674075126647949	4.6785712242126465	-0.004496097564697266
4.552816867828369	4.5593061447143555	-0.006489276885986328
4.102921009063721	4.113997459411621	-0.01107645034790039
4.67509126663208	4.70133638381958	-0.0262451171875
4.498181343078613	4.42848539352417	0.06969594955444336
4.753602504730225	4.791769027709961	-0.03816652297973633
4.194331645965576	4.201416015625	-0.007084369659423828
4.456180572509766	4.42925500869751	0.02692556381225586
4.598165035247803	4.564527988433838	0.033637046813964844
4.8474955558776855	4.830831527709961	0.01666402816772461
4.405217170715332	4.328261375427246	0.07695579528808594
4.338891983032227	4.316500663757324	0.022391319274902344
4.3259663581848145	4.284425735473633	0.04154062271118164
4.506665229797363	4.563758373260498	-0.057093143463134766
4.638121128082275	4.6521220207214355	-0.014000892639160156
4.716699600219727	4.6237688064575195	0.09293079376220703
4.503757476806641	4.485476493835449	0.018280982971191406
4.487733840942383	4.438177108764648	0.049556732177734375
4.463185787200928	4.40857458114624	0.0546112060546875
4.736307621002197	4.744616508483887	-0.008308887481689453
4.638401985168457	4.624022006988525	0.01437997817993164
4.742740631103516	4.781215667724609	-0.03847503662109375
4.496546745300293	4.227118492126465	0.2694282531738281
4.728551387786865	4.643599510192871	0.08495187759399414
4.708089351654053	4.709285259246826	-0.0011959075927734375
4.476929187774658	4.411047458648682	0.06588172912597656
4.615213871002197	4.593441009521484	0.02177286148071289
4.680893421173096	4.691620349884033	-0.0107269287109375
4.64309549331665	4.646326065063477	-0.003230571746826172
4.485897064208984	4.548797607421875	-0.06290054321289062
4.5295023918151855	4.465726375579834	0.06377601623535156
4.09613561630249	3.844726800918579	0.25140881538391113
4.580893516540527	4.585995197296143	-0.005101680755615234
4.545547962188721	4.553471088409424	-0.007923126220703125
4.775091648101807	4.533072471618652	0.2420191764831543
4.502989292144775	4.541454315185547	-0.038465023040771484
4.709367275238037	4.764379978179932	-0.05501270294189453
4.484899520874023	4.502333164215088	-0.017433643341064453
4.734438896179199	4.717878818511963	0.016560077667236328
4.724679946899414	4.660041809082031	0.06463813781738281
4.501333236694336	4.443979263305664	0.057353973388671875
4.553154468536377	4.515328884124756	0.037825584411621094
4.634407997131348	4.6247878074646	0.009620189666748047
4.490723609924316	4.443924903869629	0.0467987060546875
4.538402557373047	4.467007160186768	0.0713953971862793
4.672207832336426	4.675469875335693	-0.003262042999267578
4.6481523513793945	4.665695667266846	-0.017543315887451172
4.697329998016357	4.565748691558838	0.13158130645751953
4.457742691040039	4.4893574714660645	-0.03161478042602539
4.867773532867432	4.865207672119141	0.0025658607482910156
4.595864772796631	4.469203472137451	0.1266613006591797
4.235137939453125	4.232863903045654	0.002274036407470703
4.5738067626953125	4.522751331329346	0.0510554313659668
4.31747579574585	4.346890926361084	-0.029415130615234375
4.663890361785889	4.699758529663086	-0.035868167877197266
4.71644926071167	4.747978210449219	-0.03152894973754883
4.9008965492248535	4.839251518249512	0.0616450309753418
4.513404846191406	4.5942606925964355	-0.0808558464050293
4.646103858947754	4.682713985443115	-0.03661012649536133
4.358926773071289	4.269160270690918	0.0897665023803711
4.767746448516846	4.7393341064453125	0.028412342071533203
4.729936122894287	4.759247303009033	-0.029311180114746094
4.81804084777832	4.84299898147583	-0.024958133697509766
4.446037769317627	4.397192478179932	0.04884529113769531
4.374703884124756	4.426905155181885	-0.052201271057128906
4.187124729156494	4.102782249450684	0.08434247970581055
4.303863048553467	4.286221504211426	0.017641544342041016
4.600159645080566	4.311262607574463	0.2888970375061035
4.673794269561768	4.741308689117432	-0.06751441955566406
4.648375988006592	4.47980260848999	0.16857337951660156
4.529632091522217	4.540543079376221	-0.010910987854003906
4.641111850738525	4.6397809982299805	0.0013308525085449219
4.583656311035156	4.551010608673096	0.03264570236206055
4.75398063659668	4.784045219421387	-0.03006458282470703
4.388087749481201	4.151437282562256	0.2366504669189453
4.4924702644348145	4.536140441894531	-0.0436701774597168
4.6833624839782715	4.511370658874512	0.17199182510375977
4.515927314758301	4.4477763175964355	0.06815099716186523
4.683840751647949	4.651901721954346	0.031939029693603516
4.49534273147583	4.6439948081970215	-0.1486520767211914
4.796481132507324	4.791313171386719	0.005167961120605469
4.44170618057251	4.516200065612793	-0.0744938850402832
4.626417636871338	4.671388149261475	-0.04497051239013672
4.317134857177734	4.226530075073242	0.09060478210449219
4.551304340362549	4.5726447105407715	-0.021340370178222656
4.427150249481201	4.3438801765441895	0.08327007293701172
4.8713202476501465	4.875224590301514	-0.0039043426513671875
4.404853343963623	4.450262069702148	-0.04540872573852539
4.715731143951416	4.755131244659424	-0.03940010070800781
4.733520984649658	4.780889987945557	-0.04736900329589844
4.474271774291992	4.565258026123047	-0.09098625183105469
4.758279800415039	4.69281530380249	0.06546449661254883
4.470176696777344	4.34501838684082	0.12515830993652344
4.325789928436279	4.337372779846191	-0.01158285140991211
4.729866027832031	4.727171421051025	0.0026946067810058594
4.388448238372803	4.395755290985107	-0.0073070526123046875
4.796596050262451	4.742332935333252	0.05426311492919922
4.492687702178955	4.401944637298584	0.0907430648803711
4.821394443511963	4.802910804748535	0.018483638763427734
4.8957319259643555	4.891332149505615	0.004399776458740234
4.8060431480407715	4.824503421783447	-0.01846027374267578
4.821105003356934	4.791168212890625	0.029936790466308594
4.339387893676758	4.355265140533447	-0.015877246856689453
4.583721160888672	4.358907222747803	0.22481393814086914
4.463083267211914	4.3473381996154785	0.11574506759643555
4.677340984344482	4.603091239929199	0.0742497444152832
4.792750835418701	4.676846027374268	0.1159048080444336
4.503331661224365	4.535489082336426	-0.03215742111206055
4.771766185760498	4.780902862548828	-0.009136676788330078
4.682243347167969	4.61730432510376	0.06493902206420898
4.555346488952637	4.494851589202881	0.06049489974975586
4.864147663116455	4.874510288238525	-0.010362625122070312
4.468447685241699	4.37990140914917	0.0885462760925293
4.834724426269531	4.845973491668701	-0.011249065399169922
4.786611557006836	4.730120658874512	0.05649089813232422
4.610462665557861	4.383284091949463	0.22717857360839844
4.562855243682861	4.543339729309082	0.019515514373779297
4.689047813415527	4.67080020904541	0.018247604370117188
4.579617977142334	4.575136661529541	0.004481315612792969
4.4399518966674805	4.4262309074401855	0.013720989227294922
4.233135223388672	4.295847415924072	-0.06271219253540039
4.313930988311768	4.237367630004883	0.07656335830688477
4.542026042938232	4.603457927703857	-0.061431884765625
4.6062235832214355	4.403399467468262	0.20282411575317383
4.629049301147461	4.497957706451416	0.13109159469604492
4.7409491539001465	4.72141170501709	0.01953744888305664
4.563477039337158	4.5919013023376465	-0.02842426300048828
4.644711017608643	4.4940361976623535	0.15067481994628906
4.845648765563965	4.892608165740967	-0.04695940017700195
4.400885105133057	4.32234525680542	0.07853984832763672
4.572167873382568	4.39759635925293	0.17457151412963867
4.376539707183838	4.328347206115723	0.048192501068115234
4.729513645172119	4.777233600616455	-0.04771995544433594
4.854498863220215	4.853736400604248	0.0007624626159667969
4.3333659172058105	4.310637950897217	0.02272796630859375
4.805009841918945	4.77447509765625	0.030534744262695312
4.4725751876831055	4.151553153991699	0.32102203369140625
4.682193279266357	4.6788530349731445	0.0033402442932128906
4.371671199798584	4.360045909881592	0.011625289916992188
4.529552936553955	4.577103614807129	-0.04755067825317383
4.636683940887451	4.5099310874938965	0.1267528533935547
4.514463424682617	4.433279514312744	0.08118391036987305
4.214616775512695	4.222230911254883	-0.0076141357421875
4.600083351135254	4.538187026977539	0.061896324157714844
4.630402565002441	4.707717418670654	-0.07731485366821289
4.557515621185303	4.508941650390625	0.048573970794677734
4.5748772621154785	4.535157680511475	0.039719581604003906
4.394243240356445	4.273746490478516	0.12049674987792969
4.548408031463623	4.54603910446167	0.002368927001953125
4.827261447906494	4.880677700042725	-0.05341625213623047
4.40030574798584	4.231404781341553	0.1689009666442871
4.69790506362915	4.597349643707275	0.100555419921875
4.6441779136657715	4.638569355010986	0.005608558654785156
4.811357498168945	4.805613040924072	0.005744457244873047
4.7007575035095215	4.658059597015381	0.042697906494140625
4.728643894195557	4.738651275634766	-0.010007381439208984
4.6541748046875	4.6775007247924805	-0.02332592010498047
4.718582630157471	4.684523105621338	0.03405952453613281
4.548034191131592	4.632081031799316	-0.08404684066772461
4.745905876159668	4.752068519592285	-0.0061626434326171875
4.67221736907959	4.683942794799805	-0.011725425720214844
4.6664958000183105	4.712087631225586	-0.04559183120727539
4.432105541229248	4.3903632164001465	0.04174232482910156
4.585062026977539	4.640993118286133	-0.05593109130859375
4.705299377441406	4.711440086364746	-0.006140708923339844
4.624621391296387	4.601900100708008	0.022721290588378906
4.743328094482422	4.673524856567383	0.06980323791503906
4.8326497077941895	4.855588912963867	-0.022939205169677734
4.2927398681640625	3.996249198913574	0.2964906692504883
4.528632164001465	4.516220569610596	0.01241159439086914
4.751394748687744	4.7469682693481445	0.004426479339599609
4.711563587188721	4.655569553375244	0.05599403381347656
4.608494281768799	4.452620983123779	0.15587329864501953
4.4420695304870605	4.484632968902588	-0.042563438415527344
4.4416399002075195	4.419872283935547	0.021767616271972656
4.395328998565674	4.3377156257629395	0.057613372802734375
4.585379123687744	4.632161617279053	-0.046782493591308594
4.586042404174805	4.564507484436035	0.02153491973876953
4.734038352966309	4.7415642738342285	-0.007525920867919922
4.249299049377441	4.012691497802734	0.23660755157470703
4.617623329162598	4.412649631500244	0.20497369766235352
4.517960071563721	4.4939422607421875	0.024017810821533203
4.412771701812744	4.451901912689209	-0.039130210876464844
4.551247596740723	4.472419738769531	0.0788278579711914
4.452696323394775	4.4338698387146	0.01882648468017578
4.59242582321167	4.516005039215088	0.07642078399658203
4.717487812042236	4.772219657897949	-0.05473184585571289
4.459896087646484	4.4919610023498535	-0.03206491470336914
4.6664204597473145	4.699881553649902	-0.03346109390258789
4.531078338623047	4.4132981300354	0.11778020858764648
4.381460666656494	4.332365036010742	0.04909563064575195
4.524394512176514	4.494149208068848	0.030245304107666016
4.885834217071533	4.89936637878418	-0.013532161712646484
4.705514430999756	4.609141826629639	0.09637260437011719
4.763823509216309	4.73816442489624	0.02565908432006836
4.714847087860107	4.7101826667785645	0.004664421081542969
4.355988502502441	4.39782190322876	-0.04183340072631836
4.680103302001953	4.746555805206299	-0.0664525032043457
4.558175563812256	4.491685390472412	0.06649017333984375
4.79219388961792	4.876433849334717	-0.08423995971679688
4.845816612243652	4.859217166900635	-0.013400554656982422
4.570626735687256	4.361260890960693	0.2093658447265625
4.475505352020264	4.442622661590576	0.0328826904296875
4.57331657409668	4.640296936035156	-0.06698036193847656
4.454145431518555	4.384340763092041	0.06980466842651367
4.446355819702148	4.41296911239624	0.0333867073059082
4.444431781768799	4.513944625854492	-0.06951284408569336
4.848477840423584	4.85396671295166	-0.005488872528076172
4.698062896728516	4.693695545196533	0.004367351531982422
4.439442157745361	4.245489597320557	0.1939525604248047
4.724855422973633	4.744923114776611	-0.020067691802978516
4.751434326171875	4.766971111297607	-0.015536785125732422
4.551595211029053	4.560781002044678	-0.009185791015625
4.7392706871032715	4.738986492156982	0.0002841949462890625
4.3919830322265625	4.354029178619385	0.037953853607177734
4.7496209144592285	4.691595554351807	0.058025360107421875
4.186830520629883	4.213323593139648	-0.026493072509765625
4.7222900390625	4.690271377563477	0.03201866149902344
4.647700309753418	4.645349502563477	0.0023508071899414062
4.650498390197754	4.652970314025879	-0.002471923828125
4.7168707847595215	4.77122688293457	-0.05435609817504883
4.507690906524658	4.417914390563965	0.08977651596069336
4.359044551849365	4.322201251983643	0.036843299865722656
4.401491641998291	4.370331764221191	0.03115987777709961
4.56506872177124	4.480166912078857	0.08490180969238281
4.82199239730835	4.838629245758057	-0.01663684844970703
4.569360256195068	4.53276252746582	0.03659772872924805
4.776836395263672	4.795071601867676	-0.018235206604003906
4.415943145751953	4.40022611618042	0.015717029571533203
4.253170490264893	4.094573020935059	0.15859746932983398
4.197094917297363	4.097278594970703	0.09981632232666016
4.350576400756836	4.402261257171631	-0.05168485641479492
4.579307556152344	4.434256076812744	0.1450514793395996
4.443813800811768	4.513153553009033	-0.06933975219726562
4.833797454833984	4.830801963806152	0.0029954910278320312
4.438525199890137	4.423519611358643	0.01500558853149414
4.851041316986084	4.8320207595825195	0.019020557403564453
4.687357425689697	4.542236804962158	0.14512062072753906
4.6812825202941895	4.638544082641602	0.04273843765258789
4.518910884857178	4.3921217918396	0.12678909301757812
4.5911641120910645	4.635380268096924	-0.044216156005859375
4.439158916473389	4.204521179199219	0.23463773727416992
4.1334919929504395	4.101693630218506	0.031798362731933594
4.648281097412109	4.56577730178833	0.0825037956237793
4.752281188964844	4.708467483520508	0.04381370544433594
4.605387210845947	4.554991722106934	0.05039548873901367
4.702164173126221	4.723094463348389	-0.02093029022216797
4.508429050445557	4.4292073249816895	0.07922172546386719
4.511972904205322	4.439644813537598	0.07232809066772461
4.333406448364258	4.451089859008789	-0.11768341064453125
4.670403957366943	4.632413387298584	0.037990570068359375
4.575793743133545	4.541746616363525	0.03404712677001953
4.875657081604004	4.890951633453369	-0.015294551849365234
4.534895420074463	4.533376216888428	0.0015192031860351562
4.56864070892334	4.537335395812988	0.03130531311035156
4.696990013122559	4.575605869293213	0.1213841438293457
4.462920188903809	4.4767069816589355	-0.013786792755126953
4.636715412139893	4.6555657386779785	-0.018850326538085938
4.567622661590576	4.620121479034424	-0.052498817443847656
4.3886399269104	4.443833827972412	-0.05519390106201172
4.686173915863037	4.62266731262207	0.0635066032409668
4.834199905395508	4.7953996658325195	0.03880023956298828
4.6458916664123535	4.596071720123291	0.0498199462890625
4.519633769989014	4.452966213226318	0.06666755676269531
4.650914669036865	4.554549694061279	0.09636497497558594
4.218495845794678	4.102753162384033	0.11574268341064453
4.599505424499512	4.610611915588379	-0.011106491088867188
4.397105693817139	4.44745397567749	-0.05034828186035156
4.85774564743042	4.9361982345581055	-0.07845258712768555
4.6549811363220215	4.688537120819092	-0.03355598449707031
4.613746166229248	4.568605899810791	0.04514026641845703
4.831162929534912	4.804261684417725	0.0269012451171875
4.111299991607666	3.9766273498535156	0.1346726417541504
4.5870561599731445	4.632349491119385	-0.045293331146240234
4.66813325881958	4.428372859954834	0.2397603988647461
4.453148365020752	4.458241939544678	-0.005093574523925781
4.442107677459717	4.378306865692139	0.06380081176757812
4.688944339752197	4.638503551483154	0.05044078826904297
4.414618492126465	4.2688751220703125	0.14574337005615234
4.70764684677124	4.756852626800537	-0.049205780029296875
4.568629741668701	4.4902729988098145	0.07835674285888672
4.579100131988525	4.545311450958252	0.03378868103027344
4.74210262298584	4.616739749908447	0.12536287307739258
4.412808895111084	4.445943832397461	-0.03313493728637695
4.663440227508545	4.66777229309082	-0.004332065582275391
4.62724494934082	4.617120265960693	0.010124683380126953
4.649861812591553	4.532782554626465	0.11707925796508789
4.758232593536377	4.731203556060791	0.027029037475585938
4.699557781219482	4.108998775482178	0.5905590057373047
4.561686992645264	4.464756011962891	0.09693098068237305
4.881470680236816	4.8938751220703125	-0.012404441833496094
4.43463659286499	4.351052284240723	0.08358430862426758
4.728572845458984	4.7360944747924805	-0.007521629333496094
4.750208854675293	4.677351474761963	0.07285737991333008
4.687991619110107	4.542274475097656	0.14571714401245117
4.5858988761901855	4.4573493003845215	0.12854957580566406
4.3006696701049805	4.1534318923950195	0.14723777770996094
4.749781131744385	4.665050506591797	0.08473062515258789
4.535787105560303	4.53262996673584	0.0031571388244628906
4.5593438148498535	4.5240654945373535	0.0352783203125
4.770738124847412	4.762472152709961	0.008265972137451172
4.627007484436035	4.637933731079102	-0.010926246643066406
4.335266590118408	4.352829456329346	-0.0175628662109375
4.722552299499512	4.7899017333984375	-0.06734943389892578
4.613846778869629	4.5253682136535645	0.08847856521606445
4.314977169036865	4.028160572052002	0.2868165969848633
4.608519077301025	4.588500499725342	0.020018577575683594
4.752085208892822	4.703202724456787	0.048882484436035156
4.437633037567139	4.437458515167236	0.00017452239990234375
4.566726207733154	4.569063186645508	-0.0023369789123535156
4.342563629150391	4.278597354888916	0.06396627426147461
4.653334140777588	4.697039604187012	-0.04370546340942383
4.819355010986328	4.787083148956299	0.0322718620300293
4.308312892913818	4.298154830932617	0.010158061981201172
4.734286785125732	4.703240871429443	0.031045913696289062
4.324565887451172	4.273926258087158	0.05063962936401367
4.6379289627075195	4.58758020401001	0.050348758697509766
4.619827747344971	4.6038103103637695	0.016017436981201172
4.616478443145752	4.648763179779053	-0.03228473663330078
4.279428958892822	4.140779972076416	0.13864898681640625
4.468023300170898	4.491713523864746	-0.023690223693847656
4.4741363525390625	4.535032272338867	-0.06089591979980469
4.750088214874268	4.774294376373291	-0.024206161499023438
4.378170013427734	4.334249496459961	0.04392051696777344
4.5458149909973145	4.5543389320373535	-0.008523941040039062
4.616730690002441	4.514794826507568	0.10193586349487305
4.6614556312561035	4.631436824798584	0.03001880645751953
4.541232585906982	4.461630344390869	0.07960224151611328
4.630064010620117	4.5992751121521	0.030788898468017578
4.670988082885742	4.656760215759277	0.014227867126464844
4.693940162658691	4.6606364250183105	0.03330373764038086
4.522074222564697	4.489818096160889	0.032256126403808594
4.704768180847168	4.720122337341309	-0.015354156494140625
4.618525505065918	4.061159133911133	0.5573663711547852
4.4723052978515625	4.526708126068115	-0.054402828216552734
4.262319564819336	4.219288349151611	0.04303121566772461
4.664843559265137	4.6689629554748535	-0.004119396209716797
4.527276039123535	4.517516136169434	0.009759902954101562
4.671474456787109	4.547825336456299	0.12364912033081055
4.8017473220825195	4.786191463470459	0.015555858612060547
4.588067531585693	4.501160621643066	0.08690690994262695
4.555274486541748	4.418610095977783	0.13666439056396484
4.2577948570251465	4.255996227264404	0.0017986297607421875
4.657716751098633	4.535484313964844	0.12223243713378906
4.772379398345947	4.776899814605713	-0.004520416259765625
4.699051380157471	4.765949726104736	-0.06689834594726562
4.49172306060791	4.484978199005127	0.006744861602783203
4.604863166809082	4.468900680541992	0.13596248626708984
4.607760906219482	4.575668811798096	0.03209209442138672
4.809782028198242	4.854272365570068	-0.04449033737182617
4.859015941619873	4.852875709533691	0.006140232086181641
4.537402153015137	4.581167697906494	-0.04376554489135742
4.544252872467041	4.3915791511535645	0.15267372131347656
4.583539962768555	4.676070690155029	-0.09253072738647461
4.619888782501221	4.6911444664001465	-0.07125568389892578
4.247204303741455	4.1718244552612305	0.07537984848022461
4.702620983123779	4.785192489624023	-0.08257150650024414
4.725951671600342	4.478034019470215	0.24791765213012695
4.128406524658203	3.96940279006958	0.15900373458862305
4.570484161376953	4.523845672607422	0.04663848876953125
4.749074459075928	4.68561315536499	0.0634613037109375
4.29315710067749	4.204989433288574	0.08816766738891602
4.527785778045654	4.567467212677002	-0.039681434631347656
4.324045181274414	4.385221481323242	-0.061176300048828125
4.703141212463379	4.660274982452393	0.04286623001098633
4.564398765563965	4.56488561630249	-0.0004868507385253906
4.814263343811035	4.803104877471924	0.011158466339111328
4.346805095672607	4.243868827819824	0.1029362678527832
4.480619430541992	4.526519775390625	-0.04590034484863281
3.8700509071350098	3.935349464416504	-0.06529855728149414
4.583287715911865	4.594233512878418	-0.010945796966552734
4.340510845184326	4.278745174407959	0.06176567077636719
4.65843391418457	4.644646167755127	0.01378774642944336
4.561586380004883	4.430485725402832	0.13110065460205078
4.439146041870117	4.382997989654541	0.05614805221557617
4.626164436340332	4.681488990783691	-0.055324554443359375
4.5280890464782715	4.4502339363098145	0.07785511016845703
4.871254920959473	4.860680103302002	0.010574817657470703
4.381216049194336	4.485510349273682	-0.1042943000793457
4.597845077514648	4.534307956695557	0.0635371208190918
4.3382368087768555	4.298916339874268	0.03932046890258789
4.858449459075928	4.873476028442383	-0.015026569366455078
4.5396952629089355	4.389834880828857	0.14986038208007812
4.578030586242676	4.568754196166992	0.009276390075683594
4.7080979347229	4.74898099899292	-0.04088306427001953
4.483251094818115	4.436435222625732	0.04681587219238281
4.51598596572876	4.601985454559326	-0.0859994888305664
4.39896821975708	4.457305431365967	-0.05833721160888672
4.344675540924072	4.389466762542725	-0.044791221618652344
4.741124153137207	4.691074848175049	0.0500493049621582
4.568403720855713	4.565361499786377	0.0030422210693359375
4.763179779052734	4.780379295349121	-0.01719951629638672
4.796518325805664	4.826026439666748	-0.029508113861083984
4.404786109924316	4.3972086906433105	0.007577419281005859
4.696987628936768	4.7239460945129395	-0.026958465576171875
4.56962251663208	4.595745086669922	-0.026122570037841797
4.828708648681641	4.876978397369385	-0.04826974868774414
4.187677383422852	4.088197231292725	0.09948015213012695
4.666069507598877	4.815531253814697	-0.1494617462158203
4.756096839904785	4.686268329620361	0.06982851028442383
4.527068138122559	4.503541469573975	0.023526668548583984
4.39772367477417	4.384028434753418	0.013695240020751953
4.698303699493408	4.781350135803223	-0.08304643630981445
4.530550479888916	4.615982532501221	-0.08543205261230469
4.603762149810791	4.236578464508057	0.3671836853027344
4.827930927276611	4.863759517669678	-0.035828590393066406
4.4656829833984375	4.313480377197266	0.15220260620117188
4.3578782081604	4.326854705810547	0.031023502349853516
4.611801624298096	4.630729675292969	-0.018928050994873047
4.343564033508301	4.251784324645996	0.09177970886230469
4.427534103393555	4.471860408782959	-0.0443263053894043
4.718918323516846	4.6343793869018555	0.08453893661499023
4.701663017272949	4.723933219909668	-0.02227020263671875
4.2876505851745605	4.176431655883789	0.11121892929077148
4.064833164215088	3.9091124534606934	0.15572071075439453
4.3706231117248535	4.291678428649902	0.07894468307495117
4.643698215484619	4.461741924285889	0.18195629119873047
4.675992012023926	4.57867431640625	0.09731769561767578
4.797606945037842	4.711362361907959	0.08624458312988281
4.586666584014893	4.535499095916748	0.05116748809814453
4.798163890838623	4.803436756134033	-0.005272865295410156
4.698150157928467	4.666901588439941	0.03124856948852539
4.767225742340088	4.740937232971191	0.026288509368896484
4.683178424835205	4.439632892608643	0.2435455322265625
4.707060813903809	4.7725090980529785	-0.06544828414916992
4.707096099853516	4.694212436676025	0.012883663177490234
4.663218975067139	4.732907295227051	-0.06968832015991211
4.620690822601318	4.519872188568115	0.10081863403320312
4.696430683135986	4.746734142303467	-0.05030345916748047
4.52130126953125	4.465548992156982	0.05575227737426758
4.459564685821533	4.45581579208374	0.0037488937377929688
4.764909744262695	4.721474647521973	0.043435096740722656
4.861269950866699	4.8593292236328125	0.0019407272338867188
4.453601360321045	4.366209983825684	0.08739137649536133
4.686767101287842	4.596188545227051	0.09057855606079102
4.668579578399658	4.56933069229126	0.09924888610839844
4.303003787994385	4.335018157958984	-0.03201436996459961
4.771928310394287	4.7716240882873535	0.00030422210693359375
4.57283878326416	4.618240833282471	-0.04540205001831055
4.7425150871276855	4.743715763092041	-0.0012006759643554688
4.435789585113525	4.361341953277588	0.0744476318359375
4.74808931350708	4.75644588470459	-0.008356571197509766
4.5471978187561035	4.514615535736084	0.03258228302001953
4.676980018615723	4.74129056930542	-0.06431055068969727
4.823832988739014	4.786496639251709	0.03733634948730469
4.489165782928467	4.515901565551758	-0.026735782623291016
4.5465264320373535	4.674919605255127	-0.12839317321777344
4.710852146148682	4.7104620933532715	0.00039005279541015625
4.880158424377441	4.882750034332275	-0.0025916099548339844
4.716314315795898	4.705809116363525	0.010505199432373047
4.69613790512085	4.682278156280518	0.013859748840332031
4.639899730682373	4.734260559082031	-0.0943608283996582
4.407146453857422	4.451120376586914	-0.04397392272949219
4.6962361335754395	4.711050510406494	-0.014814376831054688
4.437960624694824	4.321970462799072	0.11599016189575195
4.719493865966797	4.681773662567139	0.0377202033996582
4.685182571411133	4.6050705909729	0.08011198043823242
4.509512901306152	4.2245001792907715	0.28501272201538086
4.656951427459717	4.676565170288086	-0.01961374282836914
4.077828884124756	3.8777124881744385	0.20011639595031738
4.855918884277344	4.860588550567627	-0.004669666290283203
4.249346733093262	4.114990234375	0.13435649871826172
4.7183613777160645	4.672242641448975	0.046118736267089844
4.818362236022949	4.91813325881958	-0.09977102279663086
4.433989524841309	4.405569553375244	0.028419971466064453
4.774106025695801	4.779611110687256	-0.005505084991455078
4.578179359436035	4.4922285079956055	0.08595085144042969
4.8986897468566895	4.89055061340332	0.00813913345336914
4.503725528717041	4.3814826011657715	0.12224292755126953
4.72163724899292	4.709660053253174	0.011977195739746094
4.912565231323242	4.913438320159912	-0.0008730888366699219
4.486763954162598	4.445767879486084	0.04099607467651367
4.5769429206848145	4.534660339355469	0.0422825813293457
4.398027420043945	4.338905334472656	0.05912208557128906
4.529799461364746	4.472258567810059	0.0575408935546875
4.2587127685546875	4.196563243865967	0.0621495246887207
4.547607898712158	4.501682281494141	0.04592561721801758
4.572988510131836	4.50123929977417	0.07174921035766602
