4.457108974456787	4.387506484985352	0.06960248947143555
4.739807605743408	4.66887092590332	0.07093667984008789
4.632411479949951	4.651928424835205	-0.019516944885253906
4.40709924697876	4.432239055633545	-0.025139808654785156
4.683887958526611	4.627532958984375	0.05635499954223633
4.800623416900635	4.7660675048828125	0.034555912017822266
4.4870758056640625	4.497534275054932	-0.01045846939086914
4.6837358474731445	4.59430456161499	0.0894312858581543
4.6576247215271	4.652862071990967	0.0047626495361328125
4.608943462371826	4.3776936531066895	0.23124980926513672
4.697450160980225	4.69899320602417	-0.0015430450439453125
4.594161510467529	4.5504865646362305	0.04367494583129883
4.591501712799072	4.541247844696045	0.050253868103027344
4.6738362312316895	4.660277366638184	0.01355886459350586
4.4285807609558105	4.292868137359619	0.1357126235961914
4.782835483551025	4.745620250701904	0.037215232849121094
4.6593337059021	4.539116382598877	0.12021732330322266
4.672885417938232	4.629213809967041	0.043671607971191406
4.524939060211182	4.484066963195801	0.04087209701538086
4.661275386810303	4.648087978363037	0.013187408447265625
4.737818717956543	4.72865629196167	0.009162425994873047
4.649914741516113	4.691067218780518	-0.0411524772644043
4.718746185302734	4.704635143280029	0.014111042022705078
4.621114253997803	4.636834621429443	-0.015720367431640625
4.658550262451172	4.649563789367676	0.008986473083496094
4.760778903961182	4.735198020935059	0.025580883026123047
4.501773357391357	4.457790851593018	0.043982505798339844
4.721921443939209	4.646773815155029	0.07514762878417969
4.70648193359375	4.636119365692139	0.07036256790161133
4.511393070220947	4.481081008911133	0.030312061309814453
4.631921768188477	4.618310928344727	0.01361083984375
4.358138561248779	4.342350482940674	0.01578807830810547
4.640201568603516	4.633858680725098	0.006342887878417969
4.7766618728637695	4.7344136238098145	0.04224824905395508
4.317325115203857	4.3482561111450195	-0.03093099594116211
4.468016624450684	4.515130996704102	-0.04711437225341797
4.568334102630615	4.563438415527344	0.004895687103271484
4.8499979972839355	4.855607986450195	-0.005609989166259766
4.4645256996154785	4.35226583480835	0.1122598648071289
4.590625762939453	4.52277946472168	0.06784629821777344
4.4475178718566895	4.415731906890869	0.03178596496582031
4.428144931793213	4.429471969604492	-0.0013270378112792969
4.795365810394287	4.7642717361450195	0.031094074249267578
4.473145484924316	4.365499973297119	0.10764551162719727
4.506563186645508	4.508114337921143	-0.0015511512756347656
4.700642108917236	4.73561429977417	-0.034972190856933594
4.336912631988525	4.288277626037598	0.048635005950927734
4.816094875335693	4.739680767059326	0.07641410827636719
4.731176853179932	4.695565700531006	0.03561115264892578
4.721704959869385	4.7059173583984375	0.015787601470947266
4.510983943939209	4.38966703414917	0.12131690979003906
4.515961647033691	4.512002468109131	0.003959178924560547
4.665309906005859	4.637912273406982	0.027397632598876953
4.449117183685303	4.354689121246338	0.09442806243896484
4.538622856140137	4.5291924476623535	0.009430408477783203
4.809871673583984	4.782477378845215	0.02739429473876953
4.410428524017334	4.375295162200928	0.03513336181640625
4.4086689949035645	4.373189926147461	0.035479068756103516
4.678971767425537	4.64785099029541	0.031120777130126953
4.574945449829102	4.568867206573486	0.006078243255615234
4.720908164978027	4.727845191955566	-0.0069370269775390625
4.7294158935546875	4.742647647857666	-0.013231754302978516
4.638184070587158	4.6345133781433105	0.0036706924438476562
4.877898693084717	4.83565092086792	0.042247772216796875
4.901172161102295	4.86944580078125	0.03172636032104492
4.5721116065979	4.581878185272217	-0.009766578674316406
4.666286468505859	4.6178765296936035	0.04840993881225586
4.712534427642822	4.72186803817749	-0.009333610534667969
4.510670185089111	4.361793041229248	0.14887714385986328
4.635494709014893	4.599524021148682	0.03597068786621094
4.433452606201172	4.2616705894470215	0.1717820167541504
4.595693588256836	4.618053436279297	-0.022359848022460938
4.360738277435303	4.313389301300049	0.047348976135253906
4.434255123138428	4.365198612213135	0.06905651092529297
4.251943111419678	4.30215311050415	-0.050209999084472656
4.527078151702881	4.4563374519348145	0.0707406997680664
3.9705872535705566	3.691676378250122	0.27891087532043457
4.830777168273926	4.831992149353027	-0.0012149810791015625
4.292639255523682	4.307814598083496	-0.015175342559814453
4.372488975524902	4.33099889755249	0.04149007797241211
4.0613274574279785	3.949157476425171	0.11216998100280762
4.775175094604492	4.773507595062256	0.0016674995422363281
4.320549011230469	4.1507134437561035	0.16983556747436523
4.29416561126709	4.144604682922363	0.14956092834472656
4.723417282104492	4.572535514831543	0.15088176727294922
4.7015700340271	4.581947326660156	0.11962270736694336
4.461158275604248	4.450719833374023	0.01043844223022461
4.623475074768066	4.568031311035156	0.055443763732910156
4.513034820556641	4.530372142791748	-0.017337322235107422
4.843785762786865	4.8323073387146	0.011478424072265625
4.819638252258301	4.812677383422852	0.006960868835449219
4.558724880218506	4.590281009674072	-0.031556129455566406
4.780109405517578	4.763877868652344	0.016231536865234375
4.743957996368408	4.725967884063721	0.0179901123046875
4.3208746910095215	4.224372863769531	0.09650182723999023
4.41021728515625	4.40163516998291	0.008582115173339844
4.618858814239502	4.584912300109863	0.03394651412963867
4.617762088775635	4.550291538238525	0.06747055053710938
4.72626256942749	4.7158894538879395	0.010373115539550781
4.645568370819092	4.61657190322876	0.02899646759033203
4.645190238952637	4.629560470581055	0.01562976837158203
4.722906112670898	4.727296829223633	-0.004390716552734375
4.673790454864502	4.64640998840332	0.02738046646118164
4.642786502838135	4.576441287994385	0.06634521484375
4.497302055358887	4.495395660400391	0.0019063949584960938
4.794463157653809	4.778331279754639	0.016131877899169922
4.650487899780273	4.618320465087891	0.03216743469238281
4.624105453491211	4.572821140289307	0.0512843132019043
4.850333213806152	4.813070774078369	0.0372624397277832
4.761709213256836	4.7181525230407715	0.04355669021606445
4.736983776092529	4.651889324188232	0.08509445190429688
4.184690475463867	4.074839115142822	0.10985136032104492
4.704156398773193	4.697878837585449	0.006277561187744141
4.59205961227417	4.552402973175049	0.039656639099121094
4.654689311981201	4.563474178314209	0.09121513366699219
4.483824253082275	4.483774185180664	5.0067901611328125e-05
4.537197113037109	4.4960784912109375	0.041118621826171875
4.286068439483643	4.179037570953369	0.10703086853027344
4.549679279327393	4.504199981689453	0.04547929763793945
4.371356964111328	4.40491247177124	-0.03355550765991211
4.533045291900635	4.535682678222656	-0.0026373863220214844
4.7708845138549805	4.720111846923828	0.050772666931152344
4.747249126434326	4.661487102508545	0.08576202392578125
4.903769493103027	4.895439624786377	0.00832986831665039
4.118652820587158	4.013190746307373	0.10546207427978516
4.644119739532471	4.618553638458252	0.02556610107421875
4.312848091125488	4.317086696624756	-0.004238605499267578
4.348809719085693	4.269261837005615	0.07954788208007812
4.301667213439941	4.252811908721924	0.04885530471801758
4.280294895172119	4.270109176635742	0.010185718536376953
4.847867488861084	4.825146198272705	0.022721290588378906
4.693097114562988	4.563490867614746	0.1296062469482422
4.632197856903076	4.581623554229736	0.050574302673339844
4.644047260284424	4.57544469833374	0.0686025619506836
4.710369110107422	4.7528462409973145	-0.04247713088989258
4.855688571929932	4.828054904937744	0.0276336669921875
4.512076377868652	4.272842884063721	0.23923349380493164
4.770779132843018	4.71660852432251	0.05417060852050781
4.7720417976379395	4.733227252960205	0.038814544677734375
4.743300437927246	4.675321578979492	0.0679788589477539
4.3893842697143555	4.336526393890381	0.05285787582397461
4.6577067375183105	4.641139030456543	0.016567707061767578
4.400903701782227	4.307768821716309	0.09313488006591797
4.6191020011901855	4.670088291168213	-0.050986289978027344
4.452073097229004	4.42434024810791	0.02773284912109375
4.3853440284729	4.203862190246582	0.18148183822631836
4.743721008300781	4.691683292388916	0.052037715911865234
4.5353875160217285	4.532266139984131	0.0031213760375976562
4.396891117095947	4.416182518005371	-0.019291400909423828
4.529221534729004	4.51265287399292	0.016568660736083984
4.457691669464111	4.382811546325684	0.07488012313842773
4.782871723175049	4.809204578399658	-0.026332855224609375
4.814483165740967	4.785549163818359	0.028934001922607422
4.431135177612305	4.430302619934082	0.0008325576782226562
4.837502479553223	4.830982685089111	0.006519794464111328
4.338573932647705	4.290005683898926	0.0485682487487793
4.910856246948242	4.905498504638672	0.0053577423095703125
4.658240795135498	4.589634418487549	0.06860637664794922
4.653153896331787	4.6181745529174805	0.03497934341430664
4.7392354011535645	4.749006748199463	-0.009771347045898438
4.844947338104248	4.851194858551025	-0.006247520446777344
4.5310211181640625	4.298323631286621	0.2326974868774414
4.1811604499816895	4.187292575836182	-0.0061321258544921875
4.554713726043701	4.556274890899658	-0.0015611648559570312
4.561826229095459	4.565258026123047	-0.0034317970275878906
4.588968753814697	4.633358955383301	-0.044390201568603516
4.848751544952393	4.8163161277771	0.03243541717529297
4.887033939361572	4.8464765548706055	0.0405573844909668
4.485629081726074	4.518733978271484	-0.033104896545410156
4.641289710998535	4.59766960144043	0.04362010955810547
4.598259449005127	4.497994422912598	0.1002650260925293
4.688161849975586	4.679986000061035	0.008175849914550781
4.784743309020996	4.710570335388184	0.0741729736328125
4.5043206214904785	4.404961109161377	0.09935951232910156
4.160933017730713	4.012244701385498	0.14868831634521484
4.40070104598999	4.393443584442139	0.0072574615478515625
4.240993499755859	4.176302909851074	0.06469058990478516
4.179284572601318	4.180604934692383	-0.0013203620910644531
4.725417613983154	4.684158802032471	0.041258811950683594
4.456607341766357	4.456860542297363	-0.0002532005310058594
4.510157108306885	4.402035713195801	0.10812139511108398
4.573484897613525	4.516763210296631	0.05672168731689453
4.273333549499512	4.231613636016846	0.041719913482666016
4.820464134216309	4.808751106262207	0.011713027954101562
4.282205104827881	4.290724277496338	-0.008519172668457031
4.822775840759277	4.772562503814697	0.05021333694458008
4.466907978057861	4.408168792724609	0.05873918533325195
4.176039218902588	4.092554092407227	0.08348512649536133
4.729137897491455	4.788994789123535	-0.05985689163208008
4.1697916984558105	4.074585914611816	0.09520578384399414
4.33099365234375	4.254835605621338	0.07615804672241211
4.772019863128662	4.781555652618408	-0.009535789489746094
4.518126964569092	4.6170830726623535	-0.09895610809326172
4.709076404571533	4.682301044464111	0.026775360107421875
4.428538799285889	4.36528205871582	0.06325674057006836
4.671950340270996	4.675341606140137	-0.003391265869140625
4.412027835845947	4.378481864929199	0.03354597091674805
4.468249320983887	4.385204792022705	0.08304452896118164
4.783310413360596	4.656282424926758	0.1270279884338379
4.536482334136963	4.479339122772217	0.057143211364746094
4.676137447357178	4.63419246673584	0.04194498062133789
4.408167839050293	4.304358959197998	0.10380887985229492
4.406152725219727	4.214066028594971	0.19208669662475586
4.372727870941162	4.235446929931641	0.13728094100952148
4.4789323806762695	4.4006781578063965	0.07825422286987305
4.718894004821777	4.660100936889648	0.058793067932128906
4.7618842124938965	4.755103588104248	0.0067806243896484375
4.476565837860107	4.515650272369385	-0.039084434509277344
4.728332996368408	4.707728385925293	0.020604610443115234
4.854292869567871	4.825592517852783	0.02870035171508789
4.873031139373779	4.8911542892456055	-0.018123149871826172
4.794775485992432	4.736952781677246	0.05782270431518555
4.810198783874512	4.7755866050720215	0.034612178802490234
4.159914493560791	4.034952640533447	0.12496185302734375
4.779772758483887	4.753350734710693	0.02642202377319336
4.6321587562561035	4.678635597229004	-0.04647684097290039
4.536595344543457	4.506336212158203	0.030259132385253906
4.622554302215576	4.4756293296813965	0.1469249725341797
4.55189323425293	4.485957622528076	0.06593561172485352
4.655955791473389	4.6577582359313965	-0.0018024444580078125
4.392054080963135	4.222145080566406	0.16990900039672852
4.741015911102295	4.741330623626709	-0.0003147125244140625
4.662621974945068	4.611083984375	0.05153799057006836
4.323356628417969	4.387942790985107	-0.06458616256713867
4.617299556732178	4.518283367156982	0.09901618957519531
4.592434883117676	4.534962177276611	0.05747270584106445
4.702810764312744	4.671056270599365	0.031754493713378906
4.066559314727783	4.042535305023193	0.024024009704589844
4.558125972747803	4.590555191040039	-0.03242921829223633
4.660454273223877	4.663784980773926	-0.003330707550048828
4.428019046783447	4.426655292510986	0.0013637542724609375
4.377979278564453	4.344439506530762	0.033539772033691406
4.411261081695557	4.366607189178467	0.044653892517089844
4.716884136199951	4.68082857131958	0.036055564880371094
4.665667533874512	4.666378021240234	-0.0007104873657226562
4.5586838722229	4.579164981842041	-0.020481109619140625
4.691234111785889	4.66519021987915	0.02604389190673828
4.741408348083496	4.796350955963135	-0.05494260787963867
4.4695658683776855	4.493643760681152	-0.024077892303466797
4.514642238616943	4.534334182739258	-0.019691944122314453
4.446346759796143	4.4048309326171875	0.04151582717895508
4.6140007972717285	4.542943000793457	0.07105779647827148
4.430100917816162	4.461920738220215	-0.031819820404052734
4.451929092407227	4.4505109786987305	0.0014181137084960938
4.482023239135742	4.5267744064331055	-0.04475116729736328
4.873608112335205	4.871129512786865	0.0024785995483398438
4.529285430908203	4.507643222808838	0.021642208099365234
4.863956928253174	4.823921203613281	0.04003572463989258
4.525700569152832	4.4551777839660645	0.07052278518676758
4.843050956726074	4.83151388168335	0.01153707504272461
4.856431484222412	4.781985759735107	0.07444572448730469
4.555226802825928	4.53042459487915	0.024802207946777344
4.3419294357299805	4.288011074066162	0.05391836166381836
4.340059757232666	4.346029281616211	-0.005969524383544922
4.45644998550415	4.3873209953308105	0.06912899017333984
4.797086238861084	4.8122878074646	-0.015201568603515625
4.553299903869629	4.529263019561768	0.024036884307861328
4.425504207611084	4.419665813446045	0.0058383941650390625
4.463676929473877	4.4730024337768555	-0.009325504302978516
4.530527114868164	4.470156192779541	0.06037092208862305
4.772404193878174	4.726937770843506	0.04546642303466797
4.411854267120361	4.3925580978393555	0.01929616928100586
4.648548603057861	4.563256740570068	0.08529186248779297
4.131920337677002	4.041634559631348	0.0902857780456543
4.622725486755371	4.602272987365723	0.020452499389648438
4.205744743347168	4.096561908721924	0.10918283462524414
4.8178229331970215	4.7933735847473145	0.02444934844970703
4.7560272216796875	4.710169315338135	0.045857906341552734
4.682558059692383	4.681642055511475	0.0009160041809082031
4.636594295501709	4.57520866394043	0.0613856315612793
4.408998489379883	4.383345603942871	0.02565288543701172
4.60966682434082	4.5698041915893555	0.039862632751464844
4.734078407287598	4.664774417877197	0.06930398941040039
4.686957359313965	4.68729829788208	-0.0003409385681152344
4.194583892822266	4.148030757904053	0.04655313491821289
4.444937705993652	4.301304340362549	0.14363336563110352
4.697615623474121	4.663748264312744	0.03386735916137695
4.595154762268066	4.447221279144287	0.1479334831237793
4.921428680419922	4.906177520751953	0.01525115966796875
4.7702836990356445	4.757791042327881	0.012492656707763672
4.394697189331055	4.312188148498535	0.08250904083251953
4.635777950286865	4.631741046905518	0.004036903381347656
4.472400188446045	4.339897632598877	0.13250255584716797
4.666177272796631	4.607436180114746	0.058741092681884766
4.4182963371276855	4.355512619018555	0.06278371810913086
4.6052327156066895	4.607082366943359	-0.0018496513366699219
4.448112487792969	4.455491065979004	-0.007378578186035156
4.732229709625244	4.531978130340576	0.20025157928466797
4.59913969039917	4.556633472442627	0.04250621795654297
4.7245049476623535	4.74367618560791	-0.01917123794555664
4.641651630401611	4.623396873474121	0.018254756927490234
4.557864665985107	4.494121551513672	0.06374311447143555
4.592117786407471	4.299633026123047	0.29248476028442383
4.4362568855285645	4.432502269744873	0.0037546157836914062
4.852447032928467	4.835308074951172	0.017138957977294922
4.566308975219727	4.525032997131348	0.041275978088378906
4.458846569061279	4.476243495941162	-0.017396926879882812
4.807496070861816	4.754785537719727	0.052710533142089844
4.86239767074585	4.774533748626709	0.08786392211914062
4.411677360534668	4.101970672607422	0.3097066879272461
4.528965473175049	4.648378372192383	-0.11941289901733398
4.850376129150391	4.829049587249756	0.021326541900634766
4.503854274749756	4.509998321533203	-0.006144046783447266
4.63519287109375	4.590775012969971	0.0444178581237793
4.3820929527282715	4.333436489105225	0.048656463623046875
4.67354154586792	4.584316730499268	0.08922481536865234
4.288989067077637	4.2604899406433105	0.028499126434326172
4.649181842803955	4.5096869468688965	0.1394948959350586
4.514943599700928	4.467444896697998	0.04749870300292969
4.588286876678467	4.48804235458374	0.10024452209472656
4.340648174285889	4.195402145385742	0.14524602890014648
4.636011600494385	4.645874977111816	-0.00986337661743164
4.692571640014648	4.645199775695801	0.047371864318847656
4.801510810852051	4.811941623687744	-0.01043081283569336
4.303896903991699	4.228814125061035	0.07508277893066406
4.556447982788086	4.5751190185546875	-0.018671035766601562
4.532322406768799	4.511390209197998	0.02093219757080078
4.3551764488220215	4.362823009490967	-0.0076465606689453125
4.726508140563965	4.712381839752197	0.014126300811767578
4.468459606170654	4.465318202972412	0.0031414031982421875
4.489105224609375	4.48836088180542	0.0007443428039550781
4.847022533416748	4.838470935821533	0.008551597595214844
4.326516151428223	4.306039333343506	0.020476818084716797
4.436546802520752	4.364443302154541	0.07210350036621094
4.675181865692139	4.614541530609131	0.06064033508300781
4.456823825836182	4.455314636230469	0.0015091896057128906
4.8932671546936035	4.907179355621338	-0.013912200927734375
4.422060489654541	4.3800225257873535	0.0420379638671875
4.937477111816406	4.939462184906006	-0.0019850730895996094
4.701784610748291	4.668859481811523	0.03292512893676758
4.674615859985352	4.735820770263672	-0.06120491027832031
4.47707986831665	4.396643161773682	0.08043670654296875
4.597446918487549	4.576862812042236	0.0205841064453125
4.561867713928223	4.645445346832275	-0.08357763290405273
4.666685104370117	4.65397834777832	0.012706756591796875
4.717539310455322	4.668182849884033	0.04935646057128906
4.7544169425964355	4.724120616912842	0.03029632568359375
4.676801681518555	4.622348308563232	0.054453372955322266
4.525815010070801	4.52048397064209	0.0053310394287109375
4.313599109649658	4.175164699554443	0.13843441009521484
4.907160758972168	4.8979973793029785	0.009163379669189453
4.805506229400635	4.796518802642822	0.0089874267578125
4.4968414306640625	4.43567419052124	0.061167240142822266
4.399073123931885	4.36929988861084	0.029773235321044922
4.827555179595947	4.8149824142456055	0.012572765350341797
4.77034330368042	4.770222187042236	0.00012111663818359375
4.457757472991943	4.384902477264404	0.07285499572753906
4.637974262237549	4.606180191040039	0.031794071197509766
4.448585033416748	4.281924724578857	0.16666030883789062
4.451601028442383	4.464784145355225	-0.013183116912841797
4.5002946853637695	4.4411492347717285	0.059145450592041016
4.638368129730225	4.5973944664001465	0.040973663330078125
4.565247058868408	4.455336093902588	0.10991096496582031
4.731337547302246	4.698065757751465	0.03327178955078125
4.578829288482666	4.5023016929626465	0.07652759552001953
4.183529376983643	4.109388828277588	0.07414054870605469
4.349233627319336	4.136341094970703	0.2128925323486328
4.75651741027832	4.765684604644775	-0.009167194366455078
4.906872272491455	4.907156467437744	-0.0002841949462890625
4.711522102355957	4.597391605377197	0.11413049697875977
4.303786754608154	4.279718399047852	0.024068355560302734
4.620577812194824	4.635631084442139	-0.015053272247314453
4.891265392303467	4.898396015167236	-0.007130622863769531
4.688089847564697	4.654987812042236	0.03310203552246094
4.598987102508545	4.68911075592041	-0.09012365341186523
4.568692684173584	4.493253231048584	0.075439453125
4.2497639656066895	4.093735694885254	0.15602827072143555
4.21179723739624	4.211482048034668	0.0003151893615722656
4.848860263824463	4.799027919769287	0.04983234405517578
4.6553168296813965	4.560006141662598	0.09531068801879883
4.591189861297607	4.606932163238525	-0.01574230194091797
4.465487003326416	4.5048298835754395	-0.03934288024902344
4.2421793937683105	4.243910789489746	-0.0017313957214355469
4.768959999084473	4.721502780914307	0.047457218170166016
4.615152835845947	4.612607002258301	0.0025458335876464844
4.191564083099365	4.0185627937316895	0.17300128936767578
4.635225772857666	4.63001012802124	0.005215644836425781
4.381560802459717	4.3777995109558105	0.00376129150390625
4.598445892333984	4.591566562652588	0.006879329681396484
4.6468377113342285	4.557249546051025	0.08958816528320312
4.456558704376221	4.396222114562988	0.06033658981323242
4.807098388671875	4.814890384674072	-0.007791996002197266
4.566165924072266	4.445163726806641	0.121002197265625
4.600302219390869	4.527041435241699	0.07326078414916992
4.439375877380371	4.379030704498291	0.06034517288208008
4.854206562042236	4.841649055480957	0.012557506561279297
4.356557846069336	4.350137710571289	0.006420135498046875
4.56220817565918	4.5379157066345215	0.024292469024658203
4.3574628829956055	4.395698070526123	-0.03823518753051758
4.594911575317383	4.601068019866943	-0.006156444549560547
4.7431464195251465	4.729037761688232	0.014108657836914062
4.638101100921631	4.629776954650879	0.008324146270751953
4.539883613586426	4.507594585418701	0.03228902816772461
4.442201137542725	4.43560266494751	0.006598472595214844
4.56873893737793	4.472072124481201	0.09666681289672852
4.574432849884033	4.626356601715088	-0.05192375183105469
4.602843761444092	4.547475814819336	0.05536794662475586
4.661718845367432	4.661260604858398	0.0004582405090332031
4.633492469787598	4.6179962158203125	0.015496253967285156
4.5599541664123535	4.535501003265381	0.024453163146972656
4.185731410980225	4.14973783493042	0.03599357604980469
4.5236496925354	4.380157947540283	0.1434917449951172
4.739142894744873	4.689930438995361	0.04921245574951172
4.735745906829834	4.711061000823975	0.024684906005859375
4.8516459465026855	4.830929756164551	0.020716190338134766
4.808745861053467	4.801356792449951	0.007389068603515625
4.306862831115723	4.273940086364746	0.03292274475097656
4.2637457847595215	4.310882568359375	-0.047136783599853516
4.4699883460998535	4.304472923278809	0.16551542282104492
4.387932300567627	4.267843246459961	0.12008905410766602
4.557936191558838	4.481936931610107	0.07599925994873047
4.827247142791748	4.792093276977539	0.035153865814208984
4.608883380889893	4.5569891929626465	0.051894187927246094
4.3510355949401855	4.302235126495361	0.04880046844482422
4.601519584655762	4.544765949249268	0.05675363540649414
4.434128284454346	4.349664211273193	0.08446407318115234
4.714867115020752	4.727898120880127	-0.013031005859375
4.366089820861816	4.2353081703186035	0.1307816505432129
4.628650665283203	4.616761207580566	0.011889457702636719
4.877547740936279	4.861034870147705	0.01651287078857422
4.292383193969727	4.381449222564697	-0.0890660285949707
4.465071201324463	4.483466148376465	-0.018394947052001953
4.695712089538574	4.636624336242676	0.05908775329589844
4.872589588165283	4.864648342132568	0.007941246032714844
4.802647113800049	4.756906509399414	0.045740604400634766
4.338026523590088	4.308933258056641	0.029093265533447266
4.565518379211426	4.5502214431762695	0.01529693603515625
4.6589674949646	4.643428325653076	0.015539169311523438
4.187321186065674	4.159635543823242	0.02768564224243164
4.517388343811035	4.5812554359436035	-0.06386709213256836
4.782223224639893	4.7264485359191895	0.055774688720703125
4.68653678894043	4.704349517822266	-0.017812728881835938
4.829352855682373	4.813348770141602	0.016004085540771484
4.826871871948242	4.80305290222168	0.0238189697265625
4.571892738342285	4.5053229331970215	0.06656980514526367
4.418078422546387	4.387726783752441	0.030351638793945312
4.589071750640869	4.536499500274658	0.05257225036621094
4.551474094390869	4.611551284790039	-0.06007719039916992
4.840957164764404	4.823010444641113	0.017946720123291016
4.785424709320068	4.7934370040893555	-0.00801229476928711
4.267065525054932	4.250685691833496	0.016379833221435547
4.408030033111572	4.30059289932251	0.1074371337890625
4.776144027709961	4.759048938751221	0.017095088958740234
4.476113319396973	4.449300765991211	0.02681255340576172
4.935184001922607	4.937659740447998	-0.002475738525390625
4.544219970703125	4.567350387573242	-0.023130416870117188
4.373720169067383	4.08185338973999	0.2918667793273926
4.648176670074463	4.590824604034424	0.05735206604003906
4.049271583557129	3.9716272354125977	0.07764434814453125
4.553258419036865	4.5790863037109375	-0.025827884674072266
4.848477840423584	4.84931755065918	-0.0008397102355957031
4.497160911560059	4.368511199951172	0.12864971160888672
4.3909406661987305	4.253351211547852	0.1375894546508789
4.398379325866699	4.354507923126221	0.043871402740478516
4.496991157531738	4.453183650970459	0.0438075065612793
4.658602714538574	4.754175186157227	-0.09557247161865234
4.66918420791626	4.60526704788208	0.06391716003417969
4.650607585906982	4.626972675323486	0.023634910583496094
4.586052417755127	4.534018039703369	0.05203437805175781
4.129113674163818	4.006606101989746	0.12250757217407227
4.868005275726318	4.848223686218262	0.01978158950805664
4.861687660217285	4.859385013580322	0.0023026466369628906
4.472967147827148	4.485693454742432	-0.012726306915283203
4.680210113525391	4.679189682006836	0.0010204315185546875
4.82992696762085	4.7675018310546875	0.06242513656616211
4.764375686645508	4.73367977142334	0.03069591522216797
4.54497766494751	4.475576400756836	0.06940126419067383
4.5914788246154785	4.445435523986816	0.1460433006286621
4.847961902618408	4.785367488861084	0.06259441375732422
4.6710357666015625	4.560401439666748	0.11063432693481445
4.55957555770874	4.499231338500977	0.06034421920776367
3.9886369705200195	3.677663564682007	0.3109734058380127
4.349005699157715	4.318854331970215	0.0301513671875
4.805720329284668	4.697947025299072	0.1077733039855957
4.5631632804870605	4.442070484161377	0.1210927963256836
4.115091800689697	3.974846839904785	0.1402449607849121
4.788321495056152	4.769757270812988	0.018564224243164062
4.64182710647583	4.607966423034668	0.03386068344116211
4.439774036407471	4.379995346069336	0.059778690338134766
4.456507682800293	4.511022090911865	-0.054514408111572266
4.8191752433776855	4.728048801422119	0.0911264419555664
4.169477939605713	4.175577640533447	-0.006099700927734375
4.181073188781738	4.120474338531494	0.06059885025024414
4.332285404205322	4.116240978240967	0.21604442596435547
4.432015419006348	4.338440418243408	0.09357500076293945
4.55599308013916	4.534168243408203	0.02182483673095703
4.210484504699707	4.317085266113281	-0.10660076141357422
4.446084022521973	4.439139366149902	0.0069446563720703125
4.703632831573486	4.599706172943115	0.1039266586303711
4.429603099822998	4.322301387786865	0.10730171203613281
4.5393147468566895	4.4847493171691895	0.0545654296875
4.508782863616943	4.46153450012207	0.04724836349487305
4.6644511222839355	4.635691165924072	0.02875995635986328
4.5697760581970215	4.534379005432129	0.03539705276489258
4.6234636306762695	4.613643169403076	0.00982046127319336
4.413660526275635	4.469920635223389	-0.056260108947753906
4.6839470863342285	4.680987358093262	0.002959728240966797
4.786437034606934	4.794270992279053	-0.00783395767211914
4.776920795440674	4.756724834442139	0.020195960998535156
4.653457164764404	4.612965106964111	0.04049205780029297
4.412078857421875	4.226718425750732	0.18536043167114258
4.627319812774658	4.621530055999756	0.005789756774902344
4.182682991027832	4.185126304626465	-0.0024433135986328125
4.418389797210693	4.405411720275879	0.012978076934814453
4.8539934158325195	4.841783046722412	0.012210369110107422
4.794713497161865	4.755347728729248	0.03936576843261719
4.647364616394043	4.589988708496094	0.05737590789794922
4.490067005157471	4.347049236297607	0.14301776885986328
4.521805763244629	4.556595802307129	-0.0347900390625
4.883261203765869	4.837927341461182	0.0453338623046875
4.7969069480896	4.7897844314575195	0.007122516632080078
4.837366580963135	4.697274684906006	0.1400918960571289
4.252422332763672	4.073578357696533	0.17884397506713867
4.85988187789917	4.864500522613525	-0.004618644714355469
4.352149963378906	4.298154830932617	0.05399513244628906
4.830292224884033	4.857321739196777	-0.02702951431274414
4.404511451721191	4.26706600189209	0.13744544982910156
4.860819339752197	4.780772686004639	0.0800466537475586
3.9721269607543945	3.8538618087768555	0.11826515197753906
4.687171459197998	4.5858073234558105	0.1013641357421875
4.896043300628662	4.885061264038086	0.010982036590576172
4.528997898101807	4.52606725692749	0.0029306411743164062
4.81575345993042	4.810408115386963	0.005345344543457031
4.0306830406188965	3.7944295406341553	0.2362534999847412
4.390817642211914	4.342243194580078	0.04857444763183594
4.659271717071533	4.611498832702637	0.047772884368896484
4.426336288452148	4.413519382476807	0.012816905975341797
4.713624000549316	4.6939191818237305	0.019704818725585938
4.715764999389648	4.685666084289551	0.030098915100097656
4.161662578582764	4.072568893432617	0.08909368515014648
4.786853790283203	4.742630481719971	0.04422330856323242
4.8970561027526855	4.844711780548096	0.052344322204589844
4.265265941619873	4.2955403327941895	-0.030274391174316406
4.740277290344238	4.705585956573486	0.03469133377075195
4.6189799308776855	4.61592960357666	0.0030503273010253906
4.73594331741333	4.730625152587891	0.005318164825439453
4.4553542137146	4.464497089385986	-0.009142875671386719
4.577950954437256	4.497140884399414	0.0808100700378418
4.821544170379639	4.823740482330322	-0.0021963119506835938
4.399721622467041	4.379429817199707	0.020291805267333984
4.675925254821777	4.676228046417236	-0.0003027915954589844
4.706207752227783	4.593222141265869	0.11298561096191406
4.885537147521973	4.875779628753662	0.009757518768310547
4.411797046661377	4.3795342445373535	0.03226280212402344
4.7604756355285645	4.7286458015441895	0.031829833984375
4.7346696853637695	4.7148051261901855	0.019864559173583984
4.544886112213135	4.469942092895508	0.07494401931762695
4.530387878417969	4.424658298492432	0.10572957992553711
4.429063320159912	4.3739423751831055	0.05512094497680664
4.697134017944336	4.63914155960083	0.05799245834350586
4.6020050048828125	4.6324872970581055	-0.03048229217529297
4.853468418121338	4.813255786895752	0.04021263122558594
4.222348690032959	4.171877384185791	0.05047130584716797
4.250231742858887	4.217312335968018	0.03291940689086914
4.536615371704102	4.494198799133301	0.04241657257080078
4.779679298400879	4.8153300285339355	-0.03565073013305664
4.8566670417785645	4.84207010269165	0.014596939086914062
4.795498847961426	4.766012191772461	0.029486656188964844
4.44055700302124	4.481959342956543	-0.041402339935302734
4.346362590789795	4.441517353057861	-0.0951547622680664
4.714430809020996	4.668524742126465	0.04590606689453125
4.83939266204834	4.821927070617676	0.017465591430664062
4.135229110717773	4.104170799255371	0.031058311462402344
4.564136981964111	4.532360553741455	0.03177642822265625
4.171528339385986	4.116126537322998	0.05540180206298828
4.8524603843688965	4.83594274520874	0.01651763916015625
4.88899040222168	4.846477031707764	0.042513370513916016
4.2551984786987305	4.244139194488525	0.011059284210205078
4.5575995445251465	4.601933002471924	-0.044333457946777344
4.644715309143066	4.673388481140137	-0.028673171997070312
4.870772361755371	4.851492881774902	0.01927947998046875
4.717176914215088	4.669680118560791	0.047496795654296875
4.4181904792785645	4.370541572570801	0.04764890670776367
4.261997699737549	4.325212001800537	-0.06321430206298828
4.724147319793701	4.708807468414307	0.015339851379394531
4.781184196472168	4.706082344055176	0.07510185241699219
4.409265995025635	4.260958671569824	0.14830732345581055
4.850783824920654	4.80769157409668	0.04309225082397461
4.208898067474365	4.186546325683594	0.022351741790771484
4.322287559509277	4.274984836578369	0.0473027229309082
4.633639812469482	4.57481050491333	0.058829307556152344
4.60076379776001	4.586892604827881	0.013871192932128906
4.6112141609191895	4.577600479125977	0.03361368179321289
4.727546215057373	4.670470714569092	0.05707550048828125
4.412577152252197	4.30995512008667	0.10262203216552734
4.640687465667725	4.617094993591309	0.023592472076416016
4.649712085723877	4.57475471496582	0.07495737075805664
4.613238334655762	4.619020462036133	-0.005782127380371094
4.4139299392700195	4.431366920471191	-0.017436981201171875
4.64007568359375	4.608719348907471	0.0313563346862793
4.636019706726074	4.583948135375977	0.052071571350097656
4.851308345794678	4.836906433105469	0.014401912689208984
4.673141002655029	4.550506591796875	0.1226344108581543
4.916677951812744	4.913995265960693	0.0026826858520507812
4.744967937469482	4.713442325592041	0.031525611877441406
4.6498494148254395	4.666836261749268	-0.016986846923828125
4.544909477233887	4.5758376121521	-0.03092813491821289
4.515508651733398	4.481360912322998	0.03414773941040039
4.5974345207214355	4.231365203857422	0.36606931686401367
4.710926055908203	4.728683948516846	-0.017757892608642578
3.9705872535705566	3.691676378250122	0.27891087532043457
4.85114049911499	4.818281650543213	0.032858848571777344
4.299341678619385	4.29913854598999	0.00020313262939453125
4.2070536613464355	4.197822093963623	0.0092315673828125
4.138162136077881	4.028621673583984	0.10954046249389648
4.434863567352295	4.297846794128418	0.13701677322387695
4.730983734130859	4.704975605010986	0.026008129119873047
4.85164213180542	4.844122409820557	0.007519721984863281
4.7937703132629395	4.723998546600342	0.06977176666259766
4.637413024902344	4.621428966522217	0.015984058380126953
4.662528991699219	4.55779504776001	0.10473394393920898
4.876009941101074	4.810627460479736	0.06538248062133789
4.333620071411133	4.312835693359375	0.020784378051757812
4.864039897918701	4.821625232696533	0.04241466522216797
4.877589702606201	4.864329814910889	0.0132598876953125
4.421862602233887	4.149799823760986	0.2720627784729004
4.348151206970215	4.330860614776611	0.017290592193603516
4.709619045257568	4.657323360443115	0.052295684814453125
4.470497131347656	4.457947731018066	0.012549400329589844
4.758087158203125	4.727749347686768	0.030337810516357422
4.467549800872803	4.471802234649658	-0.004252433776855469
4.478826522827148	4.393014907836914	0.08581161499023438
4.614788055419922	4.553740501403809	0.06104755401611328
4.348728179931641	4.326371669769287	0.022356510162353516
4.472047328948975	4.372635364532471	0.0994119644165039
4.549845218658447	4.540524959564209	0.009320259094238281
4.3866987228393555	4.338138103485107	0.04856061935424805
4.728626728057861	4.69881010055542	0.029816627502441406
4.5560808181762695	4.504355430603027	0.05172538757324219
4.730156898498535	4.652307033538818	0.0778498649597168
4.741736888885498	4.729889869689941	0.01184701919555664
4.702575206756592	4.686156749725342	0.01641845703125
4.572207927703857	4.528048992156982	0.044158935546875
4.255291938781738	4.211171627044678	0.04412031173706055
4.782398223876953	4.792687892913818	-0.010289669036865234
4.560323715209961	4.38351583480835	0.17680788040161133
4.688085079193115	4.680400371551514	0.0076847076416015625
4.366223335266113	4.379417419433594	-0.013194084167480469
4.519314765930176	4.450817584991455	0.0684971809387207
4.809955596923828	4.822733402252197	-0.01277780532836914
4.583382606506348	4.66820764541626	-0.08482503890991211
4.557099342346191	4.535881996154785	0.02121734619140625
4.438717842102051	4.366209983825684	0.07250785827636719
4.790721416473389	4.790499687194824	0.00022172927856445312
4.592709064483643	4.5632734298706055	0.02943563461303711
4.719893455505371	4.675526142120361	0.044367313385009766
4.456354141235352	4.434020042419434	0.02233409881591797
4.30196475982666	4.271957874298096	0.030006885528564453
4.4548749923706055	4.389997482299805	0.06487751007080078
4.738507270812988	4.7494306564331055	-0.010923385620117188
4.6639251708984375	4.598414897918701	0.06551027297973633
4.8727898597717285	4.7852702140808105	0.08751964569091797
4.8452677726745605	4.778881549835205	0.06638622283935547
4.68546724319458	4.5394816398620605	0.14598560333251953
4.561434268951416	4.501297473907471	0.06013679504394531
4.327458381652832	4.276994228363037	0.05046415328979492
4.279604434967041	4.263998508453369	0.015605926513671875
4.897340297698975	4.8884429931640625	0.00889730453491211
4.5675835609436035	4.470315456390381	0.09726810455322266
4.718501567840576	4.756639003753662	-0.03813743591308594
4.680791854858398	4.6980109214782715	-0.017219066619873047
4.72450590133667	4.62586784362793	0.09863805770874023
4.700337886810303	4.688448429107666	0.011889457702636719
4.502166748046875	4.453841209411621	0.048325538635253906
4.711508750915527	4.607731342315674	0.10377740859985352
4.68390417098999	4.60475492477417	0.07914924621582031
4.757481098175049	4.732486248016357	0.024994850158691406
4.479609966278076	4.238077640533447	0.2415323257446289
4.593211650848389	4.538162708282471	0.05504894256591797
4.625065326690674	4.598748207092285	0.026317119598388672
4.5464067459106445	4.36469841003418	0.18170833587646484
4.623324871063232	4.6591715812683105	-0.035846710205078125
4.6147260665893555	4.563743591308594	0.05098247528076172
4.070749759674072	3.947471857070923	0.12327790260314941
4.834899425506592	4.8029890060424805	0.03191041946411133
4.36488151550293	4.254308223724365	0.11057329177856445
4.831017971038818	4.84295654296875	-0.01193857192993164
4.342645645141602	4.376569747924805	-0.033924102783203125
4.56144905090332	4.558040142059326	0.0034089088439941406
4.708584785461426	4.622931957244873	0.08565282821655273
4.622351169586182	4.659945011138916	-0.037593841552734375
4.896233558654785	4.879948616027832	0.016284942626953125
4.2649641036987305	4.194712162017822	0.0702519416809082
4.764098644256592	4.761536121368408	0.0025625228881835938
4.55734395980835	4.577450275421143	-0.02010631561279297
4.698663711547852	4.661278247833252	0.03738546371459961
4.653829097747803	4.659640312194824	-0.005811214447021484
4.533430099487305	4.624195098876953	-0.09076499938964844
4.778690338134766	4.622063159942627	0.15662717819213867
4.748831272125244	4.723265171051025	0.02556610107421875
4.772109508514404	4.860950946807861	-0.08884143829345703
4.623104572296143	4.629824161529541	-0.0067195892333984375
4.632223129272461	4.6641130447387695	-0.031889915466308594
4.805722713470459	4.824809551239014	-0.019086837768554688
4.1721367835998535	4.114725589752197	0.05741119384765625
4.761355876922607	4.737014293670654	0.024341583251953125
4.817328453063965	4.793065071105957	0.024263381958007812
4.453560829162598	4.348626136779785	0.1049346923828125
4.584244728088379	4.608797550201416	-0.02455282211303711
4.2960686683654785	4.202011585235596	0.09405708312988281
4.186024188995361	4.125136852264404	0.06088733673095703
4.810356140136719	4.6840949058532715	0.12626123428344727
4.588760852813721	4.506597995758057	0.08216285705566406
4.78796911239624	4.7986063957214355	-0.010637283325195312
4.722026348114014	4.676126003265381	0.04590034484863281
4.42038631439209	4.50285005569458	-0.08246374130249023
4.29620885848999	4.322768688201904	-0.026559829711914062
4.528984546661377	4.510128974914551	0.018855571746826172
4.588097095489502	4.501530170440674	0.08656692504882812
4.854278564453125	4.776634216308594	0.07764434814453125
4.5780863761901855	4.550533294677734	0.027553081512451172
4.151014804840088	4.078136444091797	0.07287836074829102
4.827329158782959	4.811966419219971	0.015362739562988281
4.578838348388672	4.632461071014404	-0.05362272262573242
4.386354446411133	4.374874591827393	0.011479854583740234
4.486013889312744	4.446075916290283	0.03993797302246094
4.696741104125977	4.709008693695068	-0.012267589569091797
4.3712477684021	4.398738384246826	-0.027490615844726562
4.705682277679443	4.646858215332031	0.05882406234741211
4.665966033935547	4.661026477813721	0.004939556121826172
4.865888595581055	4.896298408508301	-0.030409812927246094
4.5362701416015625	4.427999973297119	0.10827016830444336
4.777491092681885	4.767772674560547	0.00971841812133789
4.635066986083984	4.5230536460876465	0.11201333999633789
4.507176876068115	4.476155757904053	0.0310211181640625
4.340417385101318	4.295528888702393	0.04488849639892578
4.695570468902588	4.663582801818848	0.031987667083740234
4.582876205444336	4.485948085784912	0.09692811965942383
4.6893696784973145	4.720025539398193	-0.030655860900878906
4.533019065856934	4.533414363861084	-0.0003952980041503906
4.728273391723633	4.657576560974121	0.07069683074951172
4.567915439605713	4.559445381164551	0.00847005844116211
4.85800313949585	4.848187446594238	0.009815692901611328
4.658138751983643	4.652492523193359	0.005646228790283203
4.626852512359619	4.594915390014648	0.0319371223449707
4.281932353973389	4.1619439125061035	0.11998844146728516
3.9886369705200195	3.677663564682007	0.3109734058380127
4.72727632522583	4.627939701080322	0.09933662414550781
4.756773948669434	4.763721942901611	-0.006947994232177734
4.4461541175842285	4.40511417388916	0.04103994369506836
4.545309543609619	4.493044376373291	0.052265167236328125
4.17246150970459	4.186929225921631	-0.014467716217041016
4.333961009979248	4.341755390167236	-0.007794380187988281
4.643346309661865	4.604503154754639	0.03884315490722656
4.683302402496338	4.690890312194824	-0.007587909698486328
4.765045642852783	4.78029203414917	-0.015246391296386719
4.1397552490234375	4.101615905761719	0.03813934326171875
4.415713787078857	4.415980339050293	-0.0002665519714355469
4.800755500793457	4.753831386566162	0.04692411422729492
4.4490647315979	4.492074489593506	-0.04300975799560547
4.746826171875	4.563681125640869	0.18314504623413086
4.476161479949951	4.511144161224365	-0.03498268127441406
4.590498924255371	4.581674098968506	0.008824825286865234
4.532018661499023	4.563266277313232	-0.031247615814208984
4.618069648742676	4.597128391265869	0.02094125747680664
4.669287204742432	4.664226055145264	0.005061149597167969
4.815265655517578	4.766097068786621	0.04916858673095703
4.889373779296875	4.8687424659729	0.02063131332397461
4.596486568450928	4.545937538146973	0.05054903030395508
4.629774570465088	4.595786094665527	0.03398847579956055
4.614823818206787	4.670654773712158	-0.055830955505371094
4.542530059814453	4.566666126251221	-0.024136066436767578
4.5458807945251465	4.504357814788818	0.041522979736328125
4.395847797393799	4.3302178382873535	0.06562995910644531
4.507556438446045	4.546656131744385	-0.039099693298339844
4.526516437530518	4.537747383117676	-0.011230945587158203
4.529693126678467	4.277000904083252	0.25269222259521484
4.472102642059326	4.415319442749023	0.056783199310302734
4.68281888961792	4.670873641967773	0.011945247650146484
4.877684116363525	4.825489044189453	0.052195072174072266
4.641781806945801	4.5943169593811035	0.047464847564697266
4.315756320953369	4.179100513458252	0.1366558074951172
4.4478535652160645	4.274689674377441	0.17316389083862305
4.766160488128662	4.702386856079102	0.06377363204956055
4.305087089538574	4.1280670166015625	0.17702007293701172
4.665948867797852	4.668838024139404	-0.0028891563415527344
4.394546985626221	4.4158220291137695	-0.021275043487548828
4.769413471221924	4.715083122253418	0.05433034896850586
4.505988121032715	4.552473545074463	-0.04648542404174805
4.4875593185424805	4.364725112915039	0.1228342056274414
4.604341983795166	4.626338005065918	-0.021996021270751953
4.694505214691162	4.585556983947754	0.1089482307434082
4.420302391052246	4.276278018951416	0.14402437210083008
4.401237487792969	4.360630512237549	0.04060697555541992
4.316594123840332	4.33064603805542	-0.01405191421508789
4.588254451751709	4.601624965667725	-0.013370513916015625
4.689425945281982	4.744769096374512	-0.0553431510925293
4.392898082733154	4.39708948135376	-0.004191398620605469
4.7152299880981445	4.663665771484375	0.05156421661376953
4.383238792419434	4.422992706298828	-0.03975391387939453
4.912936687469482	4.906492233276367	0.006444454193115234
4.595296382904053	4.527079105377197	0.06821727752685547
4.803592681884766	4.7713847160339355	0.03220796585083008
4.536166191101074	4.5590081214904785	-0.022841930389404297
4.5097336769104	4.390902996063232	0.11883068084716797
4.783458232879639	4.7588701248168945	0.02458810806274414
4.7160444259643555	4.674377918243408	0.041666507720947266
4.792422294616699	4.814581394195557	-0.022159099578857422
4.181761264801025	4.119385242462158	0.06237602233886719
4.54429292678833	4.591884613037109	-0.0475916862487793
4.60038423538208	4.602109432220459	-0.0017251968383789062
4.304093837738037	4.273266315460205	0.03082752227783203
4.397818088531494	4.368033409118652	0.029784679412841797
4.714587211608887	4.721116065979004	-0.0065288543701171875
4.8643107414245605	4.864219665527344	9.107589721679688e-05
4.552606105804443	4.4819655418396	0.07064056396484375
4.524813652038574	4.526484966278076	-0.0016713142395019531
4.84945821762085	4.851804256439209	-0.002346038818359375
4.282369613647461	4.216402053833008	0.06596755981445312
4.458923816680908	4.410823345184326	0.04810047149658203
4.668179035186768	4.680551528930664	-0.012372493743896484
4.179465293884277	4.094210147857666	0.08525514602661133
4.465997695922852	4.3743205070495605	0.09167718887329102
4.6504364013671875	4.542396545410156	0.10803985595703125
4.817544460296631	4.751290798187256	0.066253662109375
4.798700332641602	4.790465831756592	0.008234500885009766
4.590102672576904	4.466325759887695	0.12377691268920898
4.567836761474609	4.43154764175415	0.13628911972045898
4.439876079559326	4.530725479125977	-0.09084939956665039
4.309004306793213	4.377191066741943	-0.06818675994873047
4.6305832862854	4.612654209136963	0.0179290771484375
4.5551605224609375	4.460847854614258	0.09431266784667969
4.18549919128418	4.113335609436035	0.07216358184814453
4.817107677459717	4.773658752441406	0.04344892501831055
4.522602558135986	4.501532077789307	0.021070480346679688
4.6287407875061035	4.624526500701904	0.004214286804199219
4.466248989105225	4.374018669128418	0.09223031997680664
4.691325664520264	4.6724371910095215	0.018888473510742188
4.627152919769287	4.621279716491699	0.005873203277587891
4.66139030456543	4.444658279418945	0.21673202514648438
4.33756685256958	4.293723106384277	0.043843746185302734
4.590395927429199	4.513598442077637	0.0767974853515625
4.27415132522583	4.315148830413818	-0.04099750518798828
4.832510948181152	4.7704949378967285	0.06201601028442383
4.6158447265625	4.616608142852783	-0.0007634162902832031
4.324953079223633	4.339770317077637	-0.014817237854003906
4.248432636260986	4.194565296173096	0.053867340087890625
4.282566547393799	4.182143211364746	0.10042333602905273
4.154843330383301	4.1209492683410645	0.03389406204223633
4.529912948608398	4.4663405418396	0.06357240676879883
4.798908233642578	4.812114238739014	-0.013206005096435547
4.8458251953125	4.8384575843811035	0.007367610931396484
4.791076183319092	4.809249401092529	-0.0181732177734375
4.646613121032715	4.690992832183838	-0.04437971115112305
4.848199367523193	4.802707195281982	0.04549217224121094
4.691154956817627	4.541481018066406	0.1496739387512207
4.5854291915893555	4.430980205535889	0.1544489860534668
4.358816146850586	4.348587512969971	0.010228633880615234
4.700267314910889	4.629671573638916	0.07059574127197266
4.7735137939453125	4.715001583099365	0.058512210845947266
4.822238922119141	4.7645463943481445	0.057692527770996094
4.738921165466309	4.72523307800293	0.013688087463378906
4.8847832679748535	4.856956958770752	0.027826309204101562
4.442471027374268	4.348605155944824	0.09386587142944336
4.509311676025391	4.484640598297119	0.024671077728271484
4.410367965698242	4.4054083824157715	0.004959583282470703
4.5865044593811035	4.661442756652832	-0.07493829727172852
4.489844799041748	4.567288875579834	-0.07744407653808594
4.241678237915039	4.139920234680176	0.10175800323486328
4.731923580169678	4.664707660675049	0.0672159194946289
4.723687648773193	4.6519317626953125	0.07175588607788086
4.716673851013184	4.633214473724365	0.08345937728881836
4.682919025421143	4.669733047485352	0.013185977935791016
4.586415767669678	4.440661907196045	0.1457538604736328
4.388265609741211	4.39682674407959	-0.008561134338378906
4.670032501220703	4.689558029174805	-0.019525527954101562
4.780824184417725	4.749573707580566	0.0312504768371582
4.280140399932861	4.148306846618652	0.13183355331420898
4.678108215332031	4.640628337860107	0.03747987747192383
4.746423244476318	4.7056355476379395	0.040787696838378906
4.522711277008057	4.527071475982666	-0.004360198974609375
4.564823627471924	4.55433988571167	0.010483741760253906
4.878012657165527	4.868670463562012	0.009342193603515625
4.595053672790527	4.545846462249756	0.049207210540771484
4.79625129699707	4.765751838684082	0.03049945831298828
4.468682289123535	4.349173545837402	0.11950874328613281
4.379677772521973	4.3791375160217285	0.0005402565002441406
4.728976249694824	4.711756229400635	0.017220020294189453
4.707366466522217	4.649984836578369	0.057381629943847656
4.40598201751709	4.385873317718506	0.020108699798583984
4.551243782043457	4.406868934631348	0.14437484741210938
4.216732978820801	4.263218879699707	-0.04648590087890625
4.214091777801514	4.064469814300537	0.14962196350097656
4.5291829109191895	4.46362829208374	0.06555461883544922
4.258288383483887	4.287354946136475	-0.02906656265258789
4.893319129943848	4.886688709259033	0.006630420684814453
4.545155048370361	4.554531097412109	-0.009376049041748047
4.666605472564697	4.6168060302734375	0.049799442291259766
4.39550256729126	4.309875011444092	0.08562755584716797
4.60361385345459	4.643717288970947	-0.04010343551635742
4.598581314086914	4.641610145568848	-0.043028831481933594
4.48214054107666	4.460129261016846	0.022011280059814453
4.682569980621338	4.680655479431152	0.0019145011901855469
4.585934162139893	4.538717269897461	0.04721689224243164
4.77785062789917	4.731476306915283	0.04637432098388672
4.627673625946045	4.506551265716553	0.12112236022949219
4.4679274559021	4.338315963745117	0.12961149215698242
4.65078592300415	4.137614727020264	0.5131711959838867
4.570544719696045	4.537118434906006	0.03342628479003906
4.535019397735596	4.541419506072998	-0.006400108337402344
4.850657939910889	4.804605484008789	0.04605245590209961
4.641560077667236	4.6341233253479	0.0074367523193359375
4.795923709869385	4.733248233795166	0.06267547607421875
4.8495097160339355	4.820647716522217	0.02886199951171875
4.611390590667725	4.571004390716553	0.040386199951171875
4.889499664306641	4.876978397369385	0.01252126693725586
4.748669624328613	4.612860202789307	0.13580942153930664
4.6871161460876465	4.653811454772949	0.033304691314697266
4.713949680328369	4.691075325012207	0.02287435531616211
4.5831403732299805	4.560543537139893	0.02259683609008789
4.652459621429443	4.631581783294678	0.020877838134765625
4.455583095550537	4.439905643463135	0.015677452087402344
4.369404315948486	4.428692817687988	-0.05928850173950195
4.570200443267822	4.580718517303467	-0.010518074035644531
4.8908209800720215	4.855026721954346	0.03579425811767578
4.4506025314331055	4.296067237854004	0.15453529357910156
4.597443580627441	4.557356357574463	0.040087223052978516
4.656581401824951	4.669919490814209	-0.013338088989257812
4.275720119476318	3.977552890777588	0.29816722869873047
4.400871276855469	4.208859443664551	0.19201183319091797
4.909782409667969	4.906227111816406	0.0035552978515625
4.741386413574219	4.704769134521484	0.036617279052734375
4.521909236907959	4.555553436279297	-0.03364419937133789
4.619807720184326	4.641963481903076	-0.02215576171875
4.3669891357421875	4.435852527618408	-0.0688633918762207
4.507073402404785	4.496602535247803	0.010470867156982422
4.834429740905762	4.796844005584717	0.03758573532104492
4.687849044799805	4.6626973152160645	0.025151729583740234
4.322071075439453	4.3182373046875	0.003833770751953125
4.464674472808838	4.415800094604492	0.0488743782043457
4.536198616027832	4.486208438873291	0.049990177154541016
4.891717433929443	4.8547682762146	0.03694915771484375
4.560996055603027	4.4728827476501465	0.08811330795288086
4.560757160186768	4.52709436416626	0.03366279602050781
4.672292709350586	4.73935604095459	-0.0670633316040039
4.418226718902588	4.235833644866943	0.18239307403564453
4.371230602264404	4.351630210876465	0.019600391387939453
4.832844257354736	4.769530773162842	0.06331348419189453
4.762673854827881	4.730765342712402	0.031908512115478516
4.367984771728516	4.319631099700928	0.04835367202758789
4.741860866546631	4.652370929718018	0.08948993682861328
4.8431715965271	4.8349175453186035	0.008254051208496094
4.4528703689575195	4.453366756439209	-0.0004963874816894531
4.497546672821045	4.464270114898682	0.03327655792236328
4.43097448348999	4.394523620605469	0.036450862884521484
4.8088908195495605	4.825064182281494	-0.016173362731933594
4.729168891906738	4.668182849884033	0.06098604202270508
4.851178169250488	4.849267959594727	0.0019102096557617188
4.701542377471924	4.6886138916015625	0.012928485870361328
4.758265018463135	4.779825687408447	-0.0215606689453125
4.595788478851318	4.574018955230713	0.02176952362060547
4.5666985511779785	4.55978536605835	0.006913185119628906
4.248384475708008	4.109330654144287	0.1390538215637207
4.59305477142334	4.661438465118408	-0.06838369369506836
4.8945159912109375	4.876481533050537	0.01803445816040039
4.538323879241943	4.385186672210693	0.15313720703125
4.1945295333862305	4.217654228210449	-0.02312469482421875
4.659434795379639	4.643867492675781	0.015567302703857422
4.732178688049316	4.6400146484375	0.0921640396118164
4.388393878936768	4.281833171844482	0.10656070709228516
4.589796543121338	4.572432041168213	0.017364501953125
4.8426713943481445	4.871431827545166	-0.028760433197021484
4.484626293182373	4.388784885406494	0.0958414077758789
4.434420585632324	4.266623497009277	0.16779708862304688
4.748241901397705	4.7265400886535645	0.021701812744140625
4.545981407165527	4.5255279541015625	0.020453453063964844
4.5370001792907715	4.502858638763428	0.03414154052734375
4.415090084075928	4.4389119148254395	-0.02382183074951172
4.805722713470459	4.731851577758789	0.07387113571166992
4.483094215393066	4.536506652832031	-0.053412437438964844
4.818810939788818	4.777601718902588	0.04120922088623047
4.3747239112854	4.333542346954346	0.04118156433105469
4.613356113433838	4.57150411605835	0.04185199737548828
4.656093120574951	4.659134387969971	-0.0030412673950195312
4.845903396606445	4.8559746742248535	-0.010071277618408203
4.751368045806885	4.672006607055664	0.0793614387512207
4.458048343658447	4.504012107849121	-0.04596376419067383
4.356438159942627	4.302188873291016	0.05424928665161133
4.346925735473633	4.220789909362793	0.12613582611083984
4.299694061279297	4.3293280601501465	-0.02963399887084961
4.839990615844727	4.8166303634643555	0.023360252380371094
4.266478538513184	4.2457990646362305	0.020679473876953125
4.229675769805908	4.222873210906982	0.006802558898925781
4.596498012542725	4.5498785972595215	0.046619415283203125
4.517268180847168	4.396066188812256	0.12120199203491211
4.271601676940918	4.1514716148376465	0.12013006210327148
4.467655181884766	4.433210849761963	0.034444332122802734
4.776246070861816	4.680858135223389	0.09538793563842773
4.777573585510254	4.719467639923096	0.0581059455871582
4.469061374664307	4.44745397567749	0.021607398986816406
4.247516632080078	4.239737033843994	0.007779598236083984
4.5255351066589355	4.498104095458984	0.027431011199951172
4.47659969329834	4.45908784866333	0.017511844635009766
4.581110000610352	4.556840419769287	0.024269580841064453
4.420889377593994	4.368531703948975	0.05235767364501953
4.3358306884765625	4.217391490936279	0.1184391975402832
4.756588459014893	4.756891250610352	-0.0003027915954589844
4.663803577423096	4.595093727111816	0.0687098503112793
4.834319591522217	4.836393356323242	-0.0020737648010253906
4.636810302734375	4.519930362701416	0.11687994003295898
4.86161994934082	4.811729431152344	0.04989051818847656
4.618775367736816	4.553133964538574	0.06564140319824219
4.600613117218018	4.524905681610107	0.07570743560791016
4.747530937194824	4.734793663024902	0.012737274169921875
4.666013717651367	4.6487507820129395	0.017262935638427734
4.548861026763916	4.5419020652771	0.006958961486816406
4.802699565887451	4.811791896820068	-0.009092330932617188
4.568919658660889	4.579250812530518	-0.010331153869628906
4.665877342224121	4.680975914001465	-0.01509857177734375
4.5444254875183105	4.592422008514404	-0.04799652099609375
4.858916282653809	4.861844539642334	-0.0029282569885253906
4.531574249267578	4.542000770568848	-0.010426521301269531
4.631633281707764	4.684902191162109	-0.0532689094543457
4.439255237579346	4.361663341522217	0.0775918960571289
4.741729259490967	4.7061767578125	0.0355525016784668
4.686988830566406	4.698213577270508	-0.011224746704101562
4.513804912567139	4.490760326385498	0.023044586181640625
4.436214447021484	4.261621952056885	0.1745924949645996
4.63434362411499	4.574974060058594	0.059369564056396484
4.465237140655518	4.327924728393555	0.1373124122619629
4.527903079986572	4.519665241241455	0.008237838745117188
4.662116527557373	4.628218650817871	0.03389787673950195
4.563081741333008	4.493401527404785	0.06968021392822266
4.725031852722168	4.67787504196167	0.04715681076049805
4.284117698669434	4.1211981773376465	0.1629195213317871
4.7901225090026855	4.76564359664917	0.024478912353515625
4.5864763259887695	4.489963531494141	0.0965127944946289
4.736586570739746	4.746161937713623	-0.009575366973876953
4.673552513122559	4.694968223571777	-0.02141571044921875
4.597238540649414	4.6793293952941895	-0.08209085464477539
4.855356693267822	4.82408332824707	0.03127336502075195
4.818321704864502	4.8335065841674805	-0.015184879302978516
4.800577640533447	4.7113165855407715	0.08926105499267578
4.788777828216553	4.763711452484131	0.025066375732421875
4.673164367675781	4.59771728515625	0.07544708251953125
4.365070819854736	4.230502128601074	0.1345686912536621
4.905276298522949	4.9018025398254395	0.0034737586975097656
4.588597774505615	4.594059944152832	-0.005462169647216797
4.598341464996338	4.577443599700928	0.020897865295410156
4.568575382232666	4.445767879486084	0.12280750274658203
4.868443965911865	4.821854591369629	0.04658937454223633
4.533411502838135	4.576513290405273	-0.04310178756713867
4.360109806060791	4.310368061065674	0.04974174499511719
4.333606719970703	4.331984996795654	0.0016217231750488281
4.5723161697387695	4.474088668823242	0.09822750091552734
4.539578914642334	4.504282474517822	0.03529644012451172
4.165002346038818	4.174846649169922	-0.009844303131103516
4.5877461433410645	4.462927341461182	0.12481880187988281
4.70162296295166	4.665933132171631	0.0356898307800293
4.587053298950195	4.589091777801514	-0.0020384788513183594
4.543053150177002	4.540011882781982	0.0030412673950195312
4.630472660064697	4.467257976531982	0.16321468353271484
4.328376770019531	4.389358043670654	-0.06098127365112305
4.930883884429932	4.917109966278076	0.013773918151855469
4.460251331329346	4.547767639160156	-0.08751630783081055
4.6287455558776855	4.7921600341796875	-0.16341447830200195
4.577447414398193	4.534006595611572	0.043440818786621094
4.804239273071289	4.768428802490234	0.03581047058105469
4.516982078552246	4.495750904083252	0.02123117446899414
4.854207515716553	4.79903507232666	0.05517244338989258
4.612649440765381	4.558203220367432	0.05444622039794922
4.58093786239624	4.548275947570801	0.03266191482543945
4.516785621643066	4.531290054321289	-0.014504432678222656
4.463464736938477	4.302858829498291	0.16060590744018555
4.5851945877075195	4.423831462860107	0.1613631248474121
4.881571292877197	4.847668170928955	0.03390312194824219
4.806771755218506	4.717362403869629	0.08940935134887695
4.518271446228027	4.482255935668945	0.03601551055908203
4.610545635223389	4.61628532409668	-0.005739688873291016
4.483363628387451	4.449925422668457	0.03343820571899414
4.65437650680542	4.572439193725586	0.08193731307983398
4.679933547973633	4.64821720123291	0.031716346740722656
4.394112586975098	4.396422863006592	-0.0023102760314941406
4.457537651062012	4.407193183898926	0.05034446716308594
4.616430282592773	4.639942646026611	-0.02351236343383789
4.719600200653076	4.7043681144714355	0.015232086181640625
4.567149639129639	4.582793712615967	-0.015644073486328125
4.560636043548584	4.579827785491943	-0.019191741943359375
4.7447509765625	4.738234043121338	0.006516933441162109
4.473486423492432	4.450897693634033	0.022588729858398438
4.841676235198975	4.77150297164917	0.07017326354980469
4.273331165313721	4.238433361053467	0.034897804260253906
4.508795261383057	4.452820301055908	0.05597496032714844
4.3902435302734375	4.232391834259033	0.1578516960144043
4.335330486297607	4.301756381988525	0.03357410430908203
4.3191962242126465	4.388584136962891	-0.06938791275024414
4.693068504333496	4.439952850341797	0.2531156539916992
4.8415679931640625	4.811191082000732	0.030376911163330078
4.849287509918213	4.804318428039551	0.04496908187866211
4.517904758453369	4.462966442108154	0.054938316345214844
4.688659191131592	4.635276794433594	0.05338239669799805
4.7266459465026855	4.674993991851807	0.051651954650878906
4.720757961273193	4.630924224853516	0.08983373641967773
4.225924491882324	4.1958465576171875	0.03007793426513672
4.513632774353027	4.319640159606934	0.19399261474609375
4.554352760314941	4.397104263305664	0.15724849700927734
4.421658992767334	4.381616115570068	0.040042877197265625
4.31188440322876	4.291182518005371	0.020701885223388672
4.592191696166992	4.524523735046387	0.06766796112060547
4.875865459442139	4.876433849334717	-0.000568389892578125
4.632795333862305	4.5980401039123535	0.03475522994995117
4.445929527282715	4.43250846862793	0.013421058654785156
4.8278279304504395	4.754645824432373	0.0731821060180664
4.439042568206787	4.4516377449035645	-0.012595176696777344
4.441730499267578	4.427617073059082	0.014113426208496094
4.48811149597168	4.573527812957764	-0.08541631698608398
4.55028772354126	4.529876708984375	0.020411014556884766
4.766489505767822	4.5593647956848145	0.2071247100830078
4.520111560821533	4.592409133911133	-0.07229757308959961
4.486452579498291	4.512526512145996	-0.026073932647705078
4.883791446685791	4.878378868103027	0.005412578582763672
4.277860164642334	4.3155741691589355	-0.03771400451660156
4.162100791931152	4.014942169189453	0.14715862274169922
4.441206932067871	4.441225528717041	-1.8596649169921875e-05
4.366499423980713	4.24589204788208	0.12060737609863281
4.5418171882629395	4.441295623779297	0.10052156448364258
4.561529159545898	4.570715427398682	-0.009186267852783203
4.335867404937744	4.267117977142334	0.06874942779541016
4.71276330947876	4.536126136779785	0.1766371726989746
4.3080525398254395	4.136663436889648	0.17138910293579102
4.600787162780762	4.603823184967041	-0.003036022186279297
4.472102642059326	4.390653133392334	0.08144950866699219
4.659728527069092	4.653518199920654	0.0062103271484375
4.140223503112793	4.086672782897949	0.05355072021484375
4.837094306945801	4.815277576446533	0.021816730499267578
4.602912425994873	4.5995612144470215	0.0033512115478515625
4.7838006019592285	4.749464988708496	0.03433561325073242
4.752506256103516	4.6911396980285645	0.06136655807495117
4.778212070465088	4.747025489807129	0.031186580657958984
4.736412525177002	4.700254440307617	0.036158084869384766
4.620551109313965	4.54359769821167	0.07695341110229492
4.462692737579346	4.497797012329102	-0.03510427474975586
4.861064434051514	4.872260093688965	-0.011195659637451172
4.248779296875	4.254772663116455	-0.005993366241455078
4.69899845123291	4.634247303009033	0.06475114822387695
4.737700462341309	4.713897228240967	0.023803234100341797
4.770960330963135	4.7378129959106445	0.033147335052490234
4.781118392944336	4.730424880981445	0.050693511962890625
4.72413969039917	4.684704303741455	0.039435386657714844
4.69940710067749	4.694080829620361	0.005326271057128906
4.046276569366455	3.991276264190674	0.05500030517578125
4.378422260284424	4.346045970916748	0.03237628936767578
4.246177673339844	4.1582350730896	0.08794260025024414
4.6270246505737305	4.600381374359131	0.02664327621459961
4.835664749145508	4.802012920379639	0.03365182876586914
4.362106800079346	4.231471538543701	0.13063526153564453
4.131307601928711	4.037266254425049	0.09404134750366211
4.7021803855896	4.713425636291504	-0.011245250701904297
4.749631404876709	4.741356372833252	0.008275032043457031
4.329642295837402	4.26769495010376	0.06194734573364258
4.495421886444092	4.410310745239258	0.08511114120483398
4.641226768493652	4.568818092346191	0.07240867614746094
4.7288384437561035	4.666842937469482	0.061995506286621094
4.568967342376709	4.5345988273620605	0.03436851501464844
4.74751615524292	4.755856037139893	-0.008339881896972656
4.8760600090026855	4.892858982086182	-0.016798973083496094
4.732287883758545	4.664280414581299	0.0680074691772461
4.580197334289551	4.60017728805542	-0.01997995376586914
4.739149570465088	4.749948978424072	-0.010799407958984375
4.246856212615967	4.199608325958252	0.047247886657714844
4.347839832305908	4.32652473449707	0.02131509780883789
4.310593128204346	4.2468719482421875	0.0637211799621582
4.445315837860107	4.383377552032471	0.06193828582763672
4.700007438659668	4.671158790588379	0.028848648071289062
4.522672653198242	4.565002918243408	-0.042330265045166016
4.530973434448242	4.466325759887695	0.06464767456054688
4.528704643249512	4.574825763702393	-0.04612112045288086
4.702138423919678	4.593966484069824	0.10817193984985352
4.580844402313232	4.504367351531982	0.07647705078125
4.31555700302124	3.89298939704895	0.42256760597229004
4.255145072937012	4.224945545196533	0.030199527740478516
4.542232036590576	4.44331693649292	0.09891510009765625
4.627628326416016	4.581318378448486	0.0463099479675293
4.695332050323486	4.428394317626953	0.2669377326965332
4.676314830780029	4.6526007652282715	0.023714065551757812
4.519484519958496	4.498344898223877	0.02113962173461914
4.745481014251709	4.72739839553833	0.018082618713378906
4.752968788146973	4.714873313903809	0.03809547424316406
4.849053859710693	4.811546802520752	0.037507057189941406
4.8166890144348145	4.7973833084106445	0.019305706024169922
4.612543106079102	4.459745407104492	0.15279769897460938
4.761078357696533	4.711142539978027	0.04993581771850586
4.652862548828125	4.644546031951904	0.008316516876220703
4.542248249053955	4.467800617218018	0.0744476318359375
4.5031418800354	4.414597511291504	0.08854436874389648
4.7174906730651855	4.667743682861328	0.04974699020385742
4.545444488525391	4.5193915367126465	0.02605295181274414
4.5108842849731445	4.450967311859131	0.05991697311401367
4.570864200592041	4.4682817459106445	0.10258245468139648
4.373253345489502	4.321058750152588	0.05219459533691406
4.473458766937256	4.361201286315918	0.11225748062133789
4.584871292114258	4.481792449951172	0.10307884216308594
4.857967853546143	4.814608097076416	0.04335975646972656
4.861832618713379	4.772995471954346	0.0888371467590332
4.450242519378662	4.4246931076049805	0.02554941177368164
4.300475597381592	4.3860673904418945	-0.08559179306030273
4.527520656585693	4.485661506652832	0.04185914993286133
4.236754417419434	4.109205722808838	0.1275486946105957
4.522428512573242	4.4745378494262695	0.047890663146972656
4.708697319030762	4.642255783081055	0.06644153594970703
4.658406734466553	4.619706153869629	0.03870058059692383
4.773313999176025	4.667967319488525	0.1053466796875
4.6620259284973145	4.559434413909912	0.10259151458740234
4.856848239898682	4.8754401206970215	-0.018591880798339844
4.686873435974121	4.615977764129639	0.07089567184448242
4.638858318328857	4.616832256317139	0.02202606201171875
4.7668023109436035	4.654574394226074	0.1122279167175293
4.344608783721924	4.204926490783691	0.13968229293823242
4.843097686767578	4.763058185577393	0.08003950119018555
4.712821006774902	4.724318981170654	-0.011497974395751953
4.594798564910889	4.600802898406982	-0.00600433349609375
4.884218215942383	4.877613544464111	0.006604671478271484
4.860960483551025	4.858720302581787	0.0022401809692382812
4.7932257652282715	4.757994174957275	0.035231590270996094
4.527098178863525	4.403817653656006	0.12328052520751953
4.2925705909729	4.164762496948242	0.1278080940246582
4.764036655426025	4.710588455200195	0.05344820022583008
4.670487403869629	4.604197025299072	0.06629037857055664
4.1699538230896	3.9887828826904297	0.18117094039916992
4.020902633666992	3.772709369659424	0.24819326400756836
4.30111837387085	4.233791828155518	0.06732654571533203
4.606042385101318	4.599818706512451	0.0062236785888671875
4.528860569000244	4.5486321449279785	-0.019771575927734375
4.4311842918396	4.4449543952941895	-0.013770103454589844
4.860665321350098	4.882152557373047	-0.02148723602294922
4.742593288421631	4.677984237670898	0.06460905075073242
4.671751976013184	4.625992774963379	0.04575920104980469
4.862660884857178	4.850329399108887	0.012331485748291016
4.3379693031311035	4.005841255187988	0.33212804794311523
4.725917816162109	4.671964168548584	0.05395364761352539
4.790223598480225	4.7834954261779785	0.006728172302246094
4.615362644195557	4.586225509643555	0.029137134552001953
4.389389991760254	4.330323696136475	0.0590662956237793
4.34607458114624	4.284176349639893	0.061898231506347656
4.5828328132629395	4.531646728515625	0.05118608474731445
4.763481616973877	4.745964527130127	0.01751708984375
4.858707904815674	4.867218494415283	-0.008510589599609375
4.739492893218994	4.681314945220947	0.058177947998046875
4.411490440368652	4.367098808288574	0.044391632080078125
4.601407051086426	4.5235066413879395	0.07790040969848633
4.758427619934082	4.750458240509033	0.007969379425048828
4.626053333282471	4.560622692108154	0.0654306411743164
4.746347427368164	4.655735492706299	0.09061193466186523
4.5525994300842285	4.376706600189209	0.17589282989501953
4.323358058929443	4.378041744232178	-0.054683685302734375
4.447329998016357	4.487223148345947	-0.039893150329589844
4.68657922744751	4.59614896774292	0.09043025970458984
4.691018104553223	4.667780876159668	0.023237228393554688
4.628889083862305	4.458205223083496	0.1706838607788086
4.890596866607666	4.862748622894287	0.027848243713378906
4.423132419586182	4.346529483795166	0.07660293579101562
4.354119777679443	4.303022861480713	0.05109691619873047
4.2687668800354	4.349205493927002	-0.08043861389160156
4.3078179359436035	4.294548988342285	0.01326894760131836
4.863167762756348	4.76840877532959	0.09475898742675781
4.704310894012451	4.587432861328125	0.11687803268432617
4.680725574493408	4.631289005279541	0.04943656921386719
4.734884738922119	4.71018123626709	0.024703502655029297
4.734235763549805	4.735439300537109	-0.0012035369873046875
4.745626926422119	4.698184490203857	0.04744243621826172
4.1842427253723145	4.094113826751709	0.09012889862060547
4.840102195739746	4.823619365692139	0.016482830047607422
4.828807353973389	4.827020168304443	0.0017871856689453125
4.44887113571167	4.357398509979248	0.09147262573242188
4.602083683013916	4.585849285125732	0.016234397888183594
4.744058132171631	4.684938907623291	0.059119224548339844
4.228821277618408	4.268996715545654	-0.040175437927246094
4.321698188781738	4.394598007202148	-0.07289981842041016
4.547765254974365	4.375785827636719	0.17197942733764648
4.731329441070557	4.6634697914123535	0.06785964965820312
4.615121364593506	4.527558326721191	0.08756303787231445
4.5114216804504395	4.513340473175049	-0.001918792724609375
4.1238112449646	4.000004291534424	0.12380695343017578
4.85111141204834	4.8718743324279785	-0.020762920379638672
4.564365863800049	4.475683689117432	0.08868217468261719
4.416792392730713	4.336962699890137	0.07982969284057617
4.856253623962402	4.835728645324707	0.020524978637695312
4.764647960662842	4.751393795013428	0.013254165649414062
4.291624069213867	4.248833179473877	0.042790889739990234
4.591170310974121	4.490739822387695	0.10043048858642578
4.671617031097412	4.685575485229492	-0.013958454132080078
4.133150577545166	4.00753116607666	0.12561941146850586
4.6858229637146	4.5315351486206055	0.15428781509399414
4.458495616912842	4.370387077331543	0.08810853958129883
4.558581829071045	4.5566086769104	0.0019731521606445312
4.542543411254883	4.586174964904785	-0.043631553649902344
4.579886436462402	4.535641670227051	0.04424476623535156
4.318637371063232	4.2235236167907715	0.09511375427246094
4.470016956329346	4.499514579772949	-0.029497623443603516
4.53605842590332	4.505722522735596	0.03033590316772461
4.662650108337402	4.642599582672119	0.020050525665283203
4.679729461669922	4.6777143478393555	0.0020151138305664062
4.478604316711426	4.426161289215088	0.05244302749633789
4.52271032333374	4.438694000244141	0.08401632308959961
4.496324062347412	4.3757781982421875	0.12054586410522461
4.809956073760986	4.81733512878418	-0.007379055023193359
4.652419567108154	4.511874675750732	0.14054489135742188
4.562997341156006	4.588017463684082	-0.025020122528076172
4.730180263519287	4.674968719482422	0.055211544036865234
4.335649490356445	4.386171817779541	-0.0505223274230957
4.509010314941406	4.515237331390381	-0.006227016448974609
4.6670241355896	4.464561939239502	0.20246219635009766
4.7127366065979	4.679096221923828	0.033640384674072266
4.450103282928467	4.473742485046387	-0.023639202117919922
4.4304914474487305	4.077413558959961	0.35307788848876953
4.623954772949219	4.562624454498291	0.061330318450927734
4.717189788818359	4.681099891662598	0.03608989715576172
4.517197608947754	4.538886070251465	-0.021688461303710938
4.537493705749512	4.591003894805908	-0.053510189056396484
4.7681050300598145	4.710981369018555	0.057123661041259766
4.6498589515686035	4.660484790802002	-0.010625839233398438
4.6734724044799805	4.638754844665527	0.034717559814453125
4.484276294708252	4.375949382781982	0.10832691192626953
4.49022102355957	4.421635150909424	0.06858587265014648
4.457716464996338	4.438933372497559	0.018783092498779297
4.27437686920166	4.088930130004883	0.18544673919677734
4.767261981964111	4.735152721405029	0.03210926055908203
4.835164546966553	4.821675777435303	0.01348876953125
4.663565158843994	4.47556209564209	0.1880030632019043
4.510000705718994	4.5635809898376465	-0.053580284118652344
4.806743144989014	4.757638454437256	0.04910469055175781
4.258218765258789	4.241824150085449	0.016394615173339844
4.4121527671813965	4.3060736656188965	0.1060791015625
4.48469877243042	4.442781448364258	0.04191732406616211
4.420432090759277	4.3623857498168945	0.05804634094238281
4.748692989349365	4.654007911682129	0.09468507766723633
4.427454948425293	4.474676609039307	-0.04722166061401367
4.4595770835876465	4.440322399139404	0.019254684448242188
4.5645012855529785	4.461231231689453	0.10327005386352539
4.416081428527832	4.344422817230225	0.07165861129760742
4.597871780395508	4.481895446777344	0.11597633361816406
4.6599555015563965	4.62877082824707	0.031184673309326172
4.404646873474121	4.334364414215088	0.0702824592590332
4.462320327758789	4.371159553527832	0.09116077423095703
4.5728864669799805	4.594281196594238	-0.021394729614257812
4.630520343780518	4.3198418617248535	0.31067848205566406
4.698351860046387	4.658300399780273	0.04005146026611328
4.360415935516357	4.427844047546387	-0.0674281120300293
4.367739200592041	4.273919105529785	0.09382009506225586
4.124124526977539	4.0226922035217285	0.10143232345581055
4.453936576843262	4.405036926269531	0.04889965057373047
4.573026180267334	4.565932273864746	0.007093906402587891
4.93582820892334	4.928284645080566	0.0075435638427734375
4.2295098304748535	4.163173198699951	0.06633663177490234
4.708868980407715	4.691030502319336	0.017838478088378906
4.430317401885986	4.4693145751953125	-0.03899717330932617
4.4922776222229	4.450385093688965	0.04189252853393555
4.599845886230469	4.600751876831055	-0.0009059906005859375
4.587465763092041	4.529821395874023	0.05764436721801758
4.440174102783203	4.412778377532959	0.02739572525024414
4.4436936378479	4.413531303405762	0.030162334442138672
4.274839401245117	4.323732852935791	-0.04889345169067383
4.3436479568481445	4.3588385581970215	-0.015190601348876953
4.783862113952637	4.774060249328613	0.009801864624023438
4.219886302947998	4.197061538696289	0.022824764251708984
4.863088130950928	4.810738563537598	0.05234956741333008
4.309814929962158	4.256836414337158	0.052978515625
4.546566486358643	4.216400146484375	0.3301663398742676
4.47575044631958	4.482386112213135	-0.0066356658935546875
4.609302997589111	4.653324604034424	-0.0440216064453125
4.521530628204346	4.4487714767456055	0.07275915145874023
4.612186908721924	4.589690685272217	0.02249622344970703
4.7284345626831055	4.713653087615967	0.014781475067138672
4.466013431549072	4.457525730133057	0.008487701416015625
4.461598873138428	4.371328353881836	0.0902705192565918
4.49707555770874	4.448953628540039	0.04812192916870117
4.524952411651611	4.390135288238525	0.13481712341308594
4.471429824829102	4.547223091125488	-0.07579326629638672
4.491090297698975	4.5322346687316895	-0.041144371032714844
4.7674360275268555	4.748292446136475	0.01914358139038086
4.5847320556640625	4.58460807800293	0.0001239776611328125
4.662723064422607	4.661041736602783	0.0016813278198242188
4.720566272735596	4.661681175231934	0.05888509750366211
4.540336608886719	4.5478715896606445	-0.007534980773925781
4.5581231117248535	4.581363201141357	-0.023240089416503906
4.2966084480285645	4.273193359375	0.023415088653564453
4.533649444580078	4.486619472503662	0.047029972076416016
4.760033130645752	4.734976768493652	0.02505636215209961
4.265650749206543	4.233733654022217	0.03191709518432617
4.564607620239258	4.576117515563965	-0.011509895324707031
4.708363056182861	4.731573581695557	-0.023210525512695312
4.203167915344238	4.24315881729126	-0.039990901947021484
4.889983177185059	4.877772808074951	0.012210369110107422
4.811374187469482	4.809202671051025	0.0021715164184570312
4.789524078369141	4.824462413787842	-0.03493833541870117
4.352991580963135	4.3281683921813965	0.02482318878173828
4.733874797821045	4.685937404632568	0.04793739318847656
4.817394733428955	4.740393161773682	0.07700157165527344
4.444191932678223	4.308734893798828	0.13545703887939453
4.807394027709961	4.806666374206543	0.0007276535034179688
4.687048435211182	4.6150617599487305	0.07198667526245117
4.531570911407471	4.506550312042236	0.025020599365234375
4.879640579223633	4.879850387573242	-0.000209808349609375
4.371213912963867	4.405548572540283	-0.034334659576416016
4.340536117553711	4.17435359954834	0.1661825180053711
4.651022911071777	4.652850151062012	-0.001827239990234375
4.725080490112305	4.628576755523682	0.09650373458862305
4.550269603729248	4.437917232513428	0.11235237121582031
4.390382766723633	4.495689392089844	-0.10530662536621094
4.770321369171143	4.765915393829346	0.004405975341796875
4.774329662322998	4.704109191894531	0.0702204704284668
4.745558738708496	4.735411643981934	0.0101470947265625
4.577783584594727	4.551121711730957	0.02666187286376953
4.793510437011719	4.8042426109313965	-0.010732173919677734
4.55448579788208	4.550845146179199	0.0036406517028808594
4.395085334777832	4.406636714935303	-0.011551380157470703
4.317997932434082	4.209547996520996	0.10844993591308594
4.387020587921143	4.404553413391113	-0.017532825469970703
4.604442119598389	4.637499809265137	-0.03305768966674805
4.656470775604248	4.555979251861572	0.10049152374267578
4.555181503295898	4.4981608390808105	0.05702066421508789
4.688547611236572	4.654173851013184	0.03437376022338867
4.223318099975586	4.116448879241943	0.10686922073364258
4.869143009185791	4.841193675994873	0.02794933319091797
4.594293594360352	4.634287357330322	-0.0399937629699707
4.446065902709961	4.38916540145874	0.0569005012512207
4.922451972961426	4.917593479156494	0.004858493804931641
4.671380996704102	4.588476657867432	0.08290433883666992
4.630663871765137	4.651905536651611	-0.02124166488647461
4.174387454986572	4.112349033355713	0.062038421630859375
4.536143779754639	4.5285964012146	0.0075473785400390625
4.545890808105469	4.5726189613342285	-0.026728153228759766
4.651200294494629	4.620079517364502	0.031120777130126953
4.681040287017822	4.691506385803223	-0.01046609878540039
4.447133541107178	4.357437610626221	0.08969593048095703
4.41234827041626	4.366405963897705	0.04594230651855469
4.78977108001709	4.719571590423584	0.07019948959350586
4.508956432342529	4.518904209136963	-0.009947776794433594
4.367112636566162	4.436334133148193	-0.06922149658203125
4.676051616668701	4.654186725616455	0.021864891052246094
4.715106964111328	4.599799633026123	0.11530733108520508
4.542844772338867	4.509627819061279	0.03321695327758789
4.883826732635498	4.865720748901367	0.01810598373413086
4.709519386291504	4.6665940284729	0.042925357818603516
4.468400478363037	4.486154079437256	-0.01775360107421875
4.479187488555908	4.343977451324463	0.1352100372314453
4.53970193862915	4.5049262046813965	0.034775733947753906
4.7737717628479	4.663058757781982	0.11071300506591797
4.776321887969971	4.723710060119629	0.0526118278503418
4.669173717498779	4.64097785949707	0.028195858001708984
4.8677659034729	4.861271381378174	0.0064945220947265625
4.365078449249268	4.372601509094238	-0.007523059844970703
4.379909038543701	4.385194301605225	-0.0052852630615234375
4.831154823303223	4.765913486480713	0.06524133682250977
4.465024948120117	4.437036991119385	0.027987957000732422
4.409657001495361	4.3541646003723145	0.055492401123046875
4.311749458312988	4.283600807189941	0.028148651123046875
4.2261552810668945	4.1218109130859375	0.10434436798095703
4.579358100891113	4.609518051147461	-0.030159950256347656
4.629238605499268	4.647674083709717	-0.01843547821044922
4.092342376708984	3.9888620376586914	0.10348033905029297
4.478921413421631	4.4298415184021	0.04907989501953125
4.740805149078369	4.716513633728027	0.024291515350341797
4.770962238311768	4.7643818855285645	0.006580352783203125
4.733250617980957	4.744372367858887	-0.011121749877929688
4.527145862579346	4.547199249267578	-0.020053386688232422
4.461154460906982	4.429630756378174	0.031523704528808594
4.802947521209717	4.758029937744141	0.04491758346557617
4.6566972732543945	4.499600887298584	0.15709638595581055
4.515542030334473	4.530566692352295	-0.015024662017822266
4.545977592468262	4.545684814453125	0.00029277801513671875
4.350413799285889	4.403494834899902	-0.05308103561401367
4.547849178314209	4.5929670333862305	-0.045117855072021484
4.517061710357666	4.4484639167785645	0.06859779357910156
4.455023288726807	4.422998428344727	0.03202486038208008
4.556389808654785	4.574901103973389	-0.018511295318603516
4.836063385009766	4.832523822784424	0.003539562225341797
4.627814292907715	4.545567512512207	0.08224678039550781
4.307647228240967	4.338312149047852	-0.030664920806884766
4.683039665222168	4.6247878074646	0.05825185775756836
4.27722692489624	4.189996719360352	0.08723020553588867
4.737729549407959	4.678966999053955	0.058762550354003906
4.630648136138916	4.592363357543945	0.0382847785949707
4.5744853019714355	4.6008758544921875	-0.026390552520751953
4.156322002410889	4.016535758972168	0.1397862434387207
4.731659412384033	4.675790309906006	0.055869102478027344
4.66558313369751	4.643087863922119	0.022495269775390625
4.465165615081787	4.327394962310791	0.1377706527709961
4.765263080596924	4.755943775177002	0.009319305419921875
4.844320297241211	4.847660064697266	-0.0033397674560546875
4.585890769958496	4.501519203186035	0.08437156677246094
4.591062545776367	4.54243278503418	0.0486297607421875
4.555386066436768	4.53619384765625	0.019192218780517578
4.100131034851074	3.8060967922210693	0.2940342426300049
4.614198207855225	4.618359565734863	-0.004161357879638672
4.597172737121582	4.566545486450195	0.03062725067138672
4.6945085525512695	4.679961204528809	0.014547348022460938
4.806020259857178	4.789100170135498	0.016920089721679688
4.775679111480713	4.79671573638916	-0.021036624908447266
4.318938732147217	4.37349796295166	-0.05455923080444336
4.304320812225342	4.228569507598877	0.07575130462646484
4.363804817199707	4.452651500701904	-0.08884668350219727
4.2089924812316895	4.216855525970459	-0.007863044738769531
4.822317600250244	4.778176784515381	0.04414081573486328
4.469945430755615	4.361481189727783	0.10846424102783203
4.5914788246154785	4.602110385894775	-0.010631561279296875
4.235129356384277	4.184173107147217	0.05095624923706055
4.445130348205566	4.460319995880127	-0.015189647674560547
4.7671990394592285	4.762475490570068	0.004723548889160156
4.7337164878845215	4.753973484039307	-0.020256996154785156
4.650449275970459	4.427038669586182	0.22341060638427734
4.916520595550537	4.9079670906066895	0.008553504943847656
4.421660900115967	4.482037544250488	-0.060376644134521484
4.494116306304932	4.4583940505981445	0.03572225570678711
4.504806041717529	4.439783096313477	0.06502294540405273
4.401719570159912	4.346949577331543	0.05476999282836914
4.263894081115723	4.326772689819336	-0.06287860870361328
4.376317024230957	4.30485725402832	0.07145977020263672
4.634368419647217	4.698586940765381	-0.06421852111816406
4.611298084259033	4.593403339385986	0.017894744873046875
4.717341899871826	4.714064121246338	0.0032777786254882812
4.580901145935059	4.4769606590271	0.10394048690795898
4.507567882537842	4.535984039306641	-0.028416156768798828
4.252114295959473	4.116775989532471	0.13533830642700195
4.407839298248291	4.421092987060547	-0.01325368881225586
4.487127780914307	4.3969268798828125	0.09020090103149414
4.312241554260254	4.258731842041016	0.05350971221923828
4.058351993560791	3.8588974475860596	0.19945454597473145
4.762667179107666	4.7249345779418945	0.037732601165771484
4.236583232879639	4.2743449211120605	-0.037761688232421875
4.46959114074707	4.241364002227783	0.2282271385192871
4.521327018737793	4.375006198883057	0.14632081985473633
4.347883701324463	4.359764099121094	-0.01188039779663086
4.854137897491455	4.8357439041137695	0.018393993377685547
4.710354328155518	4.677549839019775	0.03280448913574219
4.3476433753967285	4.343459129333496	0.004184246063232422
4.391589164733887	4.3847808837890625	0.006808280944824219
4.747470855712891	4.772034645080566	-0.02456378936767578
4.153322696685791	4.0739922523498535	0.0793304443359375
4.891496181488037	4.852443218231201	0.03905296325683594
4.7025532722473145	4.698374271392822	0.0041790008544921875
4.510838508605957	4.308365345001221	0.20247316360473633
4.677890777587891	4.622675895690918	0.055214881896972656
4.7696332931518555	4.732645511627197	0.0369877815246582
4.698912620544434	4.67662239074707	0.02229022979736328
4.3284592628479	4.23148775100708	0.09697151184082031
4.855598449707031	4.85637903213501	-0.0007805824279785156
4.8546576499938965	4.844493389129639	0.010164260864257812
4.558508396148682	4.524936199188232	0.03357219696044922
4.482444763183594	4.485164165496826	-0.002719402313232422
4.720269680023193	4.717426300048828	0.0028433799743652344
4.661477088928223	4.624022006988525	0.037455081939697266
4.811526775360107	4.755728244781494	0.05579853057861328
4.853902339935303	4.897047519683838	-0.043145179748535156
4.526238918304443	4.5680670738220215	-0.041828155517578125
4.139070510864258	3.9943912029266357	0.14467930793762207
4.843690395355225	4.839043140411377	0.004647254943847656
4.835578441619873	4.8086724281311035	0.02690601348876953
4.533785820007324	4.447758197784424	0.08602762222290039
4.733195781707764	4.726226329803467	0.006969451904296875
4.35358190536499	4.376641750335693	-0.023059844970703125
4.474772930145264	4.4249138832092285	0.049859046936035156
4.419246673583984	4.374528408050537	0.044718265533447266
4.52183198928833	4.526337146759033	-0.004505157470703125
4.645219326019287	4.5703253746032715	0.07489395141601562
4.35956335067749	4.347695827484131	0.011867523193359375
4.679166793823242	4.607415199279785	0.07175159454345703
4.660998344421387	4.606313228607178	0.054685115814208984
4.447346210479736	4.461698055267334	-0.014351844787597656
4.5114617347717285	4.536218166351318	-0.024756431579589844
4.911634922027588	4.924600124359131	-0.012965202331542969
4.655574321746826	4.53441858291626	0.1211557388305664
4.635559558868408	4.59065580368042	0.04490375518798828
4.577456951141357	4.532797336578369	0.04465961456298828
4.840938091278076	4.817684173583984	0.023253917694091797
4.403687000274658	4.409534931182861	-0.005847930908203125
4.628224849700928	4.628890037536621	-0.0006651878356933594
4.562816619873047	4.512925148010254	0.04989147186279297
4.849307537078857	4.821377754211426	0.02792978286743164
4.4768266677856445	4.306776523590088	0.17005014419555664
4.48989725112915	4.38474702835083	0.10515022277832031
4.736948013305664	4.722680568695068	0.014267444610595703
4.849315643310547	4.74370002746582	0.10561561584472656
4.785515785217285	4.788115501403809	-0.0025997161865234375
4.903748989105225	4.888434886932373	0.015314102172851562
4.707182884216309	4.703469753265381	0.0037131309509277344
4.425970077514648	4.363372802734375	0.06259727478027344
4.642268657684326	4.647511959075928	-0.0052433013916015625
4.793137550354004	4.735485553741455	0.05765199661254883
4.881786823272705	4.8871002197265625	-0.005313396453857422
4.773787975311279	4.723258972167969	0.05052900314331055
4.693704128265381	4.60929536819458	0.08440876007080078
4.376071929931641	4.178913116455078	0.1971588134765625
4.579677104949951	4.651840686798096	-0.07216358184814453
4.488055229187012	4.450517177581787	0.03753805160522461
4.192174911499023	4.124746799468994	0.0674281120300293
4.738928318023682	4.696587085723877	0.04234123229980469
4.725914001464844	4.747554302215576	-0.021640300750732422
4.4641547203063965	4.508881568908691	-0.04472684860229492
4.465181350708008	4.407520771026611	0.057660579681396484
4.5101847648620605	4.499940395355225	0.010244369506835938
4.598679542541504	4.428372859954834	0.17030668258666992
4.802123546600342	4.826305866241455	-0.02418231964111328
4.670207500457764	4.645995616912842	0.024211883544921875
4.690598964691162	4.686891078948975	0.0037078857421875
4.4218268394470215	4.397281169891357	0.024545669555664062
4.569573402404785	4.437215328216553	0.13235807418823242
4.372000217437744	4.352578639984131	0.01942157745361328
4.852412223815918	4.841687202453613	0.010725021362304688
4.560776233673096	4.5200982093811035	0.04067802429199219
4.576465606689453	4.563357830047607	0.013107776641845703
4.749694347381592	4.726900577545166	0.02279376983642578
4.754775524139404	4.6800456047058105	0.07472991943359375
4.546314716339111	4.39762020111084	0.14869451522827148
4.445023536682129	4.3922200202941895	0.05280351638793945
4.513523101806641	4.505011558532715	0.008511543273925781
4.477128982543945	4.453882217407227	0.02324676513671875
4.547582626342773	4.560980319976807	-0.013397693634033203
4.588292598724365	4.520264148712158	0.06802845001220703
4.656092166900635	4.602358341217041	0.05373382568359375
4.218292713165283	4.254865646362305	-0.036572933197021484
4.3213276863098145	4.165036678314209	0.15629100799560547
4.449431896209717	4.243058681488037	0.2063732147216797
4.79359769821167	4.716058731079102	0.07753896713256836
4.520975112915039	4.446297645568848	0.0746774673461914
4.802355766296387	4.785080432891846	0.017275333404541016
4.546971797943115	4.445616245269775	0.10135555267333984
4.57160758972168	4.580862522125244	-0.009254932403564453
4.29600191116333	4.270694255828857	0.025307655334472656
4.836231231689453	4.798277378082275	0.037953853607177734
4.501241683959961	4.430169582366943	0.07107210159301758
4.600894451141357	4.39263391494751	0.20826053619384766
4.168606758117676	4.2736382484436035	-0.10503149032592773
4.438158988952637	4.353440284729004	0.08471870422363281
4.411650657653809	4.246979236602783	0.1646714210510254
4.568612575531006	4.57418966293335	-0.00557708740234375
4.566136360168457	4.6420416831970215	-0.07590532302856445
4.612305641174316	4.634909152984619	-0.022603511810302734
4.472290992736816	4.468307018280029	0.003983974456787109
4.892787456512451	4.903624057769775	-0.010836601257324219
4.6760993003845215	4.641047954559326	0.03505134582519531
4.326127052307129	4.1984429359436035	0.1276841163635254
4.721991062164307	4.748969554901123	-0.026978492736816406
4.589082717895508	4.507216930389404	0.08186578750610352
4.67540979385376	4.572897911071777	0.10251188278198242
4.551252365112305	4.5033698081970215	0.0478825569152832
4.7979607582092285	4.792981147766113	0.004979610443115234
4.342504024505615	4.3406476974487305	0.0018563270568847656
4.911826133728027	4.910423278808594	0.0014028549194335938
4.243935585021973	4.18765115737915	0.056284427642822266
4.229548931121826	4.073564052581787	0.15598487854003906
4.091484546661377	3.9236326217651367	0.16785192489624023
4.491491794586182	4.55710506439209	-0.0656132698059082
4.819187164306641	4.758911609649658	0.06027555465698242
4.445876598358154	4.480001449584961	-0.03412485122680664
4.841420650482178	4.847908973693848	-0.006488323211669922
4.874637603759766	4.8755717277526855	-0.0009341239929199219
4.452205657958984	4.342441082000732	0.10976457595825195
4.3938446044921875	4.3961076736450195	-0.0022630691528320312
4.470315456390381	4.397418022155762	0.07289743423461914
4.456130504608154	4.4618988037109375	-0.005768299102783203
4.711681842803955	4.705248832702637	0.006433010101318359
4.706174373626709	4.291869640350342	0.4143047332763672
4.638651371002197	4.618899345397949	0.019752025604248047
4.309302806854248	4.228936672210693	0.08036613464355469
4.4109086990356445	4.3146138191223145	0.09629487991333008
4.419354438781738	4.39162540435791	0.027729034423828125
4.390406608581543	4.3316216468811035	0.05878496170043945
4.562560558319092	4.578864097595215	-0.016303539276123047
4.740563869476318	4.74299955368042	-0.0024356842041015625
4.6463117599487305	4.676074504852295	-0.029762744903564453
4.51014518737793	4.269335746765137	0.24080944061279297
4.674124717712402	4.680239200592041	-0.006114482879638672
4.518868923187256	4.490508079528809	0.028360843658447266
4.544760227203369	4.4002604484558105	0.1444997787475586
4.864863395690918	4.860951900482178	0.003911495208740234
4.375483512878418	4.300827503204346	0.07465600967407227
4.5012030601501465	4.45908260345459	0.04212045669555664
4.819523811340332	4.787261486053467	0.032262325286865234
4.643332481384277	4.62287712097168	0.020455360412597656
4.2011284828186035	4.28179931640625	-0.08067083358764648
4.690598487854004	4.6952433586120605	-0.004644870758056641
4.7573561668396	4.799360752105713	-0.04200458526611328
4.134242534637451	4.072022438049316	0.062220096588134766
4.513098239898682	4.532570838928223	-0.019472599029541016
4.776192665100098	4.748083591461182	0.028109073638916016
4.458742141723633	4.332890033721924	0.12585210800170898
4.58816385269165	4.477006912231445	0.11115694046020508
4.552248477935791	4.500917434692383	0.0513310432434082
4.590778350830078	4.526115417480469	0.06466293334960938
4.552555561065674	4.549107551574707	0.003448009490966797
4.479089736938477	4.435534954071045	0.04355478286743164
4.36771297454834	4.280711650848389	0.08700132369995117
4.362001895904541	4.3297119140625	0.032289981842041016
4.3893022537231445	4.306850910186768	0.08245134353637695
4.725059986114502	4.655778884887695	0.06928110122680664
4.626792907714844	4.635768890380859	-0.008975982666015625
4.530517101287842	4.488204002380371	0.0423130989074707
4.169260501861572	4.1769938468933105	-0.007733345031738281
4.164750576019287	4.054337024688721	0.1104135513305664
4.9037065505981445	4.903167247772217	0.0005393028259277344
4.533442974090576	4.412535190582275	0.12090778350830078
4.829482078552246	4.798228740692139	0.03125333786010742
4.56293249130249	4.377627372741699	0.18530511856079102
4.508993148803711	4.444052219390869	0.0649409294128418
4.484781265258789	4.43397331237793	0.050807952880859375
4.3953986167907715	4.381804943084717	0.013593673706054688
4.589877605438232	4.53095817565918	0.058919429779052734
4.613084316253662	4.552535533905029	0.06054878234863281
4.4800238609313965	4.473079681396484	0.006944179534912109
4.6256890296936035	4.60288143157959	0.022807598114013672
4.221379280090332	4.247281074523926	-0.02590179443359375
4.832245349884033	4.808748245239258	0.02349710464477539
4.672262191772461	4.664356708526611	0.00790548324584961
4.765675067901611	4.7124247550964355	0.05325031280517578
4.634195804595947	4.6420063972473145	-0.0078105926513671875
4.537116050720215	4.494039058685303	0.04307699203491211
4.52622652053833	4.451798439025879	0.07442808151245117
4.728338241577148	4.616485595703125	0.11185264587402344
4.740844249725342	4.656843185424805	0.08400106430053711
4.162426948547363	4.118417739868164	0.04400920867919922
4.692405700683594	4.684352874755859	0.008052825927734375
4.402776718139648	4.362904071807861	0.03987264633178711
4.786394119262695	4.735584735870361	0.050809383392333984
4.539031505584717	4.427313327789307	0.11171817779541016
4.496488094329834	4.497248649597168	-0.0007605552673339844
4.543822288513184	4.582248687744141	-0.03842639923095703
4.929145812988281	4.924159526824951	0.004986286163330078
4.322778224945068	4.228343963623047	0.09443426132202148
4.537677764892578	4.41296911239624	0.12470865249633789
4.792463779449463	4.7470574378967285	0.045406341552734375
4.794107437133789	4.750987529754639	0.04311990737915039
4.105745315551758	3.9676408767700195	0.13810443878173828
4.467822551727295	4.459114074707031	0.008708477020263672
4.430971622467041	4.415130138397217	0.01584148406982422
4.752424240112305	4.72994327545166	0.02248096466064453
4.800962924957275	4.776186943054199	0.024775981903076172
4.798620700836182	4.817478179931641	-0.018857479095458984
4.580657482147217	4.457005023956299	0.12365245819091797
4.595093250274658	4.515688419342041	0.07940483093261719
4.881631851196289	4.875304698944092	0.006327152252197266
4.471928596496582	4.454065799713135	0.017862796783447266
4.646703243255615	4.562105655670166	0.08459758758544922
4.43516731262207	4.426417350769043	0.008749961853027344
4.871466159820557	4.870885848999023	0.0005803108215332031
4.6627583503723145	4.639875888824463	0.022882461547851562
4.799514293670654	4.7717132568359375	0.027801036834716797
4.444366455078125	4.406224250793457	0.03814220428466797
4.451549053192139	4.375828266143799	0.07572078704833984
4.627751350402832	4.635255336761475	-0.007503986358642578
4.881857872009277	4.894046306610107	-0.012188434600830078
4.743957042694092	4.638792514801025	0.1051645278930664
4.762931823730469	4.731220245361328	0.031711578369140625
4.603262424468994	4.6167402267456055	-0.013477802276611328
4.245459079742432	4.242493152618408	0.0029659271240234375
4.703171253204346	4.634439468383789	0.06873178482055664
4.60720682144165	4.589903831481934	0.017302989959716797
4.419244289398193	4.357805252075195	0.06143903732299805
4.622164726257324	4.533495903015137	0.0886688232421875
4.506229400634766	4.546055316925049	-0.0398259162902832
4.435654640197754	4.37253999710083	0.06311464309692383
4.540557861328125	4.459566593170166	0.08099126815795898
4.809816360473633	4.834712505340576	-0.02489614486694336
4.834409236907959	4.832433223724365	0.00197601318359375
4.727107048034668	4.670216083526611	0.05689096450805664
4.66924524307251	4.551631450653076	0.1176137924194336
4.726613998413086	4.690188407897949	0.03642559051513672
4.746455192565918	4.594131946563721	0.15232324600219727
4.73845100402832	4.661236763000488	0.07721424102783203
4.726254463195801	4.670145034790039	0.05610942840576172
4.509552478790283	4.475104331970215	0.03444814682006836
4.8450822830200195	4.811704635620117	0.033377647399902344
4.571486949920654	4.5335469245910645	0.037940025329589844
4.617555618286133	4.580246925354004	0.037308692932128906
