4.8563947677612305	4.882015705108643	-0.02562093734741211
4.341129779815674	4.294928550720215	0.046201229095458984
4.550347805023193	4.543715476989746	0.006632328033447266
4.677910327911377	4.67017126083374	0.007739067077636719
4.540409564971924	4.295470714569092	0.24493885040283203
4.575576305389404	4.562859058380127	0.012717247009277344
4.7731499671936035	4.839874744415283	-0.06672477722167969
4.682430744171143	4.6307783126831055	0.05165243148803711
4.281131267547607	4.18302059173584	0.09811067581176758
4.868631362915039	4.8629150390625	0.0057163238525390625
4.776627540588379	4.814340114593506	-0.03771257400512695
4.366665363311768	4.383345603942871	-0.016680240631103516
4.8261003494262695	4.831334590911865	-0.005234241485595703
4.405570983886719	4.321058750152588	0.08451223373413086
4.401398658752441	4.404986381530762	-0.0035877227783203125
4.684235095977783	4.580294132232666	0.10394096374511719
4.604012966156006	4.616302013397217	-0.012289047241210938
4.575798511505127	4.584596633911133	-0.00879812240600586
4.737979412078857	4.755333423614502	-0.01735401153564453
4.604220867156982	4.401630401611328	0.2025904655456543
4.705229759216309	4.526601314544678	0.17862844467163086
4.576685428619385	4.560211658477783	0.016473770141601562
4.714131832122803	4.736269950866699	-0.022138118743896484
4.300505638122559	4.309570789337158	-0.00906515121459961
4.754096031188965	4.770150661468506	-0.016054630279541016
4.589639663696289	4.3511643409729	0.23847532272338867
4.724513053894043	4.687293529510498	0.03721952438354492
4.434439182281494	4.446879863739014	-0.012440681457519531
4.538969039916992	4.289579391479492	0.2493896484375
4.647963047027588	4.657797813415527	-0.009834766387939453
4.7994914054870605	4.812359809875488	-0.012868404388427734
4.6967902183532715	4.742552280426025	-0.045762062072753906
4.742680072784424	4.773452281951904	-0.03077220916748047
4.540156364440918	4.332939624786377	0.20721673965454102
4.544926166534424	4.512539386749268	0.03238677978515625
4.668290138244629	4.6214070320129395	0.04688310623168945
4.440624713897705	4.4381794929504395	0.002445220947265625
4.601830959320068	4.549780368804932	0.05205059051513672
4.68617057800293	4.670994758605957	0.015175819396972656
4.3706560134887695	4.301019668579102	0.06963634490966797
4.739994525909424	4.758572101593018	-0.01857757568359375
4.390047550201416	4.3437418937683105	0.04630565643310547
4.62315034866333	4.490532875061035	0.13261747360229492
4.493275165557861	4.403281211853027	0.08999395370483398
4.4985880851745605	4.389194488525391	0.10939359664916992
4.412810802459717	4.427597999572754	-0.01478719711303711
4.2839860916137695	4.222692012786865	0.0612940788269043
4.745155334472656	4.574900150299072	0.17025518417358398
4.882405757904053	4.889415740966797	-0.007009983062744141
4.81172513961792	4.844522953033447	-0.032797813415527344
4.733521938323975	4.711009502410889	0.022512435913085938
4.45861291885376	4.466751575469971	-0.008138656616210938
4.492808818817139	4.379848957061768	0.1129598617553711
4.508365631103516	4.558926105499268	-0.05056047439575195
4.364340782165527	4.33685827255249	0.02748250961303711
4.400448799133301	4.3505401611328125	0.04990863800048828
4.640683650970459	4.760788440704346	-0.12010478973388672
4.328266620635986	4.278371810913086	0.04989480972290039
4.886484622955322	4.881347179412842	0.005137443542480469
4.550721645355225	4.542591571807861	0.008130073547363281
4.311074733734131	4.284059047698975	0.02701568603515625
4.382928371429443	4.0301971435546875	0.35273122787475586
4.613592147827148	4.504683494567871	0.10890865325927734
4.855940818786621	4.826669692993164	0.02927112579345703
4.759474754333496	4.681712627410889	0.07776212692260742
4.534495830535889	4.4697160720825195	0.06477975845336914
4.748860836029053	4.729170799255371	0.01969003677368164
4.497722625732422	4.223773956298828	0.27394866943359375
4.632843971252441	4.582269191741943	0.05057477951049805
4.5050153732299805	4.44384765625	0.06116771697998047
4.634074687957764	4.634396553039551	-0.0003218650817871094
4.451076030731201	4.424030303955078	0.027045726776123047
4.362877368927002	4.3515119552612305	0.011365413665771484
4.596157550811768	4.588925838470459	0.007231712341308594
4.731449127197266	4.733651161193848	-0.0022020339965820312
4.800512790679932	4.770350933074951	0.03016185760498047
4.4409332275390625	4.4988250732421875	-0.057891845703125
4.7048659324646	4.630685329437256	0.07418060302734375
4.537652492523193	4.658277988433838	-0.12062549591064453
4.6320905685424805	4.630813121795654	0.0012774467468261719
4.420506954193115	4.474803447723389	-0.05429649353027344
4.724887371063232	4.493736743927002	0.23115062713623047
4.31219482421875	4.290159702301025	0.02203512191772461
4.680965900421143	4.679045677185059	0.0019202232360839844
4.607231140136719	4.600244998931885	0.006986141204833984
4.570132255554199	4.49443244934082	0.0756998062133789
4.481809139251709	4.516354084014893	-0.034544944763183594
4.4794440269470215	4.421635150909424	0.057808876037597656
4.617702484130859	4.629117488861084	-0.01141500473022461
4.707088947296143	4.6131815910339355	0.09390735626220703
4.696566104888916	4.650613307952881	0.045952796936035156
4.709333419799805	4.735527515411377	-0.026194095611572266
4.730985164642334	4.703164577484131	0.027820587158203125
4.64762544631958	4.630814075469971	0.016811370849609375
4.456860065460205	4.444832801818848	0.012027263641357422
4.838193893432617	4.84869909286499	-0.010505199432373047
4.567430019378662	4.56203031539917	0.0053997039794921875
4.611033916473389	4.644380569458008	-0.03334665298461914
4.794738292694092	4.781499862670898	0.01323843002319336
4.558988094329834	4.473807334899902	0.08518075942993164
4.5662031173706055	4.238970756530762	0.32723236083984375
4.4481377601623535	4.384271621704102	0.06386613845825195
4.830699443817139	4.796579360961914	0.03412008285522461
4.6526970863342285	4.6256537437438965	0.02704334259033203
4.490440845489502	4.528101444244385	-0.03766059875488281
4.739964962005615	4.673806667327881	0.06615829467773438
4.683436870574951	4.6605119705200195	0.02292490005493164
4.648355960845947	4.652698040008545	-0.004342079162597656
4.676793575286865	4.598381042480469	0.07841253280639648
4.479160308837891	4.099691867828369	0.3794684410095215
4.516468524932861	4.442829132080078	0.0736393928527832
4.65077543258667	4.671082019805908	-0.02030658721923828
4.6715803146362305	4.656738758087158	0.014841556549072266
4.594372272491455	4.6057257652282715	-0.011353492736816406
4.7876691818237305	4.828591823577881	-0.04092264175415039
4.7418413162231445	4.797365188598633	-0.05552387237548828
4.65851354598999	4.694632053375244	-0.036118507385253906
4.504243850708008	4.485150337219238	0.01909351348876953
4.730214595794678	4.7060465812683105	0.024168014526367188
4.4820556640625	4.522888660430908	-0.0408329963684082
4.722947120666504	4.707850456237793	0.015096664428710938
4.8154616355896	4.760526657104492	0.05493497848510742
4.417874336242676	4.380998134613037	0.03687620162963867
4.486410140991211	4.383988380432129	0.10242176055908203
4.643764019012451	4.723783016204834	-0.08001899719238281
4.484783172607422	4.425790309906006	0.058992862701416016
4.789917945861816	4.798983097076416	-0.00906515121459961
4.318116188049316	4.136253356933594	0.18186283111572266
4.7158708572387695	4.837522029876709	-0.12165117263793945
4.436636447906494	4.505616664886475	-0.06898021697998047
4.605260848999023	4.477331161499023	0.1279296875
4.72946310043335	4.695584774017334	0.033878326416015625
4.469738006591797	4.35203218460083	0.1177058219909668
4.601747035980225	4.540284633636475	0.06146240234375
4.51577615737915	4.3243327140808105	0.19144344329833984
4.903807640075684	4.867483139038086	0.036324501037597656
4.357762813568115	4.372270107269287	-0.014507293701171875
4.762998580932617	4.768723964691162	-0.005725383758544922
4.675934314727783	4.517778396606445	0.1581559181213379
4.606886386871338	4.525209426879883	0.08167695999145508
4.5431294441223145	4.547067642211914	-0.003938198089599609
4.454303741455078	4.33222770690918	0.12207603454589844
4.564869403839111	4.319901466369629	0.24496793746948242
4.665329933166504	4.570675849914551	0.09465408325195312
4.7450079917907715	4.6847758293151855	0.06023216247558594
4.569550037384033	4.540738105773926	0.028811931610107422
4.546717643737793	4.460072994232178	0.08664464950561523
4.612984657287598	4.53161096572876	0.08137369155883789
4.356810569763184	4.398338794708252	-0.04152822494506836
4.3903279304504395	4.491428852081299	-0.10110092163085938
4.628734588623047	4.61712121963501	0.01161336898803711
4.664239883422852	4.594221591949463	0.07001829147338867
4.7223801612854	4.63964319229126	0.08273696899414062
4.32883882522583	4.313119411468506	0.01571941375732422
4.181890964508057	4.072606563568115	0.1092844009399414
4.649232864379883	4.703384876251221	-0.05415201187133789
4.926187038421631	4.859562873840332	0.06662416458129883
4.686827182769775	4.616742134094238	0.07008504867553711
4.500036716461182	4.387703895568848	0.11233282089233398
4.485950946807861	4.267768859863281	0.21818208694458008
4.789697170257568	4.794165134429932	-0.004467964172363281
4.4619574546813965	4.4935455322265625	-0.031588077545166016
4.3553009033203125	4.372040271759033	-0.016739368438720703
4.6712846755981445	4.643657207489014	0.02762746810913086
4.568069934844971	4.462475299835205	0.10559463500976562
4.371645927429199	4.4092488288879395	-0.037602901458740234
4.414249420166016	4.279466152191162	0.13478326797485352
4.589699745178223	4.382706165313721	0.20699357986450195
4.760743141174316	4.719625949859619	0.041117191314697266
4.584604740142822	4.512922763824463	0.07168197631835938
4.219616413116455	4.229131698608398	-0.00951528549194336
4.5736308097839355	4.379675388336182	0.1939554214477539
4.620761394500732	4.457042694091797	0.16371870040893555
4.513251304626465	4.426827907562256	0.08642339706420898
4.575531959533691	4.606821537017822	-0.03128957748413086
4.821768283843994	4.8447771072387695	-0.02300882339477539
4.737344741821289	4.764918327331543	-0.027573585510253906
4.5706892013549805	4.6197381019592285	-0.04904890060424805
4.444372177124023	4.415618419647217	0.02875375747680664
4.850045204162598	4.851978302001953	-0.0019330978393554688
4.5898051261901855	4.59456729888916	-0.004762172698974609
4.7007155418396	4.752108573913574	-0.05139303207397461
4.688633441925049	4.745429515838623	-0.05679607391357422
4.659757137298584	4.523248195648193	0.13650894165039062
4.696524143218994	4.719902992248535	-0.023378849029541016
4.6333842277526855	4.5697855949401855	0.0635986328125
4.739368438720703	4.76741886138916	-0.02805042266845703
4.3980937004089355	4.372034549713135	0.02605915069580078
4.748086452484131	4.715244770050049	0.03284168243408203
4.406955718994141	4.449117183685303	-0.04216146469116211
4.420809268951416	4.429059028625488	-0.008249759674072266
4.156854152679443	3.902243137359619	0.2546110153198242
4.503833293914795	4.566191673278809	-0.06235837936401367
4.483719825744629	4.532520771026611	-0.04880094528198242
4.43075704574585	4.501519680023193	-0.07076263427734375
4.722886562347412	4.718619346618652	0.004267215728759766
4.022946357727051	4.095053195953369	-0.07210683822631836
4.7390594482421875	4.703726291656494	0.03533315658569336
4.818740367889404	4.806473731994629	0.01226663589477539
4.811904430389404	4.798526287078857	0.013378143310546875
4.7926249504089355	4.763085842132568	0.029539108276367188
4.413127899169922	4.3587965965271	0.054331302642822266
4.339358806610107	4.214248180389404	0.12511062622070312
4.078268527984619	4.066795825958252	0.011472702026367188
4.745851993560791	4.730756759643555	0.015095233917236328
4.755078315734863	4.705453395843506	0.04962491989135742
4.260080814361572	4.155494689941406	0.10458612442016602
4.505133628845215	4.493309020996094	0.011824607849121094
4.595469951629639	4.592545986175537	0.0029239654541015625
4.798985004425049	4.703114032745361	0.0958709716796875
4.506587505340576	4.406585216522217	0.10000228881835938
4.846726894378662	4.860006809234619	-0.013279914855957031
4.7625813484191895	4.645447731018066	0.11713361740112305
4.518808841705322	4.591671943664551	-0.07286310195922852
4.897756576538086	4.828183650970459	0.06957292556762695
4.584587574005127	4.509767055511475	0.07482051849365234
4.6703410148620605	4.634287357330322	0.03605365753173828
4.460355758666992	4.318638324737549	0.14171743392944336
4.86001443862915	4.867206573486328	-0.007192134857177734
4.832548141479492	4.82996940612793	0.0025787353515625
4.607422351837158	4.543631553649902	0.06379079818725586
4.394186019897461	4.35684871673584	0.037337303161621094
4.860957145690918	4.879461288452148	-0.01850414276123047
4.6322126388549805	4.648636341094971	-0.016423702239990234
4.656365394592285	4.6514573097229	0.004908084869384766
4.499425411224365	4.5212578773498535	-0.02183246612548828
4.686925411224365	4.627562999725342	0.05936241149902344
4.609220027923584	4.670647144317627	-0.06142711639404297
4.557337760925293	4.5141377449035645	0.043200016021728516
4.514311790466309	4.446807384490967	0.0675044059753418
4.692939281463623	4.676400661468506	0.016538619995117188
4.8488664627075195	4.883810043334961	-0.034943580627441406
4.692999839782715	4.70076322555542	-0.007763385772705078
4.81385612487793	4.807431221008301	0.006424903869628906
4.581289768218994	4.559316158294678	0.021973609924316406
4.819892883300781	4.828917503356934	-0.009024620056152344
4.567312717437744	4.521109104156494	0.04620361328125
4.773881435394287	4.829040050506592	-0.05515861511230469
4.367857933044434	4.366400241851807	0.0014576911926269531
4.473697185516357	4.4930644035339355	-0.019367218017578125
4.387471675872803	4.378211975097656	0.009259700775146484
4.62330436706543	4.628897666931152	-0.005593299865722656
4.749477863311768	4.765775680541992	-0.01629781723022461
4.508114814758301	4.431866645812988	0.0762481689453125
4.581155776977539	4.634003639221191	-0.052847862243652344
4.740057945251465	4.5627241134643555	0.17733383178710938
4.532448768615723	4.459647178649902	0.07280158996582031
4.329585552215576	4.164494514465332	0.16509103775024414
4.742433071136475	4.73419713973999	0.008235931396484375
4.529575824737549	4.324795722961426	0.20478010177612305
4.822665214538574	4.801011562347412	0.02165365219116211
4.164166450500488	4.267056941986084	-0.1028904914855957
4.247410297393799	4.142415523529053	0.1049947738647461
4.52131986618042	4.5298662185668945	-0.00854635238647461
4.594387531280518	4.64617395401001	-0.05178642272949219
4.8024210929870605	4.804781913757324	-0.002360820770263672
4.788148403167725	4.806514263153076	-0.018365859985351562
4.869637966156006	4.901046276092529	-0.03140830993652344
4.633284091949463	4.660484790802002	-0.027200698852539062
4.469459533691406	4.379044532775879	0.09041500091552734
4.604123115539551	4.35306453704834	0.25105857849121094
4.295477867126465	4.29619026184082	-0.0007123947143554688
4.375476837158203	4.241935729980469	0.13354110717773438
4.732622146606445	4.712918758392334	0.019703388214111328
4.341248989105225	4.133965492248535	0.20728349685668945
4.509929180145264	4.396236419677734	0.1136927604675293
4.312491416931152	4.328927516937256	-0.016436100006103516
4.776463031768799	4.7386064529418945	0.0378565788269043
4.731734275817871	4.7001423835754395	0.03159189224243164
4.656426906585693	4.646635055541992	0.009791851043701172
4.447010517120361	4.414236545562744	0.03277397155761719
4.908591270446777	4.895285129547119	0.013306140899658203
4.750132083892822	4.731286525726318	0.018845558166503906
4.800144672393799	4.723418235778809	0.07672643661499023
4.260593414306641	4.261650562286377	-0.0010571479797363281
4.602320194244385	4.556539535522461	0.04578065872192383
4.770238399505615	4.784184455871582	-0.013946056365966797
4.572531223297119	4.613964557647705	-0.04143333435058594
4.868181228637695	4.819079875946045	0.04910135269165039
4.645888805389404	4.563457012176514	0.08243179321289062
4.638193130493164	4.68304443359375	-0.04485130310058594
4.581456184387207	4.579263687133789	0.0021924972534179688
4.487808704376221	4.347016334533691	0.1407923698425293
4.683116436004639	4.70153284072876	-0.018416404724121094
4.787874698638916	4.827733516693115	-0.03985881805419922
4.66434907913208	4.66962194442749	-0.005272865295410156
4.528851509094238	4.495973110198975	0.03287839889526367
4.722151756286621	4.314691066741943	0.40746068954467773
4.272440433502197	4.158178806304932	0.11426162719726562
4.661623954772949	4.629766941070557	0.03185701370239258
4.600295543670654	4.431614398956299	0.16868114471435547
4.264944553375244	4.2282586097717285	0.036685943603515625
4.655753135681152	4.644257068634033	0.01149606704711914
4.327841758728027	4.320974826812744	0.006866931915283203
4.806868076324463	4.7127556800842285	0.09411239624023438
4.6243109703063965	4.583611965179443	0.040699005126953125
4.576420783996582	4.581404209136963	-0.004983425140380859
4.4896135330200195	4.240469455718994	0.2491440773010254
4.858882904052734	4.8332061767578125	0.025676727294921875
4.732049942016602	4.7857537269592285	-0.05370378494262695
4.392678737640381	4.3027024269104	0.08997631072998047
4.3517961502075195	4.108743667602539	0.24305248260498047
4.539419651031494	4.4887003898620605	0.050719261169433594
4.686102390289307	4.646831035614014	0.03927135467529297
4.355011463165283	4.251774787902832	0.10323667526245117
4.603729248046875	4.408745288848877	0.19498395919799805
4.605668544769287	4.605869770050049	-0.00020122528076171875
4.860273361206055	4.865691184997559	-0.005417823791503906
4.608501434326172	4.627323627471924	-0.018822193145751953
4.611783981323242	4.613154888153076	-0.0013709068298339844
4.658799648284912	4.666053295135498	-0.0072536468505859375
4.521822929382324	4.556455135345459	-0.034632205963134766
4.600999355316162	4.509437084197998	0.09156227111816406
4.442127227783203	4.30819845199585	0.13392877578735352
4.570302486419678	4.583393573760986	-0.013091087341308594
4.538896083831787	4.739736557006836	-0.20084047317504883
4.359933853149414	4.2021965980529785	0.15773725509643555
4.635619163513184	4.659124851226807	-0.023505687713623047
4.749539375305176	4.7234649658203125	0.02607440948486328
4.536998271942139	4.546541690826416	-0.009543418884277344
4.49929141998291	4.527388095855713	-0.028096675872802734
4.816704273223877	4.7593092918396	0.057394981384277344
4.588662624359131	4.654118061065674	-0.06545543670654297
4.6263251304626465	4.61196756362915	0.014357566833496094
4.6419901847839355	4.666485786437988	-0.024495601654052734
4.534451007843018	4.508060455322266	0.026390552520751953
4.539761066436768	4.462494850158691	0.07726621627807617
4.669821262359619	4.6704421043396	-0.0006208419799804688
4.795812129974365	4.7427544593811035	0.05305767059326172
4.644692420959473	4.544780731201172	0.09991168975830078
4.680218696594238	4.6704864501953125	0.009732246398925781
4.573126792907715	4.510009288787842	0.06311750411987305
4.628361701965332	4.52244234085083	0.10591936111450195
4.640684127807617	4.655083656311035	-0.014399528503417969
4.850940227508545	4.812406539916992	0.038533687591552734
4.449802875518799	4.332266330718994	0.11753654479980469
4.580277919769287	4.183752536773682	0.39652538299560547
4.435413837432861	4.247767925262451	0.18764591217041016
4.87299108505249	4.883726119995117	-0.010735034942626953
4.772137641906738	4.754119873046875	0.01801776885986328
4.5991530418396	4.448575019836426	0.15057802200317383
4.624271392822266	4.604020595550537	0.020250797271728516
4.679794788360596	4.6510138511657715	0.02878093719482422
4.487937927246094	4.441639423370361	0.04629850387573242
4.691344738006592	4.615476131439209	0.07586860656738281
4.245616436004639	4.112156867980957	0.13345956802368164
4.525502681732178	4.539848804473877	-0.014346122741699219
4.812961101531982	4.808364391326904	0.004596710205078125
4.667065143585205	4.602607250213623	0.06445789337158203
4.686253547668457	4.717452526092529	-0.031198978424072266
4.772669315338135	4.754199981689453	0.01846933364868164
4.3753814697265625	4.327281475067139	0.04809999465942383
4.417633056640625	4.460695743560791	-0.043062686920166016
4.6344804763793945	4.437847137451172	0.19663333892822266
4.312678337097168	4.467676162719727	-0.1549978256225586
4.781163215637207	4.855719566345215	-0.07455635070800781
4.474157810211182	4.449117183685303	0.025040626525878906
4.502477169036865	4.443673610687256	0.058803558349609375
4.584353446960449	4.471535682678223	0.11281776428222656
4.590130805969238	4.638466835021973	-0.048336029052734375
4.449536323547363	4.458825588226318	-0.009289264678955078
4.7977375984191895	4.813460826873779	-0.015723228454589844
4.787867546081543	4.765523433685303	0.022344112396240234
4.732009410858154	4.645720958709717	0.0862884521484375
4.611714839935303	4.549356937408447	0.06235790252685547
4.76589822769165	4.772421360015869	-0.00652313232421875
4.504893779754639	4.588446617126465	-0.08355283737182617
4.490166187286377	4.592262268066406	-0.1020960807800293
4.484064102172852	4.278841018676758	0.20522308349609375
4.521295547485352	4.474344253540039	0.0469512939453125
4.483461380004883	4.365213871002197	0.11824750900268555
4.857924938201904	4.864080905914307	-0.006155967712402344
4.410574913024902	4.442885875701904	-0.03231096267700195
4.1834635734558105	4.1904730796813965	-0.0070095062255859375
4.5210723876953125	3.9845001697540283	0.5365722179412842
4.515591144561768	4.534477710723877	-0.018886566162109375
4.836940288543701	4.849889278411865	-0.012948989868164062
4.5823235511779785	4.536617755889893	0.04570579528808594
4.631772041320801	4.539618015289307	0.09215402603149414
4.6353678703308105	4.544570446014404	0.09079742431640625
4.2517924308776855	4.2502827644348145	0.0015096664428710938
4.682499408721924	4.578056335449219	0.10444307327270508
4.662888050079346	4.349886894226074	0.3130011558532715
4.185672283172607	4.198441982269287	-0.012769699096679688
4.708548069000244	4.7225213050842285	-0.013973236083984375
4.621675491333008	4.577361583709717	0.044313907623291016
4.545060157775879	4.5309553146362305	0.014104843139648438
4.571268081665039	4.636293888092041	-0.06502580642700195
4.461601734161377	4.461099147796631	0.0005025863647460938
4.53280782699585	4.5031418800354	0.02966594696044922
4.767411231994629	4.747833728790283	0.019577503204345703
4.653963565826416	4.580300807952881	0.07366275787353516
4.635374069213867	4.570612907409668	0.06476116180419922
4.411933422088623	4.4158711433410645	-0.003937721252441406
4.69457483291626	4.7040696144104	-0.009494781494140625
4.695980072021484	4.7199907302856445	-0.024010658264160156
4.555446624755859	4.540700435638428	0.01474618911743164
4.714691162109375	4.7148051261901855	-0.00011396408081054688
4.632543087005615	4.576427936553955	0.056115150451660156
4.557925224304199	4.583484172821045	-0.025558948516845703
4.587554931640625	4.637078285217285	-0.049523353576660156
4.637965679168701	4.637242794036865	0.0007228851318359375
4.698703765869141	4.601684093475342	0.09701967239379883
4.738041400909424	4.740028381347656	-0.001986980438232422
4.369664669036865	4.268143177032471	0.10152149200439453
4.442126274108887	4.326242446899414	0.11588382720947266
4.436563014984131	4.425465106964111	0.011097908020019531
4.816788196563721	4.802810192108154	0.013978004455566406
4.539787292480469	4.491627216339111	0.04816007614135742
4.408054828643799	4.4132561683654785	-0.0052013397216796875
4.59263801574707	4.6049723625183105	-0.012334346771240234
4.620087623596191	4.432833194732666	0.1872544288635254
4.714202880859375	4.802439212799072	-0.08823633193969727
4.510148525238037	4.305587291717529	0.2045612335205078
4.396703243255615	4.365074157714844	0.031629085540771484
4.822371959686279	4.876644611358643	-0.05427265167236328
4.556935787200928	4.5559821128845215	0.00095367431640625
4.683832168579102	4.629143238067627	0.05468893051147461
4.394143104553223	4.164047718048096	0.23009538650512695
4.787792205810547	4.75634241104126	0.03144979476928711
4.4334869384765625	4.430974006652832	0.0025129318237304688
4.517389297485352	4.495564937591553	0.021824359893798828
4.361205101013184	4.21863317489624	0.14257192611694336
4.770214080810547	4.639740943908691	0.13047313690185547
4.606961250305176	4.532622814178467	0.07433843612670898
4.339657306671143	4.216617107391357	0.12304019927978516
4.915579319000244	4.910376071929932	0.0052032470703125
4.424135208129883	4.328381538391113	0.09575366973876953
4.637547016143799	4.70790958404541	-0.07036256790161133
4.598283767700195	4.600866794586182	-0.002583026885986328
4.724282741546631	4.6465935707092285	0.07768917083740234
4.837691307067871	4.851907253265381	-0.014215946197509766
4.481393337249756	4.26760721206665	0.21378612518310547
4.744348049163818	4.672715187072754	0.07163286209106445
4.736588001251221	4.585916042327881	0.15067195892333984
4.455173492431641	4.445765018463135	0.00940847396850586
4.519750118255615	4.520781993865967	-0.0010318756103515625
4.711101055145264	4.629325866699219	0.08177518844604492
4.691050052642822	4.663862705230713	0.027187347412109375
4.535175323486328	4.499267101287842	0.03590822219848633
4.622988224029541	4.629632472991943	-0.006644248962402344
4.6152424812316895	4.591715335845947	0.023527145385742188
4.515676975250244	4.409887790679932	0.1057891845703125
4.691950798034668	4.7009711265563965	-0.009020328521728516
4.459125995635986	4.25761604309082	0.20150995254516602
4.60603666305542	4.625015735626221	-0.01897907257080078
4.768599033355713	4.760256767272949	0.008342266082763672
4.638535499572754	4.4784932136535645	0.16004228591918945
4.374488830566406	4.1225714683532715	0.25191736221313477
4.885293483734131	4.888365268707275	-0.0030717849731445312
4.619541168212891	4.5031304359436035	0.11641073226928711
4.699888229370117	4.679978847503662	0.019909381866455078
4.392104625701904	4.365067958831787	0.027036666870117188
4.60984992980957	4.584046840667725	0.025803089141845703
4.592727184295654	4.577151775360107	0.015575408935546875
4.412820339202881	4.2851996421813965	0.12762069702148438
4.774148464202881	4.7287917137146	0.04535675048828125
4.5070109367370605	4.478343486785889	0.028667449951171875
4.586812973022461	4.598696231842041	-0.011883258819580078
4.406717777252197	4.361456394195557	0.045261383056640625
4.406441688537598	4.298019886016846	0.10842180252075195
4.837695598602295	4.8129777908325195	0.02471780776977539
4.46290922164917	4.491189002990723	-0.028279781341552734
4.68625545501709	4.670073986053467	0.016181468963623047
4.794033050537109	4.761645317077637	0.032387733459472656
4.693306922912598	4.578525543212891	0.11478137969970703
4.538824558258057	4.533185958862305	0.005638599395751953
4.673489570617676	4.602118015289307	0.07137155532836914
4.655399799346924	4.4739251136779785	0.1814746856689453
4.425364017486572	4.37441349029541	0.05095052719116211
4.749565601348877	4.742342472076416	0.0072231292724609375
4.731428623199463	4.757353782653809	-0.025925159454345703
4.557810306549072	4.569892406463623	-0.012082099914550781
4.596925258636475	4.283531665802002	0.31339359283447266
4.639564037322998	4.624819755554199	0.014744281768798828
4.2931036949157715	4.32003116607666	-0.026927471160888672
4.809144020080566	4.21764612197876	0.5914978981018066
4.486334323883057	4.466395854949951	0.01993846893310547
4.388327598571777	4.422104835510254	-0.03377723693847656
4.487024784088135	4.460545063018799	0.026479721069335938
4.586191654205322	4.562469482421875	0.023722171783447266
4.518474578857422	4.585538387298584	-0.06706380844116211
4.049380302429199	4.017333507537842	0.03204679489135742
4.606235504150391	4.646407604217529	-0.04017210006713867
4.67270565032959	4.65903902053833	0.013666629791259766
4.689175128936768	4.651195526123047	0.0379796028137207
4.615257740020752	4.637121677398682	-0.021863937377929688
4.6506571769714355	4.654263019561768	-0.0036058425903320312
4.50703239440918	4.332687854766846	0.17434453964233398
4.430684566497803	4.4919657707214355	-0.06128120422363281
4.579675674438477	4.472183704376221	0.10749197006225586
4.721101760864258	4.742059230804443	-0.020957469940185547
4.593998908996582	4.588330268859863	0.00566864013671875
4.556634902954102	4.580751895904541	-0.024116992950439453
4.341416835784912	4.12658166885376	0.21483516693115234
4.159356594085693	4.085418224334717	0.07393836975097656
4.473935604095459	4.477581024169922	-0.0036454200744628906
4.633769989013672	4.610259056091309	0.02351093292236328
4.795589447021484	4.7672200202941895	0.028369426727294922
4.865841388702393	4.884318828582764	-0.018477439880371094
4.524378299713135	4.487661838531494	0.036716461181640625
4.390011310577393	4.374237060546875	0.015774250030517578
4.2971038818359375	4.326530933380127	-0.029427051544189453
4.304879188537598	4.305848598480225	-0.0009694099426269531
4.658806324005127	4.560337066650391	0.09846925735473633
4.702080249786377	4.623874187469482	0.07820606231689453
4.582292079925537	4.479434967041016	0.10285711288452148
4.340357780456543	4.333665370941162	0.006692409515380859
4.474093914031982	4.536073684692383	-0.06197977066040039
4.447788715362549	4.388584136962891	0.0592045783996582
4.634726047515869	4.3054890632629395	0.3292369842529297
4.75001859664917	4.715358257293701	0.03466033935546875
4.599180698394775	4.486154079437256	0.11302661895751953
4.555959224700928	4.448542594909668	0.10741662979125977
4.509472846984863	4.542624473571777	-0.03315162658691406
4.806423664093018	4.623673915863037	0.18274974822998047
4.438944339752197	4.4692864418029785	-0.03034210205078125
4.840057849884033	4.779210567474365	0.06084728240966797
4.541229248046875	4.6253342628479	-0.08410501480102539
4.548182964324951	4.5397772789001465	0.008405685424804688
4.715744495391846	4.583659648895264	0.13208484649658203
4.552741527557373	4.585041046142578	-0.03229951858520508
4.695220470428467	4.629889488220215	0.06533098220825195
4.617680549621582	4.697917461395264	-0.08023691177368164
4.298520088195801	4.204998970031738	0.0935211181640625
4.729649066925049	4.746458053588867	-0.01680898666381836
4.647880554199219	4.630758285522461	0.017122268676757812
4.492710590362549	4.488830089569092	0.0038805007934570312
4.6776533126831055	4.606797218322754	0.07085609436035156
4.170010566711426	4.154985427856445	0.015025138854980469
4.814115047454834	4.870395183563232	-0.05628013610839844
4.446815490722656	4.274481773376465	0.1723337173461914
4.606563091278076	4.699276447296143	-0.0927133560180664
4.6502203941345215	4.5498247146606445	0.10039567947387695
4.585203647613525	4.470630645751953	0.11457300186157227
4.723034381866455	4.598812580108643	0.1242218017578125
4.497166633605957	4.4971232414245605	4.3392181396484375e-05
4.496040344238281	4.3325724601745605	0.1634678840637207
4.679342746734619	4.573803901672363	0.10553884506225586
4.635787010192871	4.603700637817383	0.03208637237548828
4.430263996124268	4.416905879974365	0.013358116149902344
4.598628520965576	4.53864049911499	0.05998802185058594
4.270413875579834	4.052573204040527	0.21784067153930664
4.6994452476501465	4.702224254608154	-0.0027790069580078125
4.335473537445068	4.120067119598389	0.2154064178466797
4.402272701263428	4.2045063972473145	0.19776630401611328
4.570864200592041	4.5884294509887695	-0.017565250396728516
4.803768634796143	4.822853088378906	-0.019084453582763672
4.434314250946045	4.213812828063965	0.22050142288208008
4.662168979644775	4.557595252990723	0.10457372665405273
4.742410182952881	4.730505466461182	0.011904716491699219
4.745362758636475	4.741254806518555	0.004107952117919922
4.771406173706055	4.807212829589844	-0.03580665588378906
4.514265537261963	4.251214981079102	0.26305055618286133
4.504323959350586	4.5020928382873535	0.002231121063232422
4.649630546569824	4.600378036499023	0.04925251007080078
4.680744171142578	4.543142318725586	0.1376018524169922
4.753317356109619	4.720195293426514	0.03312206268310547
4.4341864585876465	4.40539026260376	0.02879619598388672
4.703637599945068	4.726226329803467	-0.022588729858398438
4.814858436584473	4.8246169090271	-0.009758472442626953
4.669842720031738	4.614222049713135	0.055620670318603516
4.823683738708496	4.752639293670654	0.0710444450378418
4.350790977478027	4.260824680328369	0.0899662971496582
4.787659168243408	4.825632572174072	-0.03797340393066406
4.600753307342529	4.502981662750244	0.09777164459228516
4.633811950683594	4.233652114868164	0.4001598358154297
4.651370525360107	4.6635942459106445	-0.01222372055053711
4.701803684234619	4.704941749572754	-0.0031380653381347656
4.724955081939697	4.623836517333984	0.10111856460571289
4.596656799316406	4.559576034545898	0.03708076477050781
4.865204811096191	4.825324058532715	0.03988075256347656
4.441227436065674	4.404791831970215	0.036435604095458984
4.511399745941162	4.597610950469971	-0.0862112045288086
4.813641548156738	4.7645463943481445	0.04909515380859375
4.728993892669678	4.719547271728516	0.00944662094116211
4.281866550445557	4.234020233154297	0.047846317291259766
4.654534816741943	4.50346040725708	0.15107440948486328
4.650118350982666	4.697272300720215	-0.04715394973754883
4.925320625305176	4.898494243621826	0.02682638168334961
4.560097694396973	4.538000106811523	0.02209758758544922
4.5361175537109375	4.394497394561768	0.14162015914916992
4.610096454620361	4.6910014152526855	-0.08090496063232422
4.360637187957764	4.192431926727295	0.16820526123046875
4.360558986663818	4.3402099609375	0.02034902572631836
4.644999980926514	4.630583763122559	0.014416217803955078
4.63973331451416	4.6311235427856445	0.008609771728515625
4.405882358551025	4.396152019500732	0.009730339050292969
4.7305803298950195	4.732883930206299	-0.002303600311279297
4.394904136657715	4.343930244445801	0.05097389221191406
4.3445587158203125	4.215286731719971	0.1292719841003418
4.674258232116699	4.376883506774902	0.2973747253417969
4.837604999542236	4.833635330200195	0.003969669342041016
4.623160362243652	4.533910274505615	0.08925008773803711
4.69462251663208	4.44865608215332	0.24596643447875977
4.583212852478027	4.581023693084717	0.002189159393310547
4.673839092254639	4.6763482093811035	-0.0025091171264648438
4.392928600311279	4.427060127258301	-0.034131526947021484
4.440955638885498	4.314760684967041	0.12619495391845703
4.739283561706543	4.742801189422607	-0.003517627716064453
4.540054798126221	4.595790863037109	-0.05573606491088867
4.29102897644043	4.182217121124268	0.10881185531616211
4.518441677093506	4.464541912078857	0.05389976501464844
4.598662376403809	4.598238468170166	0.0004239082336425781
4.607438087463379	4.666488170623779	-0.05905008316040039
4.124480724334717	4.0691351890563965	0.05534553527832031
4.547953128814697	4.662203311920166	-0.11425018310546875
4.876342296600342	4.831161975860596	0.045180320739746094
4.71296501159668	4.650219440460205	0.06274557113647461
4.704833507537842	4.596429347991943	0.10840415954589844
4.761316776275635	4.535189628601074	0.22612714767456055
4.716468811035156	4.547767639160156	0.168701171875
4.559938430786133	4.57318639755249	-0.013247966766357422
4.728411674499512	4.5544562339782715	0.17395544052124023
4.810063362121582	4.68512487411499	0.1249384880065918
4.3112688064575195	4.315799236297607	-0.004530429840087891
4.401463031768799	4.258803844451904	0.14265918731689453
4.688576698303223	4.546833515167236	0.14174318313598633
4.456015586853027	4.492335319519043	-0.036319732666015625
4.793942451477051	4.7580180168151855	0.035924434661865234
4.416049480438232	4.363091945648193	0.05295753479003906
4.487301826477051	4.484597206115723	0.002704620361328125
4.8477044105529785	4.837071895599365	0.010632514953613281
4.793850898742676	4.809439182281494	-0.01558828353881836
4.5937628746032715	4.652007102966309	-0.05824422836303711
4.511228084564209	4.498588562011719	0.012639522552490234
4.756616115570068	4.781006336212158	-0.024390220642089844
4.684255599975586	4.55253267288208	0.13172292709350586
4.675927639007568	4.698487758636475	-0.02256011962890625
4.741809368133545	4.695000171661377	0.04680919647216797
4.4062676429748535	4.214290618896484	0.19197702407836914
4.718072414398193	4.723762035369873	-0.0056896209716796875
4.595371723175049	4.5910515785217285	0.0043201446533203125
4.66526460647583	4.6522603034973145	0.013004302978515625
4.5397725105285645	4.505501747131348	0.0342707633972168
4.849420547485352	4.8319010734558105	0.017519474029541016
4.693159103393555	4.658716678619385	0.03444242477416992
4.802006244659424	4.85137414932251	-0.04936790466308594
4.396345138549805	4.357480049133301	0.038865089416503906
4.75486421585083	4.706629276275635	0.04823493957519531
4.718897342681885	4.808281898498535	-0.08938455581665039
4.637485980987549	4.646649360656738	-0.009163379669189453
4.741744041442871	4.8108906745910645	-0.06914663314819336
4.835191249847412	4.839089393615723	-0.003898143768310547
4.59583854675293	4.415343284606934	0.1804952621459961
4.42782735824585	4.36587381362915	0.06195354461669922
4.505156517028809	4.4283976554870605	0.07675886154174805
4.179893970489502	4.274855136871338	-0.09496116638183594
4.679527282714844	4.731349945068359	-0.051822662353515625
4.448061466217041	4.382350444793701	0.06571102142333984
4.56512451171875	4.539754390716553	0.025370121002197266
4.4859089851379395	4.371792793273926	0.11411619186401367
4.593344211578369	4.341268062591553	0.2520761489868164
4.404269695281982	4.348786354064941	0.055483341217041016
4.568915367126465	4.443785190582275	0.12513017654418945
4.6941728591918945	4.684652805328369	0.00952005386352539
4.4988837242126465	4.4752068519592285	0.02367687225341797
4.697129249572754	4.519348621368408	0.1777806282043457
4.903238773345947	4.931967735290527	-0.028728961944580078
4.6464738845825195	4.550721168518066	0.09575271606445312
4.734582424163818	4.671954154968262	0.06262826919555664
4.430202007293701	4.379976749420166	0.050225257873535156
4.291910648345947	4.1601128578186035	0.13179779052734375
4.7841668128967285	4.803904056549072	-0.01973724365234375
4.841431617736816	4.8455023765563965	-0.004070758819580078
4.642187118530273	4.5806193351745605	0.06156778335571289
4.606508731842041	4.594949245452881	0.011559486389160156
4.424767971038818	4.428380966186523	-0.003612995147705078
4.611911296844482	4.567385196685791	0.044526100158691406
4.322663307189941	4.2811713218688965	0.04149198532104492
4.528568267822266	4.492110252380371	0.03645801544189453
4.48865270614624	4.440070629119873	0.04858207702636719
4.821876049041748	4.8313493728637695	-0.009473323822021484
4.601467132568359	4.596464157104492	0.0050029754638671875
4.899062633514404	4.908742427825928	-0.009679794311523438
4.719743728637695	4.711269378662109	0.008474349975585938
4.833018779754639	4.821643352508545	0.01137542724609375
4.6924896240234375	4.7061767578125	-0.0136871337890625
4.752556800842285	4.6446404457092285	0.10791635513305664
4.804206848144531	4.756267547607422	0.047939300537109375
4.37716007232666	4.3345842361450195	0.042575836181640625
4.8609771728515625	4.8222551345825195	0.03872203826904297
4.5454864501953125	4.588634967803955	-0.04314851760864258
4.294312953948975	4.336850166320801	-0.04253721237182617
4.7141900062561035	4.766516208648682	-0.052326202392578125
4.479318618774414	4.222125053405762	0.25719356536865234
4.651360988616943	4.606539726257324	0.04482126235961914
4.743119716644287	4.765756130218506	-0.02263641357421875
4.708604335784912	4.653628826141357	0.05497550964355469
4.267983913421631	4.257186412811279	0.010797500610351562
4.718296527862549	4.6006951332092285	0.11760139465332031
4.492701053619385	4.550920486450195	-0.05821943283081055
4.833624362945557	4.8393964767456055	-0.005772113800048828
4.5827460289001465	4.49109411239624	0.09165191650390625
4.260627746582031	4.141079425811768	0.11954832077026367
4.463043212890625	4.230160713195801	0.23288249969482422
4.7444329261779785	4.490745544433594	0.25368738174438477
4.427728176116943	4.354689121246338	0.07303905487060547
4.707490921020508	4.651512145996094	0.05597877502441406
4.762871742248535	4.818417549133301	-0.055545806884765625
4.610544204711914	4.703907489776611	-0.09336328506469727
4.731659889221191	4.665953636169434	0.06570625305175781
4.608486652374268	4.611154079437256	-0.0026674270629882812
4.68203592300415	4.623437404632568	0.05859851837158203
4.442791938781738	4.292069911956787	0.15072202682495117
4.578178882598877	4.5368475914001465	0.04133129119873047
4.642043590545654	4.641409397125244	0.0006341934204101562
4.519653797149658	4.401830196380615	0.11782360076904297
4.744567394256592	4.6993303298950195	0.045237064361572266
4.564411640167236	4.507246494293213	0.05716514587402344
4.776641368865967	4.784793376922607	-0.008152008056640625
4.343804359436035	4.304574966430664	0.039229393005371094
4.765886306762695	4.747555255889893	0.018331050872802734
4.770178318023682	4.765743732452393	0.0044345855712890625
4.45361852645874	4.414572238922119	0.039046287536621094
4.747805595397949	4.764962673187256	-0.01715707778930664
4.700682163238525	4.615699291229248	0.08498287200927734
4.277672290802002	4.119412899017334	0.15825939178466797
4.61216402053833	4.55261754989624	0.059546470642089844
4.866754531860352	4.896039962768555	-0.029285430908203125
4.490193843841553	4.348428249359131	0.14176559448242188
4.8318305015563965	4.891363620758057	-0.059533119201660156
4.672388076782227	4.571082592010498	0.10130548477172852
4.555090427398682	4.259403705596924	0.2956867218017578
4.436509609222412	4.2986369132995605	0.13787269592285156
4.68980598449707	4.665419578552246	0.02438640594482422
4.665344715118408	4.506184101104736	0.15916061401367188
4.806413173675537	4.78955602645874	0.016857147216796875
4.842341899871826	4.848788738250732	-0.00644683837890625
4.4974799156188965	4.529220104217529	-0.03174018859863281
4.536742687225342	4.514782428741455	0.02196025848388672
4.378180503845215	4.170350551605225	0.20782995223999023
4.913075923919678	4.899681568145752	0.013394355773925781
4.700276851654053	4.694655895233154	0.0056209564208984375
4.384795188903809	4.316704750061035	0.06809043884277344
4.658409595489502	4.655193328857422	0.003216266632080078
4.114072322845459	4.005432605743408	0.10863971710205078
4.732231616973877	4.664742469787598	0.0674891471862793
4.418598175048828	4.2127580642700195	0.2058401107788086
4.704432964324951	4.664271831512451	0.0401611328125
4.6397385597229	4.608471393585205	0.03126716613769531
4.717567443847656	4.796750068664551	-0.07918262481689453
4.763393402099609	4.755707263946533	0.007686138153076172
4.668654441833496	4.592634201049805	0.0760202407836914
4.68127965927124	4.654103755950928	0.0271759033203125
4.744652271270752	4.695831298828125	0.04882097244262695
4.507417678833008	4.543761253356934	-0.03634357452392578
4.9244771003723145	4.9092488288879395	0.015228271484375
4.737932205200195	4.599326133728027	0.13860607147216797
4.568850040435791	4.555537223815918	0.013312816619873047
4.810441970825195	4.770512580871582	0.03992938995361328
4.67232084274292	4.578424453735352	0.09389638900756836
4.792591094970703	4.772009372711182	0.020581722259521484
4.657989978790283	4.710325717926025	-0.05233573913574219
4.416718006134033	4.332832336425781	0.08388566970825195
4.5970139503479	4.617263317108154	-0.020249366760253906
4.424430847167969	4.126015663146973	0.2984151840209961
4.673180103302002	4.3319501876831055	0.3412299156188965
4.774641990661621	4.763345241546631	0.011296749114990234
4.7961249351501465	4.801138401031494	-0.005013465881347656
4.611432075500488	4.598459720611572	0.012972354888916016
4.72216272354126	4.753571510314941	-0.03140878677368164
4.694300651550293	4.719550609588623	-0.025249958038330078
4.261911869049072	4.256577491760254	0.005334377288818359
4.687814712524414	4.718059539794922	-0.030244827270507812
4.441686153411865	4.230005741119385	0.21168041229248047
4.50770902633667	4.543606758117676	-0.03589773178100586
4.609207630157471	4.6218743324279785	-0.012666702270507812
4.413738250732422	4.3418288230896	0.07190942764282227
4.84395170211792	4.810117244720459	0.03383445739746094
4.346537113189697	4.144389629364014	0.2021474838256836
4.676722049713135	4.651269435882568	0.025452613830566406
4.687731742858887	4.683429718017578	0.004302024841308594
4.688426971435547	4.523225784301758	0.16520118713378906
4.663476943969727	4.722130298614502	-0.05865335464477539
4.782229900360107	4.729422569274902	0.05280733108520508
4.782502174377441	4.800314426422119	-0.017812252044677734
4.61072301864624	4.542446613311768	0.06827640533447266
4.211435794830322	4.2703166007995605	-0.05888080596923828
4.329354286193848	4.244421482086182	0.08493280410766602
4.514486312866211	4.539847373962402	-0.025361061096191406
4.770569801330566	4.7417192459106445	0.028850555419921875
4.325913906097412	4.359175205230713	-0.03326129913330078
4.480800151824951	4.5251383781433105	-0.044338226318359375
4.372762680053711	4.452494144439697	-0.07973146438598633
4.600225925445557	4.581547737121582	0.01867818832397461
4.545456409454346	4.554354667663574	-0.008898258209228516
4.685248851776123	4.728972434997559	-0.04372358322143555
4.522671699523926	4.459559440612793	0.06311225891113281
4.456374168395996	4.468354225158691	-0.011980056762695312
4.808054447174072	4.781412124633789	0.026642322540283203
4.519774913787842	4.463714599609375	0.0560603141784668
4.564093112945557	4.401667594909668	0.16242551803588867
4.645809173583984	4.502068519592285	0.14374065399169922
4.906486988067627	4.918961524963379	-0.012474536895751953
4.730083465576172	4.573520183563232	0.15656328201293945
4.592292785644531	4.541722297668457	0.05057048797607422
4.806274890899658	4.810627460479736	-0.004352569580078125
4.633854389190674	4.768900394439697	-0.13504600524902344
4.746171474456787	4.772520542144775	-0.02634906768798828
4.675739288330078	4.669646739959717	0.006092548370361328
4.465423583984375	4.498855113983154	-0.0334315299987793
4.806309700012207	4.799860954284668	0.0064487457275390625
4.529573440551758	4.549495220184326	-0.01992177963256836
4.9150519371032715	4.889084815979004	0.025967121124267578
4.778889179229736	4.810574054718018	-0.03168487548828125
4.652518272399902	4.65046501159668	0.0020532608032226562
4.759136199951172	4.743162631988525	0.015973567962646484
4.533897876739502	4.557053089141846	-0.02315521240234375
4.703444004058838	4.705004692077637	-0.0015606880187988281
4.421069622039795	4.396568775177002	0.02450084686279297
4.506577014923096	4.58697509765625	-0.0803980827331543
4.607631206512451	4.55846643447876	0.049164772033691406
4.602355480194092	4.448838710784912	0.1535167694091797
4.576052665710449	4.3294830322265625	0.24656963348388672
4.308843612670898	4.206099987030029	0.10274362564086914
4.66926908493042	4.584511756896973	0.08475732803344727
4.3912577629089355	4.007732391357422	0.38352537155151367
4.682386875152588	4.680407524108887	0.001979351043701172
4.711814880371094	4.663761138916016	0.048053741455078125
4.301679611206055	4.264708042144775	0.0369715690612793
4.6141228675842285	4.579908847808838	0.034214019775390625
4.500026702880859	4.500929355621338	-0.0009026527404785156
4.550056457519531	4.457766056060791	0.09229040145874023
4.550268650054932	4.495044708251953	0.055223941802978516
4.374017238616943	4.364044666290283	0.009972572326660156
4.649855613708496	4.580261707305908	0.06959390640258789
4.5159759521484375	4.425840854644775	0.09013509750366211
4.483259677886963	4.426342964172363	0.05691671371459961
4.7004876136779785	4.671665191650391	0.02882242202758789
4.426891803741455	4.49241828918457	-0.06552648544311523
4.321488380432129	4.188441276550293	0.13304710388183594
4.785004138946533	4.89780855178833	-0.11280441284179688
4.7120771408081055	4.712106227874756	-2.9087066650390625e-05
4.487719535827637	4.347496032714844	0.14022350311279297
4.632023334503174	4.6552228927612305	-0.02319955825805664
4.6688408851623535	4.657663822174072	0.01117706298828125
4.918020248413086	4.933767795562744	-0.015747547149658203
4.694295406341553	4.702075004577637	-0.007779598236083984
4.7051920890808105	4.698540210723877	0.006651878356933594
4.687714576721191	4.6848883628845215	0.002826213836669922
4.679372310638428	4.652058124542236	0.027314186096191406
4.681013584136963	4.587236404418945	0.09377717971801758
4.597471714019775	4.595090389251709	0.0023813247680664062
4.605518817901611	4.481959342956543	0.12355947494506836
4.659709930419922	4.634270191192627	0.025439739227294922
4.473801612854004	4.492741107940674	-0.018939495086669922
4.471951961517334	4.429076671600342	0.04287528991699219
4.74529504776001	4.741027355194092	0.004267692565917969
4.588391304016113	4.657835006713867	-0.0694437026977539
4.848793983459473	4.800813674926758	0.047980308532714844
4.7723307609558105	4.756020545959473	0.01631021499633789
4.863603115081787	4.836096286773682	0.02750682830810547
4.6177802085876465	4.520406723022461	0.09737348556518555
4.82038688659668	4.839968204498291	-0.019581317901611328
4.290831565856934	4.202245235443115	0.08858633041381836
4.865928649902344	4.838678359985352	0.027250289916992188
4.5954813957214355	4.601288795471191	-0.005807399749755859
4.623477458953857	4.502661228179932	0.12081623077392578
4.512045383453369	4.447738170623779	0.06430721282958984
4.849286079406738	4.824821949005127	0.024464130401611328
4.650591850280762	4.616969585418701	0.03362226486206055
4.552328586578369	4.565093517303467	-0.012764930725097656
4.4829607009887695	4.466236591339111	0.016724109649658203
4.567877292633057	4.550825119018555	0.017052173614501953
4.669121742248535	4.638177871704102	0.030943870544433594
4.802482604980469	4.7915167808532715	0.010965824127197266
4.453869342803955	4.508902072906494	-0.05503273010253906
4.821192264556885	4.85867166519165	-0.037479400634765625
4.665426731109619	4.614976406097412	0.05045032501220703
4.3925628662109375	4.300587177276611	0.09197568893432617
4.8267645835876465	4.852192401885986	-0.025427818298339844
4.637887954711914	4.432575225830078	0.20531272888183594
4.532528877258301	4.323565483093262	0.20896339416503906
4.551259994506836	4.301154613494873	0.2501053810119629
4.650339603424072	4.658461093902588	-0.008121490478515625
4.376901149749756	4.293238639831543	0.08366250991821289
4.797088146209717	4.7897844314575195	0.007303714752197266
4.841813564300537	4.81774377822876	0.024069786071777344
4.69940185546875	4.7447896003723145	-0.04538774490356445
4.766978740692139	4.781628608703613	-0.01464986801147461
4.457729816436768	4.4944562911987305	-0.03672647476196289
4.601675033569336	4.492403507232666	0.10927152633666992
4.335003852844238	4.107428550720215	0.22757530212402344
4.714871883392334	4.783776760101318	-0.06890487670898438
4.761661529541016	4.682064533233643	0.07959699630737305
4.6001386642456055	4.616144180297852	-0.016005516052246094
4.786500930786133	4.8494391441345215	-0.06293821334838867
4.840053081512451	4.928288459777832	-0.08823537826538086
4.786021709442139	4.842395782470703	-0.05637407302856445
4.810768127441406	4.820077896118164	-0.009309768676757812
4.586331844329834	4.545249938964844	0.041081905364990234
4.674497604370117	4.669384479522705	0.005113124847412109
4.510908126831055	4.408571720123291	0.10233640670776367
4.559495449066162	4.481955051422119	0.07754039764404297
4.676340579986572	4.524350643157959	0.15198993682861328
4.514894008636475	4.524416446685791	-0.009522438049316406
4.710947513580322	4.722130298614502	-0.011182785034179688
4.391213417053223	4.368931293487549	0.022282123565673828
4.2732768058776855	4.312631130218506	-0.03935432434082031
4.681951522827148	4.650010585784912	0.03194093704223633
4.669511318206787	4.857470989227295	-0.1879596710205078
4.788430690765381	4.618350028991699	0.17008066177368164
4.775994777679443	4.7466044425964355	0.029390335083007812
4.3853864669799805	4.396831512451172	-0.011445045471191406
4.538974761962891	4.528291702270508	0.010683059692382812
4.781553745269775	4.779119491577148	0.002434253692626953
4.640414714813232	4.524810314178467	0.11560440063476562
4.542245388031006	4.344895839691162	0.19734954833984375
4.672257423400879	4.645199298858643	0.027058124542236328
4.795362949371338	4.76719331741333	0.028169631958007812
4.730837821960449	4.695289611816406	0.03554821014404297
4.571136474609375	4.491861820220947	0.07927465438842773
4.703389644622803	4.697812557220459	0.00557708740234375
4.412943363189697	4.28363561630249	0.12930774688720703
4.770707607269287	4.780127048492432	-0.009419441223144531
4.811253547668457	4.807176113128662	0.004077434539794922
4.400450706481934	4.388865947723389	0.011584758758544922
4.91586446762085	4.9068684577941895	0.008996009826660156
4.449665546417236	4.434494972229004	0.015170574188232422
4.410104274749756	4.289048671722412	0.12105560302734375
4.830620288848877	4.728145122528076	0.10247516632080078
4.855661392211914	4.8654351234436035	-0.009773731231689453
4.3750481605529785	4.331889629364014	0.043158531188964844
4.332754135131836	4.382697582244873	-0.04994344711303711
4.537425518035889	4.536844730377197	0.0005807876586914062
4.41964054107666	4.377274036407471	0.04236650466918945
4.507906436920166	4.42485237121582	0.0830540657043457
4.424354076385498	4.391208171844482	0.033145904541015625
4.474621295928955	4.488905429840088	-0.014284133911132812
4.8236165046691895	4.856590747833252	-0.0329742431640625
4.690084934234619	4.528624057769775	0.16146087646484375
4.6424336433410645	4.560647010803223	0.0817866325378418
4.667434215545654	4.523466110229492	0.1439681053161621
4.651971817016602	4.619804859161377	0.03216695785522461
4.577775955200195	4.53789758682251	0.03987836837768555
4.551587104797363	4.543318271636963	0.00826883316040039
4.695964336395264	4.439277172088623	0.2566871643066406
4.500603675842285	4.32477331161499	0.17583036422729492
4.6065874099731445	4.757504940032959	-0.15091753005981445
4.796468734741211	4.78380012512207	0.012668609619140625
4.699831485748291	4.6306586265563965	0.06917285919189453
4.1710004806518555	4.130161762237549	0.04083871841430664
4.166332244873047	4.05387544631958	0.1124567985534668
4.6093363761901855	4.6048665046691895	0.004469871520996094
4.769763469696045	4.724587917327881	0.04517555236816406
4.776761531829834	4.74251127243042	0.03425025939941406
4.412757396697998	4.310882568359375	0.10187482833862305
4.482577800750732	4.338948726654053	0.1436290740966797
4.666265487670898	4.598789215087891	0.06747627258300781
4.739414215087891	4.739532470703125	-0.000118255615234375
4.659071922302246	4.664387226104736	-0.005315303802490234
4.488890171051025	4.486611843109131	0.0022783279418945312
4.627861976623535	4.634130477905273	-0.006268501281738281
4.625648021697998	4.572608947753906	0.0530390739440918
4.319756984710693	4.251903057098389	0.06785392761230469
4.490725517272949	4.43300199508667	0.0577235221862793
4.642977714538574	4.663218021392822	-0.020240306854248047
4.705425262451172	4.636549949645996	0.06887531280517578
4.51747465133667	4.564856052398682	-0.04738140106201172
4.526096820831299	4.255608081817627	0.2704887390136719
4.729712009429932	4.723877429962158	0.0058345794677734375
4.506758689880371	4.433938026428223	0.07282066345214844
4.547485828399658	4.599096298217773	-0.051610469818115234
4.5629072189331055	4.386634349822998	0.17627286911010742
4.750973701477051	4.649479866027832	0.10149383544921875
4.443323612213135	4.399490833282471	0.04383277893066406
4.527338027954102	4.502788543701172	0.024549484252929688
4.69570779800415	4.628218650817871	0.0674891471862793
4.709105491638184	4.72396993637085	-0.014864444732666016
4.664475440979004	4.609913349151611	0.05456209182739258
4.729264259338379	4.800906181335449	-0.07164192199707031
4.61450719833374	4.574352741241455	0.040154457092285156
4.716952323913574	4.696333408355713	0.020618915557861328
4.280200958251953	4.1611762046813965	0.11902475357055664
4.737648963928223	4.655780792236328	0.08186817169189453
4.538454532623291	4.585801601409912	-0.047347068786621094
4.496057510375977	4.379830837249756	0.1162266731262207
4.635030269622803	4.628581523895264	0.0064487457275390625
4.584596157073975	4.5529866218566895	0.031609535217285156
4.546719551086426	4.470560550689697	0.07615900039672852
4.754680633544922	4.750172138214111	0.004508495330810547
4.447119235992432	4.301756381988525	0.14536285400390625
4.656741619110107	4.660741329193115	-0.0039997100830078125
4.4027485847473145	4.469139575958252	-0.0663909912109375
4.763495922088623	4.764703750610352	-0.0012078285217285156
4.403127670288086	4.331542491912842	0.07158517837524414
4.69488000869751	4.616722583770752	0.07815742492675781
4.748533725738525	4.741501808166504	0.007031917572021484
4.645599842071533	4.690510272979736	-0.044910430908203125
4.846889495849609	4.880584239959717	-0.03369474411010742
4.7709503173828125	4.77058219909668	0.0003681182861328125
4.7833356857299805	4.78778076171875	-0.004445075988769531
4.325649738311768	4.2976531982421875	0.027996540069580078
4.56158971786499	4.510100364685059	0.05148935317993164
4.6716742515563965	4.701805591583252	-0.03013134002685547
4.7483320236206055	4.747793674468994	0.0005383491516113281
4.768312454223633	4.759239673614502	0.00907278060913086
4.686059474945068	4.663950443267822	0.022109031677246094
4.452768802642822	4.461526393890381	-0.008757591247558594
4.604298114776611	4.445772171020508	0.15852594375610352
4.731494903564453	4.675790309906006	0.055704593658447266
4.695874214172363	4.752749919891357	-0.05687570571899414
4.275460720062256	4.225179672241211	0.05028104782104492
4.566615104675293	4.575242042541504	-0.008626937866210938
4.239164352416992	3.8973703384399414	0.3417940139770508
4.3600077629089355	4.066442012786865	0.2935657501220703
4.583073616027832	4.5839924812316895	-0.0009188652038574219
4.433960437774658	4.3466105461120605	0.08734989166259766
4.604465961456299	4.650382995605469	-0.04591703414916992
4.682483196258545	4.642994403839111	0.039488792419433594
4.697115421295166	4.754642486572266	-0.05752706527709961
4.595900535583496	4.616981029510498	-0.021080493927001953
4.5179643630981445	4.459177494049072	0.058786869049072266
4.68228006362915	4.561849117279053	0.12043094635009766
4.731226921081543	4.748701572418213	-0.017474651336669922
4.606924533843994	4.530158996582031	0.07676553726196289
4.397390365600586	4.2648396492004395	0.13255071640014648
4.706173896789551	4.725312232971191	-0.019138336181640625
4.617590427398682	4.613853931427002	0.0037364959716796875
4.865760803222656	4.846156597137451	0.019604206085205078
4.440885543823242	4.361513614654541	0.07937192916870117
4.337290287017822	4.321574687957764	0.015715599060058594
4.826206684112549	4.83089017868042	-0.004683494567871094
4.347928524017334	4.360626220703125	-0.012697696685791016
4.416206359863281	4.211259841918945	0.20494651794433594
4.6689910888671875	4.637906074523926	0.03108501434326172
4.845583915710449	4.849080562591553	-0.0034966468811035156
4.675021648406982	4.6476359367370605	0.027385711669921875
4.493373394012451	4.469381332397461	0.023992061614990234
4.359039783477783	4.228221416473389	0.13081836700439453
4.818831443786621	4.794186592102051	0.024644851684570312
4.611531734466553	4.511465549468994	0.1000661849975586
4.85308313369751	4.7495012283325195	0.10358190536499023
4.683622360229492	4.7099385261535645	-0.026316165924072266
4.459881782531738	4.446075916290283	0.013805866241455078
4.670002460479736	4.599879741668701	0.07012271881103516
4.683589458465576	4.7003889083862305	-0.016799449920654297
4.3908514976501465	4.243615627288818	0.14723587036132812
4.521151065826416	4.475738525390625	0.045412540435791016
4.619965076446533	4.57384729385376	0.04611778259277344
4.5193095207214355	4.416031837463379	0.10327768325805664
4.751949787139893	4.7691850662231445	-0.017235279083251953
4.530898094177246	4.6338725090026855	-0.10297441482543945
4.349085330963135	4.419111728668213	-0.07002639770507812
4.675032138824463	4.680325984954834	-0.005293846130371094
4.353414058685303	4.285135746002197	0.06827831268310547
4.647448539733887	4.65962028503418	-0.012171745300292969
4.705506801605225	4.718025207519531	-0.01251840591430664
4.568146705627441	4.5041680335998535	0.06397867202758789
4.401034832000732	4.353021621704102	0.04801321029663086
4.854719161987305	4.857900619506836	-0.00318145751953125
4.381734371185303	4.421131610870361	-0.039397239685058594
4.361573696136475	4.198165416717529	0.1634082794189453
4.702817440032959	4.701984882354736	0.0008325576782226562
4.297471523284912	4.257236957550049	0.04023456573486328
4.508408546447754	4.455873966217041	0.05253458023071289
4.706067085266113	4.718321800231934	-0.012254714965820312
4.719017028808594	4.748991966247559	-0.029974937438964844
4.686817646026611	4.667560577392578	0.019257068634033203
4.424113750457764	4.4307684898376465	-0.0066547393798828125
4.278112411499023	3.902243137359619	0.3758692741394043
4.685537815093994	4.586376667022705	0.09916114807128906
4.528451919555664	4.487553119659424	0.040898799896240234
4.388221263885498	4.340637683868408	0.047583580017089844
4.657129764556885	4.672296047210693	-0.015166282653808594
4.560339450836182	4.330387115478516	0.22995233535766602
4.358022212982178	4.364476680755615	-0.0064544677734375
4.332775592803955	4.2614970207214355	0.07127857208251953
4.463724136352539	4.464134216308594	-0.0004100799560546875
4.836970806121826	4.825407028198242	0.011563777923583984
4.667524814605713	4.585052013397217	0.0824728012084961
4.85426664352417	4.886333465576172	-0.03206682205200195
4.6674604415893555	4.618577003479004	0.04888343811035156
4.499830722808838	4.330294132232666	0.16953659057617188
4.464931488037109	4.4586501121521	0.006281375885009766
4.612842082977295	4.633214473724365	-0.020372390747070312
4.816563129425049	4.7665581703186035	0.05000495910644531
4.526805400848389	4.360989570617676	0.1658158302307129
4.665402412414551	4.6468892097473145	0.018513202667236328
4.2894415855407715	4.0185627937316895	0.27087879180908203
4.777790069580078	4.813164234161377	-0.03537416458129883
4.544033527374268	4.54385232925415	0.0001811981201171875
4.505156517028809	4.518890380859375	-0.013733863830566406
4.653409957885742	4.658352851867676	-0.004942893981933594
4.785899639129639	4.7625579833984375	0.023341655731201172
4.401584625244141	4.342358112335205	0.05922651290893555
4.702459812164307	4.578794956207275	0.12366485595703125
4.792279243469238	4.610127925872803	0.18215131759643555
4.656528472900391	4.717667102813721	-0.06113862991333008
4.863007068634033	4.809342384338379	0.0536646842956543
4.618295669555664	4.5813117027282715	0.03698396682739258
4.789694309234619	4.7151103019714355	0.0745840072631836
4.57012414932251	4.657430648803711	-0.08730649948120117
4.548849105834961	4.555442810058594	-0.0065937042236328125
4.616272449493408	4.614541530609131	0.0017309188842773438
4.389560699462891	4.374481201171875	0.015079498291015625
4.32215690612793	4.347873687744141	-0.025716781616210938
4.513066291809082	4.392347812652588	0.12071847915649414
4.500129699707031	4.4849066734313965	0.015223026275634766
4.619393348693848	4.568077564239502	0.0513157844543457
4.904326438903809	4.907698154449463	-0.003371715545654297
4.636126518249512	4.386335372924805	0.24979114532470703
4.817795276641846	4.807039737701416	0.010755538940429688
4.684650897979736	4.741204738616943	-0.05655384063720703
4.5997419357299805	4.619859218597412	-0.02011728286743164
4.711677551269531	4.535501003265381	0.1761765480041504
4.646542549133301	4.584649562835693	0.06189298629760742
4.347445964813232	4.374999523162842	-0.027553558349609375
4.416018486022949	4.410543441772461	0.005475044250488281
4.816323280334473	4.789953231811523	0.02637004852294922
4.291072845458984	4.309973239898682	-0.018900394439697266
4.526286602020264	4.568679332733154	-0.042392730712890625
4.737380027770996	4.74207067489624	-0.004690647125244141
4.84940242767334	4.857198238372803	-0.007795810699462891
4.590975284576416	4.5777997970581055	0.013175487518310547
4.8122429847717285	4.796137809753418	0.016105175018310547
4.412261009216309	4.4131951332092285	-0.0009341239929199219
4.6486687660217285	4.413478374481201	0.23519039154052734
4.7074103355407715	4.7585930824279785	-0.05118274688720703
4.715141773223877	4.739441871643066	-0.024300098419189453
4.508763313293457	4.480393886566162	0.028369426727294922
4.803825855255127	4.813684940338135	-0.009859085083007812
4.7840046882629395	4.801018714904785	-0.017014026641845703
4.674187660217285	4.5655059814453125	0.10868167877197266
4.377829074859619	4.079483509063721	0.29834556579589844
4.643488883972168	4.547967433929443	0.09552145004272461
4.65618371963501	4.498307704925537	0.15787601470947266
4.697099208831787	4.4511799812316895	0.24591922760009766
4.799951553344727	4.771337032318115	0.028614521026611328
4.555006980895996	4.531369209289551	0.023637771606445312
4.601775169372559	4.62894868850708	-0.027173519134521484
4.478744029998779	4.310636520385742	0.1681075096130371
4.223963260650635	4.232702732086182	-0.008739471435546875
4.728982925415039	4.72952127456665	-0.0005383491516113281
4.703790664672852	4.71862268447876	-0.014832019805908203
4.728325366973877	4.7063212394714355	0.022004127502441406
4.736360549926758	4.7358198165893555	0.0005407333374023438
4.665915012359619	4.518089771270752	0.1478252410888672
4.478866100311279	4.49566125869751	-0.01679515838623047
4.4775567054748535	4.512147426605225	-0.034590721130371094
4.42544412612915	4.424855709075928	0.0005884170532226562
4.6925435066223145	4.692594051361084	-5.054473876953125e-05
4.693175792694092	4.748987197875977	-0.055811405181884766
4.708974838256836	4.666066646575928	0.0429081916809082
4.590010166168213	4.574834823608398	0.015175342559814453
4.14655065536499	4.139673709869385	0.006876945495605469
4.606919765472412	4.540343284606934	0.06657648086547852
4.30767297744751	4.225051403045654	0.08262157440185547
4.725280284881592	4.7011895179748535	0.02409076690673828
4.728739261627197	4.784964084625244	-0.056224822998046875
4.561173915863037	4.478308200836182	0.08286571502685547
4.681881904602051	4.663023471832275	0.01885843276977539
4.802383899688721	4.838747024536133	-0.03636312484741211
4.642572402954102	4.588779926300049	0.053792476654052734
4.778174877166748	4.672468662261963	0.10570621490478516
4.77581787109375	4.694628715515137	0.08118915557861328
4.470334053039551	4.132739543914795	0.33759450912475586
4.5266947746276855	4.502751350402832	0.023943424224853516
4.694561004638672	4.7496113777160645	-0.05505037307739258
4.787310600280762	4.797269344329834	-0.009958744049072266
4.68745231628418	4.762328624725342	-0.07487630844116211
4.412681579589844	4.45734977722168	-0.04466819763183594
4.646867752075195	4.643738269805908	0.0031294822692871094
4.878004550933838	4.891892910003662	-0.013888359069824219
4.52236270904541	4.511696815490723	0.0106658935546875
4.7264018058776855	4.724323272705078	0.002078533172607422
4.607732772827148	4.557566165924072	0.05016660690307617
4.376481533050537	4.036710262298584	0.3397712707519531
4.607639312744141	4.62088680267334	-0.013247489929199219
4.775978088378906	4.76480770111084	0.011170387268066406
4.664829254150391	4.673383712768555	-0.008554458618164062
4.233119964599609	4.008383274078369	0.22473669052124023
4.892668724060059	4.890772819519043	0.001895904541015625
4.388646125793457	4.375443935394287	0.013202190399169922
4.402786731719971	4.414087295532227	-0.01130056381225586
4.672813415527344	4.68166971206665	-0.00885629653930664
4.708345890045166	4.571638584136963	0.13670730590820312
4.540102958679199	4.39725923538208	0.14284372329711914
4.736454010009766	4.660560607910156	0.07589340209960938
4.503209590911865	4.100124359130859	0.40308523178100586
4.553689479827881	4.364867687225342	0.18882179260253906
4.607838153839111	4.631083011627197	-0.023244857788085938
4.5734686851501465	4.62459659576416	-0.05112791061401367
4.4562153816223145	4.4641499519348145	-0.0079345703125
4.727706432342529	4.717398166656494	0.010308265686035156
4.716719150543213	4.703335285186768	0.013383865356445312
4.434518814086914	4.4583740234375	-0.023855209350585938
4.62865686416626	4.608491897583008	0.020164966583251953
4.669061183929443	4.7152252197265625	-0.04616403579711914
4.521257400512695	4.615421295166016	-0.09416389465332031
4.377783298492432	4.059619426727295	0.3181638717651367
4.658811092376709	4.619434833526611	0.039376258850097656
4.750887393951416	4.4727349281311035	0.2781524658203125
4.52141809463501	4.410025119781494	0.11139297485351562
4.529435634613037	4.564413070678711	-0.03497743606567383
4.715569496154785	4.732818603515625	-0.017249107360839844
4.864071369171143	4.936817646026611	-0.07274627685546875
4.361929416656494	4.128810405731201	0.23311901092529297
4.738857746124268	4.706736087799072	0.03212165832519531
4.502424716949463	4.340301990509033	0.1621227264404297
4.637584209442139	4.404298305511475	0.23328590393066406
4.644143581390381	4.662069320678711	-0.017925739288330078
4.584721088409424	4.525976657867432	0.05874443054199219
4.475958347320557	4.4219231605529785	0.054035186767578125
4.632144451141357	4.609927177429199	0.022217273712158203
4.314671993255615	4.137038230895996	0.17763376235961914
4.653703689575195	4.765010833740234	-0.11130714416503906
4.727059364318848	4.636971950531006	0.0900874137878418
4.509493350982666	4.3774189949035645	0.13207435607910156
4.414340019226074	4.374722003936768	0.03961801528930664
4.5876851081848145	4.164198398590088	0.42348670959472656
4.842519283294678	4.8310866355896	0.011432647705078125
4.4986891746521	4.34210205078125	0.1565871238708496
4.714340686798096	4.7720561027526855	-0.057715415954589844
4.365621566772461	4.397740840911865	-0.0321192741394043
4.557334899902344	4.283311367034912	0.27402353286743164
4.816512107849121	4.735089302062988	0.08142280578613281
4.500677585601807	4.486044883728027	0.014632701873779297
4.413244247436523	4.459880828857422	-0.04663658142089844
4.660938739776611	4.707289695739746	-0.046350955963134766
4.386515140533447	4.255239963531494	0.13127517700195312
4.640044212341309	4.663149356842041	-0.023105144500732422
4.473124980926514	4.276864051818848	0.19626092910766602
4.609130382537842	4.540309906005859	0.06882047653198242
4.467749118804932	4.099575519561768	0.36817359924316406
4.810288906097412	4.789741516113281	0.02054738998413086
4.683769226074219	4.596597194671631	0.08717203140258789
4.604330539703369	4.667633056640625	-0.06330251693725586
4.638998985290527	4.455464839935303	0.1835341453552246
4.554999828338623	4.4725446701049805	0.08245515823364258
4.622127532958984	4.551411151885986	0.07071638107299805
4.6464152336120605	4.645018100738525	0.0013971328735351562
4.824630260467529	4.813330173492432	0.011300086975097656
4.705294132232666	4.659042835235596	0.04625129699707031
4.904554843902588	4.899528503417969	0.005026340484619141
4.730806350708008	4.663748264312744	0.06705808639526367
4.716637134552002	4.655735492706299	0.060901641845703125
4.239833354949951	4.15498161315918	0.08485174179077148
4.785134315490723	4.748239040374756	0.0368952751159668
4.647120952606201	4.262368679046631	0.3847522735595703
4.7064619064331055	4.715117931365967	-0.008656024932861328
4.642527103424072	4.546623706817627	0.09590339660644531
4.443881034851074	4.304563045501709	0.13931798934936523
4.291751384735107	4.085818767547607	0.2059326171875
4.6240434646606445	4.684916019439697	-0.060872554779052734
4.63545560836792	4.589634418487549	0.045821189880371094
4.792430877685547	4.807774066925049	-0.015343189239501953
4.471541404724121	4.484278678894043	-0.012737274169921875
4.340418815612793	4.22194242477417	0.11847639083862305
4.345107555389404	4.238077640533447	0.10702991485595703
4.723168849945068	4.772275447845459	-0.049106597900390625
4.304589748382568	4.171901702880859	0.13268804550170898
4.372093200683594	4.374356746673584	-0.0022635459899902344
4.626839637756348	4.573301315307617	0.05353832244873047
4.587255954742432	4.512751579284668	0.07450437545776367
4.852176189422607	4.869418144226074	-0.017241954803466797
4.80967903137207	4.843006610870361	-0.033327579498291016
4.486490726470947	4.305963039398193	0.1805276870727539
4.4873528480529785	4.455955505371094	0.031397342681884766
4.52982759475708	4.6045823097229	-0.07475471496582031
4.68319034576416	4.627683639526367	0.05550670623779297
4.550082683563232	4.0862717628479	0.46381092071533203
4.624464988708496	4.509627819061279	0.1148371696472168
4.481040000915527	4.237358570098877	0.2436814308166504
4.54872465133667	4.4712018966674805	0.07752275466918945
4.557624816894531	4.608922481536865	-0.051297664642333984
4.587133884429932	4.594912052154541	-0.007778167724609375
4.515463352203369	4.509677410125732	0.005785942077636719
4.652822971343994	4.651995658874512	0.0008273124694824219
4.700110912322998	4.7000732421875	3.7670135498046875e-05
4.519324779510498	4.52468729019165	-0.005362510681152344
4.511119842529297	4.568818092346191	-0.05769824981689453
4.546907901763916	4.380181312561035	0.16672658920288086
4.509324073791504	4.475811958312988	0.033512115478515625
4.858018398284912	4.889039516448975	-0.0310211181640625
4.58123779296875	4.551180362701416	0.030057430267333984
4.660012245178223	4.5998945236206055	0.06011772155761719
4.389385223388672	4.323160171508789	0.06622505187988281
4.1939473152160645	4.093716144561768	0.10023117065429688
4.645063877105713	4.61622953414917	0.02883434295654297
4.688691139221191	4.769288063049316	-0.080596923828125
4.547762393951416	4.504103183746338	0.043659210205078125
4.814848899841309	4.880767822265625	-0.0659189224243164
4.1761579513549805	4.127936840057373	0.04822111129760742
4.729237079620361	4.745910167694092	-0.01667308807373047
4.665727615356445	4.6785712242126465	-0.012843608856201172
4.552816867828369	4.5593061447143555	-0.006489276885986328
4.237123966217041	4.113997459411621	0.12312650680541992
4.698668479919434	4.70133638381958	-0.0026679039001464844
4.54758358001709	4.42848539352417	0.11909818649291992
4.749009132385254	4.791769027709961	-0.04275989532470703
4.235342025756836	4.201416015625	0.03392601013183594
4.476177215576172	4.42925500869751	0.04692220687866211
4.562355041503906	4.564527988433838	-0.0021729469299316406
4.828382968902588	4.830831527709961	-0.002448558807373047
4.462812423706055	4.328261375427246	0.1345510482788086
4.486135959625244	4.316500663757324	0.16963529586791992
4.398102283477783	4.284425735473633	0.11367654800415039
4.506665229797363	4.563758373260498	-0.057093143463134766
4.615688323974609	4.6521220207214355	-0.03643369674682617
4.716699600219727	4.6237688064575195	0.09293079376220703
4.479127883911133	4.485476493835449	-0.006348609924316406
4.450537204742432	4.438177108764648	0.012360095977783203
4.463185787200928	4.40857458114624	0.0546112060546875
4.722610950469971	4.744616508483887	-0.022005558013916016
4.6468939781188965	4.624022006988525	0.022871971130371094
4.742740631103516	4.781215667724609	-0.03847503662109375
4.339686870574951	4.227118492126465	0.11256837844848633
4.678116321563721	4.643599510192871	0.03451681137084961
4.634958267211914	4.709285259246826	-0.07432699203491211
4.489133358001709	4.411047458648682	0.07808589935302734
4.642142295837402	4.593441009521484	0.04870128631591797
4.667074203491211	4.691620349884033	-0.024546146392822266
4.601831436157227	4.646326065063477	-0.04449462890625
4.463229179382324	4.548797607421875	-0.08556842803955078
4.655256748199463	4.465726375579834	0.1895303726196289
4.09613561630249	3.844726800918579	0.25140881538391113
4.64933967590332	4.585995197296143	0.06334447860717773
4.573313236236572	4.553471088409424	0.019842147827148438
4.775091648101807	4.533072471618652	0.2420191764831543
4.502989292144775	4.541454315185547	-0.038465023040771484
4.64760160446167	4.764379978179932	-0.11677837371826172
4.438902854919434	4.502333164215088	-0.0634303092956543
4.746170520782471	4.717878818511963	0.028291702270507812
4.724679946899414	4.660041809082031	0.06463813781738281
4.421294689178467	4.443979263305664	-0.022684574127197266
4.507606506347656	4.515328884124756	-0.007722377777099609
4.643525123596191	4.6247878074646	0.018737316131591797
4.466332912445068	4.443924903869629	0.022408008575439453
4.520004749298096	4.467007160186768	0.052997589111328125
4.6607184410095215	4.675469875335693	-0.014751434326171875
4.650418281555176	4.665695667266846	-0.015277385711669922
4.614304542541504	4.565748691558838	0.048555850982666016
4.543977737426758	4.4893574714660645	0.05462026596069336
4.867773532867432	4.865207672119141	0.0025658607482910156
4.650732517242432	4.469203472137451	0.18152904510498047
4.25385046005249	4.232863903045654	0.020986557006835938
4.580893039703369	4.522751331329346	0.05814170837402344
4.266808986663818	4.346890926361084	-0.08008193969726562
4.586302757263184	4.699758529663086	-0.11345577239990234
4.716394424438477	4.747978210449219	-0.03158378601074219
4.893016338348389	4.839251518249512	0.05376482009887695
4.513404846191406	4.5942606925964355	-0.0808558464050293
4.692595958709717	4.682713985443115	0.009881973266601562
4.35779333114624	4.269160270690918	0.08863306045532227
4.779387474060059	4.7393341064453125	0.040053367614746094
4.774438858032227	4.759247303009033	0.01519155502319336
4.8294196128845215	4.84299898147583	-0.013579368591308594
4.456099510192871	4.397192478179932	0.05890703201293945
4.575037002563477	4.426905155181885	0.1481318473815918
4.200887680053711	4.102782249450684	0.09810543060302734
4.379329681396484	4.286221504211426	0.0931081771850586
4.650901794433594	4.311262607574463	0.33963918685913086
4.673794269561768	4.741308689117432	-0.06751441955566406
4.648538589477539	4.47980260848999	0.16873598098754883
4.551270961761475	4.540543079376221	0.010727882385253906
4.676485061645508	4.6397809982299805	0.036704063415527344
4.538913249969482	4.551010608673096	-0.012097358703613281
4.767722129821777	4.784045219421387	-0.016323089599609375
4.266234874725342	4.151437282562256	0.11479759216308594
4.547304630279541	4.536140441894531	0.011164188385009766
4.674863338470459	4.511370658874512	0.16349267959594727
4.430797100067139	4.4477763175964355	-0.016979217529296875
4.647511959075928	4.651901721954346	-0.004389762878417969
4.65775728225708	4.6439948081970215	0.013762474060058594
4.821016788482666	4.791313171386719	0.029703617095947266
4.514505863189697	4.516200065612793	-0.0016942024230957031
4.664639949798584	4.671388149261475	-0.006748199462890625
4.441067218780518	4.226530075073242	0.2145371437072754
4.643075466156006	4.5726447105407715	0.07043075561523438
4.408573627471924	4.3438801765441895	0.06469345092773438
4.884806156158447	4.875224590301514	0.009581565856933594
4.4629693031311035	4.450262069702148	0.012707233428955078
4.735595226287842	4.755131244659424	-0.01953601837158203
4.768300533294678	4.780889987945557	-0.012589454650878906
4.474271774291992	4.565258026123047	-0.09098625183105469
4.729850769042969	4.69281530380249	0.037035465240478516
4.356034278869629	4.34501838684082	0.011015892028808594
4.419389724731445	4.337372779846191	0.0820169448852539
4.725607872009277	4.727171421051025	-0.0015635490417480469
4.39138126373291	4.395755290985107	-0.004374027252197266
4.8307366371154785	4.742332935333252	0.08840370178222656
4.492687702178955	4.401944637298584	0.0907430648803711
4.8340067863464355	4.802910804748535	0.03109598159790039
4.892953395843506	4.891332149505615	0.001621246337890625
4.840230464935303	4.824503421783447	0.01572704315185547
4.829458236694336	4.791168212890625	0.03829002380371094
4.354058742523193	4.355265140533447	-0.0012063980102539062
4.597353935241699	4.358907222747803	0.23844671249389648
4.49014949798584	4.3473381996154785	0.14281129837036133
4.623167514801025	4.603091239929199	0.020076274871826172
4.792750835418701	4.676846027374268	0.1159048080444336
4.742443561553955	4.535489082336426	0.2069544792175293
4.770008563995361	4.780902862548828	-0.010894298553466797
4.682243347167969	4.61730432510376	0.06493902206420898
4.544947147369385	4.494851589202881	0.050095558166503906
4.855721473693848	4.874510288238525	-0.018788814544677734
4.211048603057861	4.37990140914917	-0.1688528060913086
4.834724426269531	4.845973491668701	-0.011249065399169922
4.834587574005127	4.730120658874512	0.10446691513061523
4.454294681549072	4.383284091949463	0.07101058959960938
4.561703681945801	4.543339729309082	0.01836395263671875
4.692735195159912	4.67080020904541	0.021934986114501953
4.59409761428833	4.575136661529541	0.018960952758789062
4.446503639221191	4.4262309074401855	0.02027273178100586
4.2647175788879395	4.295847415924072	-0.031129837036132812
4.327967643737793	4.237367630004883	0.09060001373291016
4.621790409088135	4.603457927703857	0.018332481384277344
4.640598773956299	4.403399467468262	0.2371993064880371
4.643786430358887	4.497957706451416	0.1458287239074707
4.7487711906433105	4.72141170501709	0.027359485626220703
4.608170509338379	4.5919013023376465	0.016269207000732422
4.57547664642334	4.4940361976623535	0.08144044876098633
4.836445331573486	4.892608165740967	-0.05616283416748047
4.400885105133057	4.32234525680542	0.07853984832763672
4.567656993865967	4.39759635925293	0.1700606346130371
4.480624675750732	4.328347206115723	0.15227746963500977
4.792147636413574	4.777233600616455	0.01491403579711914
4.834042549133301	4.853736400604248	-0.019693851470947266
4.355522632598877	4.310637950897217	0.044884681701660156
4.796159267425537	4.77447509765625	0.02168416976928711
4.497961044311523	4.151553153991699	0.3464078903198242
4.718808650970459	4.6788530349731445	0.03995561599731445
4.389615058898926	4.360045909881592	0.029569149017333984
4.531473159790039	4.577103614807129	-0.045630455017089844
4.610421180725098	4.5099310874938965	0.10049009323120117
4.551840782165527	4.433279514312744	0.1185612678527832
4.214616775512695	4.222230911254883	-0.0076141357421875
4.640724182128906	4.538187026977539	0.10253715515136719
4.7764081954956055	4.707717418670654	0.06869077682495117
4.513121604919434	4.508941650390625	0.004179954528808594
4.617428302764893	4.535157680511475	0.08227062225341797
4.530700206756592	4.273746490478516	0.25695371627807617
4.548408031463623	4.54603910446167	0.002368927001953125
4.780311584472656	4.880677700042725	-0.10036611557006836
4.478536128997803	4.231404781341553	0.24713134765625
4.69790506362915	4.597349643707275	0.100555419921875
4.677882671356201	4.638569355010986	0.039313316345214844
4.79941987991333	4.805613040924072	-0.0061931610107421875
4.7007575035095215	4.658059597015381	0.042697906494140625
4.710904598236084	4.738651275634766	-0.02774667739868164
4.666728496551514	4.6775007247924805	-0.010772228240966797
4.725218296051025	4.684523105621338	0.0406951904296875
4.592251300811768	4.632081031799316	-0.03982973098754883
4.745905876159668	4.752068519592285	-0.0061626434326171875
4.67221736907959	4.683942794799805	-0.011725425720214844
4.6664958000183105	4.712087631225586	-0.04559183120727539
4.426426410675049	4.3903632164001465	0.036063194274902344
4.660006999969482	4.640993118286133	0.01901388168334961
4.7278733253479	4.711440086364746	0.016433238983154297
4.601150035858154	4.601900100708008	-0.0007500648498535156
4.736860275268555	4.673524856567383	0.06333541870117188
4.887026786804199	4.855588912963867	0.03143787384033203
4.2927398681640625	3.996249198913574	0.2964906692504883
4.569789886474609	4.516220569610596	0.05356931686401367
4.745525360107422	4.7469682693481445	-0.0014429092407226562
4.711411476135254	4.655569553375244	0.055841922760009766
4.564777851104736	4.452620983123779	0.11215686798095703
4.434473991394043	4.484632968902588	-0.05015897750854492
4.454134464263916	4.419872283935547	0.03426218032836914
4.375445365905762	4.3377156257629395	0.037729740142822266
4.585379123687744	4.632161617279053	-0.046782493591308594
4.604323387145996	4.564507484436035	0.03981590270996094
4.603198528289795	4.7415642738342285	-0.1383657455444336
4.094112873077393	4.012691497802734	0.0814213752746582
4.609880447387695	4.412649631500244	0.19723081588745117
4.517960071563721	4.4939422607421875	0.024017810821533203
4.442997455596924	4.451901912689209	-0.008904457092285156
4.430215835571289	4.472419738769531	-0.04220390319824219
4.452696323394775	4.4338698387146	0.01882648468017578
4.573950290679932	4.516005039215088	0.05794525146484375
4.731565475463867	4.772219657897949	-0.04065418243408203
4.60696268081665	4.4919610023498535	0.11500167846679688
4.6664204597473145	4.699881553649902	-0.03346109390258789
4.56702995300293	4.4132981300354	0.1537318229675293
4.43665075302124	4.332365036010742	0.10428571701049805
4.579373836517334	4.494149208068848	0.08522462844848633
4.896852016448975	4.89936637878418	-0.002514362335205078
4.705514430999756	4.609141826629639	0.09637260437011719
4.7581353187561035	4.73816442489624	0.01997089385986328
4.740572929382324	4.7101826667785645	0.030390262603759766
4.418120384216309	4.39782190322876	0.020298480987548828
4.680103302001953	4.746555805206299	-0.0664525032043457
4.513962268829346	4.491685390472412	0.022276878356933594
4.805792808532715	4.876433849334717	-0.07064104080200195
4.831441402435303	4.859217166900635	-0.02777576446533203
4.570626735687256	4.361260890960693	0.2093658447265625
4.515632152557373	4.442622661590576	0.07300949096679688
4.548814296722412	4.640296936035156	-0.09148263931274414
4.423092842102051	4.384340763092041	0.038752079010009766
4.5947442054748535	4.41296911239624	0.18177509307861328
4.4456095695495605	4.513944625854492	-0.06833505630493164
4.8314690589904785	4.85396671295166	-0.02249765396118164
4.649409294128418	4.693695545196533	-0.044286251068115234
4.523938179016113	4.245489597320557	0.27844858169555664
4.660322666168213	4.744923114776611	-0.08460044860839844
4.730759143829346	4.766971111297607	-0.03621196746826172
4.597564220428467	4.560781002044678	0.03678321838378906
4.767698287963867	4.738986492156982	0.028711795806884766
4.534017562866211	4.354029178619385	0.17998838424682617
4.792618274688721	4.691595554351807	0.10102272033691406
4.531490802764893	4.213323593139648	0.31816720962524414
4.691468715667725	4.690271377563477	0.0011973381042480469
4.647700309753418	4.645349502563477	0.0023508071899414062
4.650498390197754	4.652970314025879	-0.002471923828125
4.754241466522217	4.77122688293457	-0.016985416412353516
4.476221561431885	4.417914390563965	0.05830717086791992
4.354934215545654	4.322201251983643	0.03273296356201172
4.41798210144043	4.370331764221191	0.04765033721923828
4.549158573150635	4.480166912078857	0.06899166107177734
4.840610027313232	4.838629245758057	0.0019807815551757812
4.543247222900391	4.53276252746582	0.010484695434570312
4.776836395263672	4.795071601867676	-0.018235206604003906
4.517870903015137	4.40022611618042	0.1176447868347168
4.217536449432373	4.094573020935059	0.12296342849731445
4.242252826690674	4.097278594970703	0.1449742317199707
4.350576400756836	4.402261257171631	-0.05168485641479492
4.491336345672607	4.434256076812744	0.05708026885986328
4.443813800811768	4.513153553009033	-0.06933975219726562
4.812240123748779	4.830801963806152	-0.018561840057373047
4.4582624435424805	4.423519611358643	0.03474283218383789
4.822700500488281	4.8320207595825195	-0.009320259094238281
4.681516647338867	4.542236804962158	0.13927984237670898
4.6765313148498535	4.638544082641602	0.03798723220825195
4.518910884857178	4.3921217918396	0.12678909301757812
4.620391368865967	4.635380268096924	-0.014988899230957031
4.588225364685059	4.204521179199219	0.38370418548583984
4.1334919929504395	4.101693630218506	0.031798362731933594
4.648281097412109	4.56577730178833	0.0825037956237793
4.723269939422607	4.708467483520508	0.01480245590209961
4.690553188323975	4.554991722106934	0.13556146621704102
4.723147869110107	4.723094463348389	5.340576171875e-05
4.508429050445557	4.4292073249816895	0.07922172546386719
4.587427139282227	4.439644813537598	0.1477823257446289
4.373547077178955	4.451089859008789	-0.07754278182983398
4.709522247314453	4.632413387298584	0.07710886001586914
4.575793743133545	4.541746616363525	0.03404712677001953
4.8489670753479	4.890951633453369	-0.04198455810546875
4.534895420074463	4.533376216888428	0.0015192031860351562
4.590861797332764	4.537335395812988	0.05352640151977539
4.672264099121094	4.575605869293213	0.09665822982788086
4.441241264343262	4.4767069816589355	-0.03546571731567383
4.602645397186279	4.6555657386779785	-0.05292034149169922
4.567428112030029	4.620121479034424	-0.05269336700439453
4.3886399269104	4.443833827972412	-0.05519390106201172
4.6466498374938965	4.62266731262207	0.023982524871826172
4.836084365844727	4.7953996658325195	0.04068470001220703
4.6333489418029785	4.596071720123291	0.0372772216796875
4.558163166046143	4.452966213226318	0.10519695281982422
4.503756523132324	4.554549694061279	-0.05079317092895508
4.213846206665039	4.102753162384033	0.11109304428100586
4.586161136627197	4.610611915588379	-0.02445077896118164
4.414000034332275	4.44745397567749	-0.033453941345214844
4.860472679138184	4.9361982345581055	-0.07572555541992188
4.6925272941589355	4.688537120819092	0.00399017333984375
4.6485819816589355	4.568605899810791	0.07997608184814453
4.799429893493652	4.804261684417725	-0.004831790924072266
4.286635875701904	3.9766273498535156	0.31000852584838867
4.5870561599731445	4.632349491119385	-0.045293331146240234
4.66813325881958	4.428372859954834	0.2397603988647461
4.43741512298584	4.458241939544678	-0.02082681655883789
4.500311851501465	4.378306865692139	0.12200498580932617
4.719898223876953	4.638503551483154	0.08139467239379883
4.414618492126465	4.2688751220703125	0.14574337005615234
4.712867736816406	4.756852626800537	-0.04398488998413086
4.451534271240234	4.4902729988098145	-0.03873872756958008
4.547152996063232	4.545311450958252	0.0018415451049804688
4.712953090667725	4.616739749908447	0.09621334075927734
4.483853816986084	4.445943832397461	0.03790998458862305
4.612478733062744	4.66777229309082	-0.05529356002807617
4.664713382720947	4.617120265960693	0.047593116760253906
4.640097618103027	4.532782554626465	0.1073150634765625
4.807563304901123	4.731203556060791	0.07635974884033203
4.647457599639893	4.108998775482178	0.5384588241577148
4.644263744354248	4.464756011962891	0.17950773239135742
4.881470680236816	4.8938751220703125	-0.012404441833496094
4.36273717880249	4.351052284240723	0.011684894561767578
4.728572845458984	4.7360944747924805	-0.007521629333496094
4.724213123321533	4.677351474761963	0.04686164855957031
4.687991619110107	4.542274475097656	0.14571714401245117
4.59627103805542	4.4573493003845215	0.13892173767089844
4.242520809173584	4.1534318923950195	0.08908891677856445
4.623338222503662	4.665050506591797	-0.041712284088134766
4.617947101593018	4.53262996673584	0.08531713485717773
4.5332112312316895	4.5240654945373535	0.009145736694335938
4.769222259521484	4.762472152709961	0.0067501068115234375
4.687981605529785	4.637933731079102	0.050047874450683594
4.3736162185668945	4.352829456329346	0.020786762237548828
4.7922892570495605	4.7899017333984375	0.002387523651123047
4.5557169914245605	4.5253682136535645	0.030348777770996094
4.421245574951172	4.028160572052002	0.3930850028991699
4.682161331176758	4.588500499725342	0.09366083145141602
4.752085208892822	4.703202724456787	0.048882484436035156
4.437685966491699	4.437458515167236	0.00022745132446289062
4.564662456512451	4.569063186645508	-0.004400730133056641
4.346546649932861	4.278597354888916	0.06794929504394531
4.6791300773620605	4.697039604187012	-0.017909526824951172
4.822729587554932	4.787083148956299	0.03564643859863281
4.31317663192749	4.298154830932617	0.015021800994873047
4.741021633148193	4.703240871429443	0.03778076171875
4.289501667022705	4.273926258087158	0.015575408935546875
4.6379289627075195	4.58758020401001	0.050348758697509766
4.636234760284424	4.6038103103637695	0.0324244499206543
4.67034387588501	4.648763179779053	0.02158069610595703
4.323192596435547	4.140779972076416	0.18241262435913086
4.547184944152832	4.491713523864746	0.05547142028808594
4.599393844604492	4.535032272338867	0.064361572265625
4.750568389892578	4.774294376373291	-0.02372598648071289
4.3356547355651855	4.334249496459961	0.0014052391052246094
4.5430216789245605	4.5543389320373535	-0.011317253112792969
4.550816535949707	4.514794826507568	0.03602170944213867
4.63947057723999	4.631436824798584	0.00803375244140625
4.541232585906982	4.461630344390869	0.07960224151611328
4.6603288650512695	4.5992751121521	0.06105375289916992
4.670988082885742	4.656760215759277	0.014227867126464844
4.6332550048828125	4.6606364250183105	-0.027381420135498047
4.509109973907471	4.489818096160889	0.01929187774658203
4.704768180847168	4.720122337341309	-0.015354156494140625
4.60733699798584	4.061159133911133	0.546177864074707
4.482652187347412	4.526708126068115	-0.044055938720703125
4.262319564819336	4.219288349151611	0.04303121566772461
4.657164096832275	4.6689629554748535	-0.011798858642578125
4.575990676879883	4.517516136169434	0.05847454071044922
4.6598896980285645	4.547825336456299	0.11206436157226562
4.7895426750183105	4.786191463470459	0.0033512115478515625
4.491539001464844	4.501160621643066	-0.009621620178222656
4.455981731414795	4.418610095977783	0.03737163543701172
4.429373264312744	4.255996227264404	0.17337703704833984
4.622451305389404	4.535484313964844	0.08696699142456055
4.793094635009766	4.776899814605713	0.016194820404052734
4.734269618988037	4.765949726104736	-0.03168010711669922
4.49909782409668	4.484978199005127	0.014119625091552734
4.69212007522583	4.468900680541992	0.2232193946838379
4.631900787353516	4.575668811798096	0.05623197555541992
4.787022113800049	4.854272365570068	-0.06725025177001953
4.870198726654053	4.852875709533691	0.017323017120361328
4.630121231079102	4.581167697906494	0.04895353317260742
4.545351505279541	4.3915791511535645	0.15377235412597656
4.600378513336182	4.676070690155029	-0.07569217681884766
4.644790172576904	4.6911444664001465	-0.04635429382324219
4.2036027908325195	4.1718244552612305	0.03177833557128906
4.780470371246338	4.785192489624023	-0.004722118377685547
4.646450996398926	4.478034019470215	0.16841697692871094
4.238060474395752	3.96940279006958	0.2686576843261719
4.570484161376953	4.523845672607422	0.04663848876953125
4.749074459075928	4.68561315536499	0.0634613037109375
4.289731502532959	4.204989433288574	0.08474206924438477
4.528356552124023	4.567467212677002	-0.039110660552978516
4.274538993835449	4.385221481323242	-0.11068248748779297
4.662798881530762	4.660274982452393	0.0025238990783691406
4.57129430770874	4.56488561630249	0.00640869140625
4.780111789703369	4.803104877471924	-0.022993087768554688
4.379683494567871	4.243868827819824	0.13581466674804688
4.493924140930176	4.526519775390625	-0.03259563446044922
4.1143693923950195	3.935349464416504	0.17901992797851562
4.583287715911865	4.594233512878418	-0.010945796966552734
4.386234283447266	4.278745174407959	0.10748910903930664
4.65423583984375	4.644646167755127	0.009589672088623047
4.519579887390137	4.430485725402832	0.08909416198730469
4.4209370613098145	4.382997989654541	0.03793907165527344
4.708528518676758	4.681488990783691	0.027039527893066406
4.450503826141357	4.4502339363098145	0.00026988983154296875
4.8859124183654785	4.860680103302002	0.025232315063476562
4.553281307220459	4.485510349273682	0.06777095794677734
4.67763090133667	4.534307956695557	0.14332294464111328
4.325232028961182	4.298916339874268	0.026315689086914062
4.803963661193848	4.873476028442383	-0.06951236724853516
4.628849983215332	4.389834880828857	0.2390151023864746
4.596137523651123	4.568754196166992	0.02738332748413086
4.749098777770996	4.74898099899292	0.00011777877807617188
4.460710048675537	4.436435222625732	0.024274826049804688
4.544459819793701	4.601985454559326	-0.057525634765625
4.412241458892822	4.457305431365967	-0.04506397247314453
4.396550178527832	4.389466762542725	0.007083415985107422
4.735682964324951	4.691074848175049	0.044608116149902344
4.549160480499268	4.565361499786377	-0.016201019287109375
4.791022300720215	4.780379295349121	0.01064300537109375
4.818490505218506	4.826026439666748	-0.0075359344482421875
4.413025856018066	4.3972086906433105	0.01581716537475586
4.6788835525512695	4.7239460945129395	-0.04506254196166992
4.61561393737793	4.595745086669922	0.019868850708007812
4.835387229919434	4.876978397369385	-0.04159116744995117
4.231926918029785	4.088197231292725	0.14372968673706055
4.762156009674072	4.815531253814697	-0.053375244140625
4.836908340454102	4.686268329620361	0.15064001083374023
4.516501426696777	4.503541469573975	0.012959957122802734
4.392927646636963	4.384028434753418	0.008899211883544922
4.692288875579834	4.781350135803223	-0.08906126022338867
4.530550479888916	4.615982532501221	-0.08543205261230469
4.57073974609375	4.236578464508057	0.33416128158569336
4.8534088134765625	4.863759517669678	-0.010350704193115234
4.4865403175354	4.313480377197266	0.17305994033813477
4.406184673309326	4.326854705810547	0.0793299674987793
4.68769645690918	4.630729675292969	0.05696678161621094
4.477550983428955	4.251784324645996	0.22576665878295898
4.5420756340026855	4.471860408782959	0.07021522521972656
4.676893711090088	4.6343793869018555	0.04251432418823242
4.679506778717041	4.723933219909668	-0.04442644119262695
4.2531914710998535	4.176431655883789	0.07675981521606445
4.225800514221191	3.9091124534606934	0.31668806076049805
4.23773193359375	4.291678428649902	-0.053946495056152344
4.644352436065674	4.461741924285889	0.18261051177978516
4.582791805267334	4.57867431640625	0.004117488861083984
4.745344161987305	4.711362361907959	0.0339818000793457
4.520813465118408	4.535499095916748	-0.014685630798339844
4.612024784088135	4.803436756134033	-0.19141197204589844
4.679201602935791	4.666901588439941	0.01230001449584961
4.788032054901123	4.740937232971191	0.04709482192993164
4.691224098205566	4.439632892608643	0.25159120559692383
4.7442708015441895	4.7725090980529785	-0.028238296508789062
4.71782922744751	4.694212436676025	0.023616790771484375
4.748065948486328	4.732907295227051	0.015158653259277344
4.616237163543701	4.519872188568115	0.09636497497558594
4.762061595916748	4.746734142303467	0.01532745361328125
4.499217987060547	4.465548992156982	0.03366899490356445
4.597294330596924	4.45581579208374	0.1414785385131836
4.7967424392700195	4.721474647521973	0.07526779174804688
4.826940059661865	4.8593292236328125	-0.032389163970947266
4.447550296783447	4.366209983825684	0.08134031295776367
4.61070442199707	4.596188545227051	0.014515876770019531
4.661613941192627	4.56933069229126	0.09228324890136719
4.303003787994385	4.335018157958984	-0.03201436996459961
4.761844635009766	4.7716240882873535	-0.00977945327758789
4.603597164154053	4.618240833282471	-0.014643669128417969
4.782619476318359	4.743715763092041	0.03890371322631836
4.406944274902344	4.361341953277588	0.04560232162475586
4.754418849945068	4.75644588470459	-0.0020270347595214844
4.663541793823242	4.514615535736084	0.1489262580871582
4.72286319732666	4.74129056930542	-0.018427371978759766
4.854853630065918	4.786496639251709	0.06835699081420898
4.543264865875244	4.515901565551758	0.027363300323486328
4.607798099517822	4.674919605255127	-0.06712150573730469
4.710852146148682	4.7104620933532715	0.00039005279541015625
4.880158424377441	4.882750034332275	-0.0025916099548339844
4.722046852111816	4.705809116363525	0.016237735748291016
4.731258869171143	4.682278156280518	0.048980712890625
4.750972270965576	4.734260559082031	0.016711711883544922
4.3956074714660645	4.451120376586914	-0.05551290512084961
4.775801181793213	4.711050510406494	0.06475067138671875
4.579954624176025	4.321970462799072	0.2579841613769531
4.724465847015381	4.681773662567139	0.04269218444824219
4.685182571411133	4.6050705909729	0.08011198043823242
4.390101432800293	4.2245001792907715	0.16560125350952148
4.638668060302734	4.676565170288086	-0.03789710998535156
4.077828884124756	3.8777124881744385	0.20011639595031738
4.848702430725098	4.860588550567627	-0.011886119842529297
4.256224155426025	4.114990234375	0.1412339210510254
4.705773830413818	4.672242641448975	0.03353118896484375
4.863953113555908	4.91813325881958	-0.054180145263671875
4.479156970977783	4.405569553375244	0.07358741760253906
4.753231525421143	4.779611110687256	-0.02637958526611328
4.578179359436035	4.4922285079956055	0.08595085144042969
4.8986897468566895	4.89055061340332	0.00813913345336914
4.508582592010498	4.3814826011657715	0.12709999084472656
4.717202186584473	4.709660053253174	0.007542133331298828
4.865835666656494	4.913438320159912	-0.04760265350341797
4.571250915527344	4.445767879486084	0.12548303604125977
4.619213581085205	4.534660339355469	0.08455324172973633
4.393198490142822	4.338905334472656	0.054293155670166016
4.620112419128418	4.472258567810059	0.14785385131835938
4.2587127685546875	4.196563243865967	0.0621495246887207
4.559807300567627	4.501682281494141	0.05812501907348633
4.594296455383301	4.50123929977417	0.09305715560913086
